{"obj": {"type": "AssignString", "path": ["sys", "name"], "value": "5-Foldtest_size_0.2"}, "version": 1, "at": 1712254134.726045}
{"obj": {"type": "AssignString", "path": ["sys", "description"], "value": ""}, "version": 2, "at": 1712254134.726346}
{"obj": {"type": "AssignString", "path": ["monitoring", "4d72a671", "hostname"], "value": "156.4.20.172.s.wireless.uri.edu"}, "version": 3, "at": 1712254134.7264671}
{"obj": {"type": "AssignString", "path": ["sys", "hostname"], "value": "156.4.20.172.s.wireless.uri.edu"}, "version": 4, "at": 1712254134.726561}
{"obj": {"type": "AssignString", "path": ["monitoring", "4d72a671", "pid"], "value": "9861"}, "version": 5, "at": 1712254134.726648}
{"obj": {"type": "AssignString", "path": ["monitoring", "4d72a671", "tid"], "value": "140704319387200"}, "version": 6, "at": 1712254134.726735}
{"obj": {"type": "AssignBool", "path": ["sys", "failed"], "value": false}, "version": 7, "at": 1712254134.726804}
{"obj": {"type": "ClearStringLog", "path": ["monitoring", "4d72a671", "stdout"]}, "version": 8, "at": 1712254134.726917}
{"obj": {"type": "ClearStringLog", "path": ["monitoring", "4d72a671", "stderr"]}, "version": 9, "at": 1712254134.7270038}
{"obj": {"type": "AssignString", "path": ["source_code", "entrypoint"], "value": "run_svm_model.py"}, "version": 10, "at": 1712254134.727494}
{"obj": {"type": "UploadFileSet", "path": ["source_code", "files"], "file_globs": ["/Users/shehjarsadhu/Desktop/UniversityOfRhodeIsland/Graduate/WBL/Project_Q2Behave/GitQ2Bheave/q2behave_data_analysis/jupyternotebooks/ML_Toolbox/run_svm_model.py"], "reset": "False"}, "version": 11, "at": 1712254134.7276201}
{"obj": {"type": "UploadFile", "path": ["source_code", "diff"], "ext": "patch", "file_path": null, "tmp_file_name": "source_code_diff-1712254148.195764-2024-04-04_14.09.08.195764.patch", "clean_after_upload": false}, "version": 12, "at": 1712254148.4768078}
{"obj": {"type": "UploadFile", "path": ["source_code", "upstream_diff_cac0a18ccd67cbb2cdd3cda60ee32391b8a28d8f"], "ext": "patch", "file_path": null, "tmp_file_name": "source_code_upstream_diff_cac0a18ccd67cbb2cdd3cda60ee32391b8a28d8f-1712254148.75927-2024-04-04_14.09.08.759270.patch", "clean_after_upload": false}, "version": 13, "at": 1712254148.973851}
{"obj": {"type": "ConfigFloatSeries", "path": ["monitoring", "4d72a671", "cpu"], "min": 0.0, "max": 100.0, "unit": "%"}, "version": 14, "at": 1712254149.06756}
{"obj": {"type": "ClearFloatLog", "path": ["monitoring", "4d72a671", "cpu"]}, "version": 15, "at": 1712254149.067838}
{"obj": {"type": "ConfigFloatSeries", "path": ["monitoring", "4d72a671", "memory"], "min": 0.0, "max": 16.0, "unit": "GB"}, "version": 16, "at": 1712254149.068044}
{"obj": {"type": "ClearFloatLog", "path": ["monitoring", "4d72a671", "memory"]}, "version": 17, "at": 1712254149.068088}
{"obj": {"type": "LogStrings", "path": ["monitoring", "4d72a671", "stderr"], "values": [{"value": "Info (NVML): NVML Shared Library Not Found. GPU usage metrics may not be reported. For more information, see https://docs.neptune.ai/help/nvml_error/\n", "step": null, "ts": 1712254149.070113}]}, "version": 18, "at": 1712254149.0701609}
{"obj": {"type": "LogFloats", "path": ["monitoring", "4d72a671", "cpu"], "values": [{"value": 64.1, "step": null, "ts": 1712254149.069215}]}, "version": 19, "at": 1712254149.0706758}
{"obj": {"type": "LogFloats", "path": ["monitoring", "4d72a671", "memory"], "values": [{"value": 9.869373321533203, "step": null, "ts": 1712254149.069215}]}, "version": 20, "at": 1712254149.0727592}
{"obj": {"type": "AssignString", "path": ["feature_list"], "value": "Index(['Filtered_Accel_X_max_power_psd', 'Filtered_Accel_X_min_power_psd',\n       'Filtered_Accel_X_skewness_power_psd',\n       'Filtered_Accel_X_kurtosis_power_psd',\n       'Filtered_Accel_X_mean_power_psd',\n       'Filtered_Accel_X_sum_freq_diff_power_psd',\n       'Filtered_Accel_X_average_power_power_psd',\n       'Filtered_Accel_Xfeature_num_peaks_power_psd',\n       'Filtered_Accel_Y_max_power_psd', 'Filtered_Accel_Y_min_power_psd',\n       'Filtered_Accel_Y_skewness_power_psd',\n       'Filtered_Accel_Y_kurtosis_power_psd',\n       'Filtered_Accel_Y_mean_power_psd',\n       'Filtered_Accel_Y_sum_freq_diff_power_psd',\n       'Filtered_Accel_Y_average_power_power_psd',\n       'Filtered_Accel_Yfeature_num_peaks_power_psd',\n       'Filtered_Accel_Z_max_power_psd', 'Filtered_Accel_Z_min_power_psd',\n       'Filtered_Accel_Z_skewness_power_psd',\n       'Filtered_Accel_Z_kurtosis_power_psd',\n       'Filtered_Accel_Z_mean_power_psd',\n       'Filtered_Accel_Z_sum_freq_diff_power_psd',\n       'Filtered_Accel_Z_average_power_power_psd',\n       'Filtered_Accel_Zfeature_num_peaks_power_psd',\n       'Filtered_Gryo_X_max_power_psd', 'Filtered_Gryo_X_min_power_psd',\n       'Filtered_Gryo_X_skewness_power_psd',\n       'Filtered_Gryo_X_kurtosis_power_psd', 'Filtered_Gryo_X_mean_power_psd',\n       'Filtered_Gryo_X_sum_freq_diff_power_psd',\n       'Filtered_Gryo_X_average_power_power_psd',\n       'Filtered_Gryo_Xfeature_num_peaks_power_psd',\n       'Filtered_Gryo_Y_max_power_psd', 'Filtered_Gryo_Y_min_power_psd',\n       'Filtered_Gryo_Y_skewness_power_psd',\n       'Filtered_Gryo_Y_kurtosis_power_psd', 'Filtered_Gryo_Y_mean_power_psd',\n       'Filtered_Gryo_Y_sum_freq_diff_power_psd',\n       'Filtered_Gryo_Y_average_power_power_psd',\n       'Filtered_Gryo_Yfeature_num_peaks_power_psd',\n       'Filtered_Gryo_Z_max_power_psd', 'Filtered_Gryo_Z_min_power_psd',\n       'Filtered_Gryo_Z_skewness_power_psd',\n       'Filtered_Gryo_Z_kurtosis_power_psd', 'Filtered_Gryo_Z_mean_power_psd',\n       'Filtered_Gryo_Z_sum_freq_diff_power_psd',\n       'Filtered_Gryo_Z_average_power_power_psd',\n       'Filtered_Gryo_Zfeature_num_peaks_power_psd', 'WindowNumber',\n       'filename', 'participantId', 'activityID', 'type', 'BehaviorCode',\n       'FeatureName'],\n      dtype='object')"}, "version": 21, "at": 1712254149.0732281}
{"obj": {"type": "AssignString", "path": ["tag"], "value": "Clus"}, "version": 22, "at": 1712254149.073507}
{"obj": {"type": "LogFloats", "path": ["monitoring", "4d72a671", "cpu"], "values": [{"value": 27.4, "step": null, "ts": 1712254159.0763252}]}, "version": 23, "at": 1712254159.0766022}
{"obj": {"type": "LogFloats", "path": ["monitoring", "4d72a671", "memory"], "values": [{"value": 9.916450500488281, "step": null, "ts": 1712254159.0763252}]}, "version": 24, "at": 1712254159.0820851}
{"obj": {"type": "LogFloats", "path": ["monitoring", "4d72a671", "cpu"], "values": [{"value": 31.0, "step": null, "ts": 1712254169.099067}]}, "version": 25, "at": 1712254169.099369}
{"obj": {"type": "LogFloats", "path": ["monitoring", "4d72a671", "memory"], "values": [{"value": 10.01529312133789, "step": null, "ts": 1712254169.099067}]}, "version": 26, "at": 1712254169.116789}
{"obj": {"type": "UploadFile", "path": ["data", "feature_table"], "ext": "html", "file_path": null, "tmp_file_name": "data_feature_table-1712254170.650739-2024-04-04_14.09.30.650739.html", "clean_after_upload": false}, "version": 27, "at": 1712254170.708305}
{"obj": {"type": "LogStrings", "path": ["monitoring", "4d72a671", "stdout"], "values": [{"value": "svm_cross_validation_with_cm():/ ========================= CV folds =========================", "step": null, "ts": 1712254170.713875}]}, "version": 28, "at": 1712254170.713907}
{"obj": {"type": "LogStrings", "path": ["monitoring", "4d72a671", "stdout"], "values": [{"value": " ", "step": null, "ts": 1712254170.714277}]}, "version": 29, "at": 1712254170.714296}
{"obj": {"type": "LogStrings", "path": ["monitoring", "4d72a671", "stdout"], "values": [{"value": "5", "step": null, "ts": 1712254170.714367}]}, "version": 30, "at": 1712254170.71438}
{"obj": {"type": "LogStrings", "path": ["monitoring", "4d72a671", "stdout"], "values": [{"value": "\n", "step": null, "ts": 1712254170.714437}]}, "version": 31, "at": 1712254170.714449}
{"obj": {"type": "LogStrings", "path": ["monitoring", "4d72a671", "stdout"], "values": [{"value": "svm_cross_validation_with_cm():/ StratifiedKFold Spliitting: m", "step": null, "ts": 1712254170.714506}]}, "version": 32, "at": 1712254170.7145169}
{"obj": {"type": "LogStrings", "path": ["monitoring", "4d72a671", "stdout"], "values": [{"value": "\n", "step": null, "ts": 1712254170.714792}]}, "version": 33, "at": 1712254170.714804}
{"obj": {"type": "LogStrings", "path": ["monitoring", "4d72a671", "stdout"], "values": [{"value": "svm_cross_validation_with_cm():/ grid_search GridSearchCV() Done...", "step": null, "ts": 1712254170.714863}]}, "version": 34, "at": 1712254170.714875}
{"obj": {"type": "LogStrings", "path": ["monitoring", "4d72a671", "stdout"], "values": [{"value": "\n", "step": null, "ts": 1712254170.7149289}]}, "version": 35, "at": 1712254170.7149389}
{"obj": {"type": "LogFloats", "path": ["monitoring", "4d72a671", "cpu"], "values": [{"value": 26.8, "step": null, "ts": 1712254183.223434}]}, "version": 36, "at": 1712254183.224697}
{"obj": {"type": "LogFloats", "path": ["monitoring", "4d72a671", "memory"], "values": [{"value": 9.891338348388672, "step": null, "ts": 1712254183.223434}]}, "version": 37, "at": 1712254183.231974}
{"obj": {"type": "LogFloats", "path": ["monitoring", "4d72a671", "cpu"], "values": [{"value": 29.9, "step": null, "ts": 1712254188.447575}]}, "version": 38, "at": 1712254188.4502459}
{"obj": {"type": "LogFloats", "path": ["monitoring", "4d72a671", "memory"], "values": [{"value": 9.902412414550781, "step": null, "ts": 1712254188.447575}]}, "version": 39, "at": 1712254188.450884}
{"obj": {"type": "LogFloats", "path": ["monitoring", "4d72a671", "cpu"], "values": [{"value": 47.6, "step": null, "ts": 1712254188.7360241}]}, "version": 40, "at": 1712254188.737495}
{"obj": {"type": "LogFloats", "path": ["monitoring", "4d72a671", "memory"], "values": [{"value": 9.913196563720703, "step": null, "ts": 1712254188.7360241}]}, "version": 41, "at": 1712254188.744531}
{"obj": {"type": "LogFloats", "path": ["monitoring", "4d72a671", "memory"], "values": [{"value": 9.926254272460938, "step": null, "ts": 1712254189.0075898}]}, "version": 42, "at": 1712254189.0093708}
{"obj": {"type": "LogFloats", "path": ["monitoring", "4d72a671", "memory"], "values": [{"value": 9.94784927368164, "step": null, "ts": 1712254189.277216}]}, "version": 43, "at": 1712254189.278668}
{"obj": {"type": "LogFloats", "path": ["monitoring", "4d72a671", "cpu"], "values": [{"value": 45.1, "step": null, "ts": 1712254189.541095}]}, "version": 44, "at": 1712254189.542749}
{"obj": {"type": "LogFloats", "path": ["monitoring", "4d72a671", "memory"], "values": [{"value": 9.959346771240234, "step": null, "ts": 1712254189.541095}]}, "version": 45, "at": 1712254189.551154}
{"obj": {"type": "LogFloats", "path": ["monitoring", "4d72a671", "cpu"], "values": [{"value": 40.9, "step": null, "ts": 1712254189.895252}]}, "version": 46, "at": 1712254189.89676}
{"obj": {"type": "LogFloats", "path": ["monitoring", "4d72a671", "memory"], "values": [{"value": 9.975933074951172, "step": null, "ts": 1712254189.895252}]}, "version": 47, "at": 1712254189.899533}
{"obj": {"type": "LogFloats", "path": ["monitoring", "4d72a671", "memory"], "values": [{"value": 9.992095947265625, "step": null, "ts": 1712254190.443458}]}, "version": 48, "at": 1712254190.444921}
{"obj": {"type": "LogFloats", "path": ["monitoring", "4d72a671", "cpu"], "values": [{"value": 41.3, "step": null, "ts": 1712254190.952904}]}, "version": 49, "at": 1712254190.954759}
{"obj": {"type": "LogFloats", "path": ["monitoring", "4d72a671", "memory"], "values": [{"value": 9.994239807128906, "step": null, "ts": 1712254190.952904}]}, "version": 50, "at": 1712254190.96047}
{"obj": {"type": "LogFloats", "path": ["monitoring", "4d72a671", "cpu"], "values": [{"value": 90.8, "step": null, "ts": 1712254200.9612281}]}, "version": 51, "at": 1712254200.961594}
{"obj": {"type": "LogFloats", "path": ["monitoring", "4d72a671", "memory"], "values": [{"value": 10.44854736328125, "step": null, "ts": 1712254200.9612281}]}, "version": 52, "at": 1712254200.962058}
{"obj": {"type": "LogFloats", "path": ["monitoring", "4d72a671", "cpu"], "values": [{"value": 89.6, "step": null, "ts": 1712254210.963678}]}, "version": 53, "at": 1712254210.9642}
{"obj": {"type": "LogFloats", "path": ["monitoring", "4d72a671", "memory"], "values": [{"value": 10.308406829833984, "step": null, "ts": 1712254210.963678}]}, "version": 54, "at": 1712254210.9646342}
{"obj": {"type": "LogFloats", "path": ["monitoring", "4d72a671", "cpu"], "values": [{"value": 87.0, "step": null, "ts": 1712254220.965476}]}, "version": 55, "at": 1712254220.965824}
{"obj": {"type": "LogFloats", "path": ["monitoring", "4d72a671", "memory"], "values": [{"value": 10.376869201660156, "step": null, "ts": 1712254220.965476}]}, "version": 56, "at": 1712254220.966401}
{"obj": {"type": "LogFloats", "path": ["monitoring", "4d72a671", "cpu"], "values": [{"value": 92.1, "step": null, "ts": 1712254230.970168}]}, "version": 57, "at": 1712254230.970554}
{"obj": {"type": "LogFloats", "path": ["monitoring", "4d72a671", "memory"], "values": [{"value": 10.290496826171875, "step": null, "ts": 1712254230.970168}]}, "version": 58, "at": 1712254230.970984}
{"obj": {"type": "LogFloats", "path": ["monitoring", "4d72a671", "cpu"], "values": [{"value": 89.8, "step": null, "ts": 1712254240.971874}]}, "version": 59, "at": 1712254240.9723089}
{"obj": {"type": "LogFloats", "path": ["monitoring", "4d72a671", "memory"], "values": [{"value": 10.203426361083984, "step": null, "ts": 1712254240.971874}]}, "version": 60, "at": 1712254240.972647}
{"obj": {"type": "LogFloats", "path": ["monitoring", "4d72a671", "cpu"], "values": [{"value": 91.3, "step": null, "ts": 1712254250.974565}]}, "version": 61, "at": 1712254250.9751198}
{"obj": {"type": "LogFloats", "path": ["monitoring", "4d72a671", "memory"], "values": [{"value": 10.303668975830078, "step": null, "ts": 1712254250.974565}]}, "version": 62, "at": 1712254250.975564}
{"obj": {"type": "LogFloats", "path": ["monitoring", "4d72a671", "cpu"], "values": [{"value": 89.5, "step": null, "ts": 1712254260.97597}]}, "version": 63, "at": 1712254260.9762712}
{"obj": {"type": "LogFloats", "path": ["monitoring", "4d72a671", "memory"], "values": [{"value": 10.245067596435547, "step": null, "ts": 1712254260.97597}]}, "version": 64, "at": 1712254260.9765959}
{"obj": {"type": "LogFloats", "path": ["monitoring", "4d72a671", "cpu"], "values": [{"value": 83.0, "step": null, "ts": 1712254270.977112}]}, "version": 65, "at": 1712254270.9774332}
{"obj": {"type": "LogFloats", "path": ["monitoring", "4d72a671", "memory"], "values": [{"value": 10.207748413085938, "step": null, "ts": 1712254270.977112}]}, "version": 66, "at": 1712254270.977762}
{"obj": {"type": "LogFloats", "path": ["monitoring", "4d72a671", "cpu"], "values": [{"value": 90.5, "step": null, "ts": 1712254280.9812748}]}, "version": 67, "at": 1712254280.981647}
{"obj": {"type": "LogFloats", "path": ["monitoring", "4d72a671", "memory"], "values": [{"value": 10.224971771240234, "step": null, "ts": 1712254280.9812748}]}, "version": 68, "at": 1712254280.982045}
{"obj": {"type": "LogFloats", "path": ["monitoring", "4d72a671", "cpu"], "values": [{"value": 89.8, "step": null, "ts": 1712254290.9859579}]}, "version": 69, "at": 1712254290.986322}
{"obj": {"type": "LogFloats", "path": ["monitoring", "4d72a671", "memory"], "values": [{"value": 10.336448669433594, "step": null, "ts": 1712254290.9859579}]}, "version": 70, "at": 1712254290.986697}
{"obj": {"type": "LogFloats", "path": ["monitoring", "4d72a671", "cpu"], "values": [{"value": 89.8, "step": null, "ts": 1712254300.9875178}]}, "version": 71, "at": 1712254300.987763}
{"obj": {"type": "LogFloats", "path": ["monitoring", "4d72a671", "memory"], "values": [{"value": 9.988922119140625, "step": null, "ts": 1712254300.9875178}]}, "version": 72, "at": 1712254300.988121}
{"obj": {"type": "LogFloats", "path": ["monitoring", "4d72a671", "cpu"], "values": [{"value": 87.7, "step": null, "ts": 1712254310.992022}]}, "version": 73, "at": 1712254310.992256}
{"obj": {"type": "LogFloats", "path": ["monitoring", "4d72a671", "memory"], "values": [{"value": 10.080730438232422, "step": null, "ts": 1712254310.992022}]}, "version": 74, "at": 1712254310.992496}
{"obj": {"type": "LogFloats", "path": ["monitoring", "4d72a671", "cpu"], "values": [{"value": 90.9, "step": null, "ts": 1712254320.994758}]}, "version": 75, "at": 1712254320.9951549}
{"obj": {"type": "LogFloats", "path": ["monitoring", "4d72a671", "memory"], "values": [{"value": 10.267143249511719, "step": null, "ts": 1712254320.994758}]}, "version": 76, "at": 1712254320.995609}
{"obj": {"type": "LogFloats", "path": ["monitoring", "4d72a671", "cpu"], "values": [{"value": 92.5, "step": null, "ts": 1712254330.996195}]}, "version": 77, "at": 1712254330.996564}
{"obj": {"type": "LogFloats", "path": ["monitoring", "4d72a671", "memory"], "values": [{"value": 10.277050018310547, "step": null, "ts": 1712254330.996195}]}, "version": 78, "at": 1712254331.0033221}
{"obj": {"type": "LogFloats", "path": ["monitoring", "4d72a671", "cpu"], "values": [{"value": 91.1, "step": null, "ts": 1712254341.006401}]}, "version": 79, "at": 1712254341.0067189}
{"obj": {"type": "LogFloats", "path": ["monitoring", "4d72a671", "memory"], "values": [{"value": 9.842300415039062, "step": null, "ts": 1712254341.006401}]}, "version": 80, "at": 1712254341.007036}
{"obj": {"type": "LogFloats", "path": ["monitoring", "4d72a671", "cpu"], "values": [{"value": 93.5, "step": null, "ts": 1712254351.007453}]}, "version": 81, "at": 1712254351.0078452}
{"obj": {"type": "LogFloats", "path": ["monitoring", "4d72a671", "memory"], "values": [{"value": 9.483531951904297, "step": null, "ts": 1712254351.007453}]}, "version": 82, "at": 1712254351.008157}
{"obj": {"type": "LogFloats", "path": ["monitoring", "4d72a671", "cpu"], "values": [{"value": 93.9, "step": null, "ts": 1712254361.008405}]}, "version": 83, "at": 1712254361.008794}
{"obj": {"type": "LogFloats", "path": ["monitoring", "4d72a671", "memory"], "values": [{"value": 9.54147720336914, "step": null, "ts": 1712254361.008405}]}, "version": 84, "at": 1712254361.0092359}
{"obj": {"type": "LogFloats", "path": ["monitoring", "4d72a671", "cpu"], "values": [{"value": 90.1, "step": null, "ts": 1712254371.010465}]}, "version": 85, "at": 1712254371.010839}
{"obj": {"type": "LogFloats", "path": ["monitoring", "4d72a671", "memory"], "values": [{"value": 9.583255767822266, "step": null, "ts": 1712254371.010465}]}, "version": 86, "at": 1712254371.0113258}
{"obj": {"type": "LogFloats", "path": ["monitoring", "4d72a671", "cpu"], "values": [{"value": 90.2, "step": null, "ts": 1712254381.0150652}]}, "version": 87, "at": 1712254381.015658}
{"obj": {"type": "LogFloats", "path": ["monitoring", "4d72a671", "memory"], "values": [{"value": 9.779712677001953, "step": null, "ts": 1712254381.0150652}]}, "version": 88, "at": 1712254381.0162811}
{"obj": {"type": "LogFloats", "path": ["monitoring", "4d72a671", "cpu"], "values": [{"value": 89.4, "step": null, "ts": 1712254391.018498}]}, "version": 89, "at": 1712254391.018846}
{"obj": {"type": "LogFloats", "path": ["monitoring", "4d72a671", "memory"], "values": [{"value": 9.721927642822266, "step": null, "ts": 1712254391.018498}]}, "version": 90, "at": 1712254391.019184}
{"obj": {"type": "LogFloats", "path": ["monitoring", "4d72a671", "cpu"], "values": [{"value": 89.7, "step": null, "ts": 1712254401.0226932}]}, "version": 91, "at": 1712254401.023034}
{"obj": {"type": "LogFloats", "path": ["monitoring", "4d72a671", "memory"], "values": [{"value": 9.497737884521484, "step": null, "ts": 1712254401.0226932}]}, "version": 92, "at": 1712254401.023402}
{"obj": {"type": "LogFloats", "path": ["monitoring", "4d72a671", "cpu"], "values": [{"value": 88.2, "step": null, "ts": 1712254411.0277371}]}, "version": 93, "at": 1712254411.028784}
{"obj": {"type": "LogFloats", "path": ["monitoring", "4d72a671", "memory"], "values": [{"value": 9.599109649658203, "step": null, "ts": 1712254411.0277371}]}, "version": 94, "at": 1712254411.0291991}
{"obj": {"type": "LogFloats", "path": ["monitoring", "4d72a671", "cpu"], "values": [{"value": 90.7, "step": null, "ts": 1712254421.03069}]}, "version": 95, "at": 1712254421.0310988}
{"obj": {"type": "LogFloats", "path": ["monitoring", "4d72a671", "memory"], "values": [{"value": 9.554519653320312, "step": null, "ts": 1712254421.03069}]}, "version": 96, "at": 1712254421.0315268}
{"obj": {"type": "LogFloats", "path": ["monitoring", "4d72a671", "cpu"], "values": [{"value": 95.7, "step": null, "ts": 1712254431.0318131}]}, "version": 97, "at": 1712254431.0321002}
{"obj": {"type": "LogFloats", "path": ["monitoring", "4d72a671", "memory"], "values": [{"value": 9.595634460449219, "step": null, "ts": 1712254431.0318131}]}, "version": 98, "at": 1712254431.032467}
{"obj": {"type": "LogFloats", "path": ["monitoring", "4d72a671", "cpu"], "values": [{"value": 96.1, "step": null, "ts": 1712254441.033854}]}, "version": 99, "at": 1712254441.034223}
{"obj": {"type": "LogFloats", "path": ["monitoring", "4d72a671", "memory"], "values": [{"value": 9.585960388183594, "step": null, "ts": 1712254441.033854}]}, "version": 100, "at": 1712254441.0346081}
{"obj": {"type": "LogFloats", "path": ["monitoring", "4d72a671", "cpu"], "values": [{"value": 96.1, "step": null, "ts": 1712254451.039732}]}, "version": 101, "at": 1712254451.040051}
{"obj": {"type": "LogFloats", "path": ["monitoring", "4d72a671", "memory"], "values": [{"value": 9.56821060180664, "step": null, "ts": 1712254451.039732}]}, "version": 102, "at": 1712254451.040409}
{"obj": {"type": "LogFloats", "path": ["monitoring", "4d72a671", "cpu"], "values": [{"value": 95.3, "step": null, "ts": 1712254461.042325}]}, "version": 103, "at": 1712254461.042636}
{"obj": {"type": "LogFloats", "path": ["monitoring", "4d72a671", "memory"], "values": [{"value": 9.707954406738281, "step": null, "ts": 1712254461.042325}]}, "version": 104, "at": 1712254461.0429912}
{"obj": {"type": "LogFloats", "path": ["monitoring", "4d72a671", "cpu"], "values": [{"value": 96.0, "step": null, "ts": 1712254471.043898}]}, "version": 105, "at": 1712254471.044281}
{"obj": {"type": "LogFloats", "path": ["monitoring", "4d72a671", "memory"], "values": [{"value": 9.79781723022461, "step": null, "ts": 1712254471.043898}]}, "version": 106, "at": 1712254471.044668}
{"obj": {"type": "LogFloats", "path": ["monitoring", "4d72a671", "cpu"], "values": [{"value": 95.1, "step": null, "ts": 1712254481.047039}]}, "version": 107, "at": 1712254481.0474198}
{"obj": {"type": "LogFloats", "path": ["monitoring", "4d72a671", "memory"], "values": [{"value": 9.677776336669922, "step": null, "ts": 1712254481.047039}]}, "version": 108, "at": 1712254481.0478132}
{"obj": {"type": "LogFloats", "path": ["monitoring", "4d72a671", "cpu"], "values": [{"value": 95.9, "step": null, "ts": 1712254491.053393}]}, "version": 109, "at": 1712254491.053804}
{"obj": {"type": "LogFloats", "path": ["monitoring", "4d72a671", "memory"], "values": [{"value": 9.675792694091797, "step": null, "ts": 1712254491.053393}]}, "version": 110, "at": 1712254491.05423}
{"obj": {"type": "LogFloats", "path": ["monitoring", "4d72a671", "cpu"], "values": [{"value": 91.4, "step": null, "ts": 1712254501.058242}]}, "version": 111, "at": 1712254501.058648}
{"obj": {"type": "LogFloats", "path": ["monitoring", "4d72a671", "memory"], "values": [{"value": 9.537582397460938, "step": null, "ts": 1712254501.058242}]}, "version": 112, "at": 1712254501.0590148}
{"obj": {"type": "LogFloats", "path": ["monitoring", "4d72a671", "cpu"], "values": [{"value": 94.7, "step": null, "ts": 1712254511.0673568}]}, "version": 113, "at": 1712254511.06781}
{"obj": {"type": "LogFloats", "path": ["monitoring", "4d72a671", "memory"], "values": [{"value": 9.561832427978516, "step": null, "ts": 1712254511.0673568}]}, "version": 114, "at": 1712254511.069129}
{"obj": {"type": "LogFloats", "path": ["monitoring", "4d72a671", "cpu"], "values": [{"value": 94.0, "step": null, "ts": 1712254521.072107}]}, "version": 115, "at": 1712254521.072501}
{"obj": {"type": "LogFloats", "path": ["monitoring", "4d72a671", "memory"], "values": [{"value": 9.5498046875, "step": null, "ts": 1712254521.072107}]}, "version": 116, "at": 1712254521.0729191}
{"obj": {"type": "LogFloats", "path": ["monitoring", "4d72a671", "cpu"], "values": [{"value": 87.7, "step": null, "ts": 1712254531.0734441}]}, "version": 117, "at": 1712254531.074199}
{"obj": {"type": "LogFloats", "path": ["monitoring", "4d72a671", "memory"], "values": [{"value": 9.823097229003906, "step": null, "ts": 1712254531.0734441}]}, "version": 118, "at": 1712254531.074767}
{"obj": {"type": "LogFloats", "path": ["monitoring", "4d72a671", "cpu"], "values": [{"value": 90.7, "step": null, "ts": 1712254541.075596}]}, "version": 119, "at": 1712254541.0759182}
{"obj": {"type": "LogFloats", "path": ["monitoring", "4d72a671", "memory"], "values": [{"value": 9.829139709472656, "step": null, "ts": 1712254541.075596}]}, "version": 120, "at": 1712254541.0764}
{"obj": {"type": "LogFloats", "path": ["monitoring", "4d72a671", "cpu"], "values": [{"value": 91.4, "step": null, "ts": 1712254551.0780191}]}, "version": 121, "at": 1712254551.078851}
{"obj": {"type": "LogFloats", "path": ["monitoring", "4d72a671", "memory"], "values": [{"value": 9.761909484863281, "step": null, "ts": 1712254551.0780191}]}, "version": 122, "at": 1712254551.079447}
{"obj": {"type": "LogFloats", "path": ["monitoring", "4d72a671", "cpu"], "values": [{"value": 90.6, "step": null, "ts": 1712254561.080499}]}, "version": 123, "at": 1712254561.080836}
{"obj": {"type": "LogFloats", "path": ["monitoring", "4d72a671", "memory"], "values": [{"value": 9.854637145996094, "step": null, "ts": 1712254561.080499}]}, "version": 124, "at": 1712254561.0811489}
{"obj": {"type": "LogFloats", "path": ["monitoring", "4d72a671", "cpu"], "values": [{"value": 93.3, "step": null, "ts": 1712254571.081551}]}, "version": 125, "at": 1712254571.081886}
{"obj": {"type": "LogFloats", "path": ["monitoring", "4d72a671", "memory"], "values": [{"value": 9.809158325195312, "step": null, "ts": 1712254571.081551}]}, "version": 126, "at": 1712254571.0822191}
{"obj": {"type": "LogFloats", "path": ["monitoring", "4d72a671", "cpu"], "values": [{"value": 92.0, "step": null, "ts": 1712254581.0823731}]}, "version": 127, "at": 1712254581.082722}
{"obj": {"type": "LogFloats", "path": ["monitoring", "4d72a671", "memory"], "values": [{"value": 9.54275131225586, "step": null, "ts": 1712254581.0823731}]}, "version": 128, "at": 1712254581.0830872}
{"obj": {"type": "LogFloats", "path": ["monitoring", "4d72a671", "cpu"], "values": [{"value": 91.3, "step": null, "ts": 1712254591.084181}]}, "version": 129, "at": 1712254591.084575}
{"obj": {"type": "LogFloats", "path": ["monitoring", "4d72a671", "memory"], "values": [{"value": 9.551666259765625, "step": null, "ts": 1712254591.084181}]}, "version": 130, "at": 1712254591.091327}
{"obj": {"type": "LogFloats", "path": ["monitoring", "4d72a671", "cpu"], "values": [{"value": 88.0, "step": null, "ts": 1712254601.092042}]}, "version": 131, "at": 1712254601.092316}
{"obj": {"type": "LogFloats", "path": ["monitoring", "4d72a671", "memory"], "values": [{"value": 9.663822174072266, "step": null, "ts": 1712254601.092042}]}, "version": 132, "at": 1712254601.092659}
{"obj": {"type": "LogFloats", "path": ["monitoring", "4d72a671", "cpu"], "values": [{"value": 91.9, "step": null, "ts": 1712254611.096666}]}, "version": 133, "at": 1712254611.097049}
{"obj": {"type": "LogFloats", "path": ["monitoring", "4d72a671", "memory"], "values": [{"value": 9.526920318603516, "step": null, "ts": 1712254611.096666}]}, "version": 134, "at": 1712254611.097537}
{"obj": {"type": "LogFloats", "path": ["monitoring", "4d72a671", "cpu"], "values": [{"value": 93.2, "step": null, "ts": 1712254621.099966}]}, "version": 135, "at": 1712254621.100363}
{"obj": {"type": "LogFloats", "path": ["monitoring", "4d72a671", "memory"], "values": [{"value": 9.643531799316406, "step": null, "ts": 1712254621.099966}]}, "version": 136, "at": 1712254621.100868}
{"obj": {"type": "LogFloats", "path": ["monitoring", "4d72a671", "cpu"], "values": [{"value": 91.5, "step": null, "ts": 1712254631.1011431}]}, "version": 137, "at": 1712254631.101474}
{"obj": {"type": "LogFloats", "path": ["monitoring", "4d72a671", "memory"], "values": [{"value": 9.57004165649414, "step": null, "ts": 1712254631.1011431}]}, "version": 138, "at": 1712254631.1018188}
{"obj": {"type": "LogFloats", "path": ["monitoring", "4d72a671", "cpu"], "values": [{"value": 95.8, "step": null, "ts": 1712254641.102101}]}, "version": 139, "at": 1712254641.102462}
{"obj": {"type": "LogFloats", "path": ["monitoring", "4d72a671", "memory"], "values": [{"value": 9.4932861328125, "step": null, "ts": 1712254641.102101}]}, "version": 140, "at": 1712254641.1028612}
{"obj": {"type": "LogFloats", "path": ["monitoring", "4d72a671", "cpu"], "values": [{"value": 93.9, "step": null, "ts": 1712254651.110872}]}, "version": 141, "at": 1712254651.111253}
{"obj": {"type": "LogFloats", "path": ["monitoring", "4d72a671", "memory"], "values": [{"value": 8.87662124633789, "step": null, "ts": 1712254651.110872}]}, "version": 142, "at": 1712254651.111653}
{"obj": {"type": "LogFloats", "path": ["monitoring", "4d72a671", "cpu"], "values": [{"value": 90.3, "step": null, "ts": 1712254661.1160069}]}, "version": 143, "at": 1712254661.116342}
{"obj": {"type": "LogFloats", "path": ["monitoring", "4d72a671", "memory"], "values": [{"value": 9.22369384765625, "step": null, "ts": 1712254661.1160069}]}, "version": 144, "at": 1712254661.116735}
{"obj": {"type": "LogFloats", "path": ["monitoring", "4d72a671", "cpu"], "values": [{"value": 89.4, "step": null, "ts": 1712254671.1191401}]}, "version": 145, "at": 1712254671.1194801}
{"obj": {"type": "LogFloats", "path": ["monitoring", "4d72a671", "memory"], "values": [{"value": 9.48660659790039, "step": null, "ts": 1712254671.1191401}]}, "version": 146, "at": 1712254671.1198258}
{"obj": {"type": "LogFloats", "path": ["monitoring", "4d72a671", "cpu"], "values": [{"value": 98.8, "step": null, "ts": 1712254681.123471}]}, "version": 147, "at": 1712254681.123873}
{"obj": {"type": "LogFloats", "path": ["monitoring", "4d72a671", "memory"], "values": [{"value": 8.96694564819336, "step": null, "ts": 1712254681.123471}]}, "version": 148, "at": 1712254681.1242921}
{"obj": {"type": "LogFloats", "path": ["monitoring", "4d72a671", "cpu"], "values": [{"value": 98.8, "step": null, "ts": 1712254691.127216}]}, "version": 149, "at": 1712254691.127605}
{"obj": {"type": "LogFloats", "path": ["monitoring", "4d72a671", "memory"], "values": [{"value": 9.107555389404297, "step": null, "ts": 1712254691.127216}]}, "version": 150, "at": 1712254691.128066}
{"obj": {"type": "LogFloats", "path": ["monitoring", "4d72a671", "cpu"], "values": [{"value": 99.6, "step": null, "ts": 1712254701.13171}]}, "version": 151, "at": 1712254701.132075}
{"obj": {"type": "LogFloats", "path": ["monitoring", "4d72a671", "memory"], "values": [{"value": 9.174823760986328, "step": null, "ts": 1712254701.13171}]}, "version": 152, "at": 1712254701.132449}
{"obj": {"type": "LogFloats", "path": ["monitoring", "4d72a671", "cpu"], "values": [{"value": 99.4, "step": null, "ts": 1712254711.132697}]}, "version": 153, "at": 1712254711.133096}
{"obj": {"type": "LogFloats", "path": ["monitoring", "4d72a671", "memory"], "values": [{"value": 8.973625183105469, "step": null, "ts": 1712254711.132697}]}, "version": 154, "at": 1712254711.1334999}
{"obj": {"type": "LogFloats", "path": ["monitoring", "4d72a671", "cpu"], "values": [{"value": 98.2, "step": null, "ts": 1712254721.135015}]}, "version": 155, "at": 1712254721.135348}
{"obj": {"type": "LogFloats", "path": ["monitoring", "4d72a671", "memory"], "values": [{"value": 9.101356506347656, "step": null, "ts": 1712254721.135015}]}, "version": 156, "at": 1712254721.135721}
{"obj": {"type": "LogFloats", "path": ["monitoring", "4d72a671", "cpu"], "values": [{"value": 99.4, "step": null, "ts": 1712254731.1381109}]}, "version": 157, "at": 1712254731.138498}
{"obj": {"type": "LogFloats", "path": ["monitoring", "4d72a671", "memory"], "values": [{"value": 9.116920471191406, "step": null, "ts": 1712254731.1381109}]}, "version": 158, "at": 1712254731.138889}
{"obj": {"type": "LogFloats", "path": ["monitoring", "4d72a671", "cpu"], "values": [{"value": 99.4, "step": null, "ts": 1712254741.14021}]}, "version": 159, "at": 1712254741.140563}
{"obj": {"type": "LogFloats", "path": ["monitoring", "4d72a671", "memory"], "values": [{"value": 9.10333251953125, "step": null, "ts": 1712254741.14021}]}, "version": 160, "at": 1712254741.140943}
{"obj": {"type": "LogFloats", "path": ["monitoring", "4d72a671", "cpu"], "values": [{"value": 98.8, "step": null, "ts": 1712254751.145809}]}, "version": 161, "at": 1712254751.146155}
{"obj": {"type": "LogFloats", "path": ["monitoring", "4d72a671", "memory"], "values": [{"value": 9.203426361083984, "step": null, "ts": 1712254751.145809}]}, "version": 162, "at": 1712254751.1465259}
{"obj": {"type": "LogFloats", "path": ["monitoring", "4d72a671", "cpu"], "values": [{"value": 99.4, "step": null, "ts": 1712254761.149653}]}, "version": 163, "at": 1712254761.150041}
{"obj": {"type": "LogFloats", "path": ["monitoring", "4d72a671", "memory"], "values": [{"value": 9.055244445800781, "step": null, "ts": 1712254761.149653}]}, "version": 164, "at": 1712254761.150461}
{"obj": {"type": "LogFloats", "path": ["monitoring", "4d72a671", "cpu"], "values": [{"value": 99.4, "step": null, "ts": 1712254771.153196}]}, "version": 165, "at": 1712254771.153562}
{"obj": {"type": "LogFloats", "path": ["monitoring", "4d72a671", "memory"], "values": [{"value": 9.008476257324219, "step": null, "ts": 1712254771.153196}]}, "version": 166, "at": 1712254771.153931}
{"obj": {"type": "LogFloats", "path": ["monitoring", "4d72a671", "cpu"], "values": [{"value": 98.2, "step": null, "ts": 1712254781.154768}]}, "version": 167, "at": 1712254781.155146}
{"obj": {"type": "LogFloats", "path": ["monitoring", "4d72a671", "memory"], "values": [{"value": 9.041141510009766, "step": null, "ts": 1712254781.154768}]}, "version": 168, "at": 1712254781.155522}
{"obj": {"type": "LogFloats", "path": ["monitoring", "4d72a671", "cpu"], "values": [{"value": 93.8, "step": null, "ts": 1712254791.155683}]}, "version": 169, "at": 1712254791.156066}
{"obj": {"type": "LogFloats", "path": ["monitoring", "4d72a671", "memory"], "values": [{"value": 9.467948913574219, "step": null, "ts": 1712254791.155683}]}, "version": 170, "at": 1712254791.156438}
{"obj": {"type": "LogFloats", "path": ["monitoring", "4d72a671", "cpu"], "values": [{"value": 95.9, "step": null, "ts": 1712254801.15711}]}, "version": 171, "at": 1712254801.1574972}
{"obj": {"type": "LogFloats", "path": ["monitoring", "4d72a671", "memory"], "values": [{"value": 9.412372589111328, "step": null, "ts": 1712254801.15711}]}, "version": 172, "at": 1712254801.157961}
{"obj": {"type": "LogFloats", "path": ["monitoring", "4d72a671", "cpu"], "values": [{"value": 97.2, "step": null, "ts": 1712254811.15856}]}, "version": 173, "at": 1712254811.158941}
{"obj": {"type": "LogFloats", "path": ["monitoring", "4d72a671", "memory"], "values": [{"value": 9.410259246826172, "step": null, "ts": 1712254811.15856}]}, "version": 174, "at": 1712254811.159279}
{"obj": {"type": "LogFloats", "path": ["monitoring", "4d72a671", "cpu"], "values": [{"value": 93.8, "step": null, "ts": 1712254821.160716}]}, "version": 175, "at": 1712254821.1610508}
{"obj": {"type": "LogFloats", "path": ["monitoring", "4d72a671", "memory"], "values": [{"value": 9.153827667236328, "step": null, "ts": 1712254821.160716}]}, "version": 176, "at": 1712254821.1613839}
{"obj": {"type": "LogFloats", "path": ["monitoring", "4d72a671", "cpu"], "values": [{"value": 99.4, "step": null, "ts": 1712254831.164449}]}, "version": 177, "at": 1712254831.1648262}
{"obj": {"type": "LogFloats", "path": ["monitoring", "4d72a671", "memory"], "values": [{"value": 9.144527435302734, "step": null, "ts": 1712254831.164449}]}, "version": 178, "at": 1712254831.165205}
{"obj": {"type": "LogFloats", "path": ["monitoring", "4d72a671", "cpu"], "values": [{"value": 99.6, "step": null, "ts": 1712254841.170262}]}, "version": 179, "at": 1712254841.170615}
{"obj": {"type": "LogFloats", "path": ["monitoring", "4d72a671", "memory"], "values": [{"value": 9.156455993652344, "step": null, "ts": 1712254841.170262}]}, "version": 180, "at": 1712254841.170998}
{"obj": {"type": "LogFloats", "path": ["monitoring", "4d72a671", "cpu"], "values": [{"value": 99.4, "step": null, "ts": 1712254851.1761951}]}, "version": 181, "at": 1712254851.176542}
{"obj": {"type": "LogFloats", "path": ["monitoring", "4d72a671", "memory"], "values": [{"value": 9.218814849853516, "step": null, "ts": 1712254851.1761951}]}, "version": 182, "at": 1712254851.176897}
{"obj": {"type": "LogFloats", "path": ["monitoring", "4d72a671", "cpu"], "values": [{"value": 99.4, "step": null, "ts": 1712254861.17966}]}, "version": 183, "at": 1712254861.180019}
{"obj": {"type": "LogFloats", "path": ["monitoring", "4d72a671", "memory"], "values": [{"value": 9.196056365966797, "step": null, "ts": 1712254861.17966}]}, "version": 184, "at": 1712254861.1803951}
{"obj": {"type": "LogFloats", "path": ["monitoring", "4d72a671", "cpu"], "values": [{"value": 99.7, "step": null, "ts": 1712254871.183221}]}, "version": 185, "at": 1712254871.183618}
{"obj": {"type": "LogFloats", "path": ["monitoring", "4d72a671", "memory"], "values": [{"value": 9.106430053710938, "step": null, "ts": 1712254871.183221}]}, "version": 186, "at": 1712254871.184055}
{"obj": {"type": "LogFloats", "path": ["monitoring", "4d72a671", "cpu"], "values": [{"value": 99.6, "step": null, "ts": 1712254881.189286}]}, "version": 187, "at": 1712254881.189655}
{"obj": {"type": "LogFloats", "path": ["monitoring", "4d72a671", "memory"], "values": [{"value": 9.228591918945312, "step": null, "ts": 1712254881.189286}]}, "version": 188, "at": 1712254881.190033}
{"obj": {"type": "LogFloats", "path": ["monitoring", "4d72a671", "cpu"], "values": [{"value": 98.6, "step": null, "ts": 1712254891.19522}]}, "version": 189, "at": 1712254891.195595}
{"obj": {"type": "LogFloats", "path": ["monitoring", "4d72a671", "memory"], "values": [{"value": 9.163093566894531, "step": null, "ts": 1712254891.19522}]}, "version": 190, "at": 1712254891.195969}
{"obj": {"type": "LogFloats", "path": ["monitoring", "4d72a671", "cpu"], "values": [{"value": 99.7, "step": null, "ts": 1712254901.197324}]}, "version": 191, "at": 1712254901.1977239}
{"obj": {"type": "LogFloats", "path": ["monitoring", "4d72a671", "memory"], "values": [{"value": 9.241874694824219, "step": null, "ts": 1712254901.197324}]}, "version": 192, "at": 1712254901.198153}
{"obj": {"type": "LogFloats", "path": ["monitoring", "4d72a671", "cpu"], "values": [{"value": 99.0, "step": null, "ts": 1712254911.2033741}]}, "version": 193, "at": 1712254911.2037618}
{"obj": {"type": "LogFloats", "path": ["monitoring", "4d72a671", "memory"], "values": [{"value": 9.314777374267578, "step": null, "ts": 1712254911.2033741}]}, "version": 194, "at": 1712254911.204166}
{"obj": {"type": "LogFloats", "path": ["monitoring", "4d72a671", "cpu"], "values": [{"value": 99.6, "step": null, "ts": 1712254921.2099688}]}, "version": 195, "at": 1712254921.210451}
{"obj": {"type": "LogFloats", "path": ["monitoring", "4d72a671", "memory"], "values": [{"value": 9.571952819824219, "step": null, "ts": 1712254921.2099688}]}, "version": 196, "at": 1712254921.211033}
{"obj": {"type": "LogFloats", "path": ["monitoring", "4d72a671", "cpu"], "values": [{"value": 99.7, "step": null, "ts": 1712254931.2135308}]}, "version": 197, "at": 1712254931.213907}
{"obj": {"type": "LogFloats", "path": ["monitoring", "4d72a671", "memory"], "values": [{"value": 9.16036605834961, "step": null, "ts": 1712254931.2135308}]}, "version": 198, "at": 1712254931.223708}
{"obj": {"type": "LogFloats", "path": ["monitoring", "4d72a671", "cpu"], "values": [{"value": 99.6, "step": null, "ts": 1712254941.225467}]}, "version": 199, "at": 1712254941.225827}
{"obj": {"type": "LogFloats", "path": ["monitoring", "4d72a671", "memory"], "values": [{"value": 9.238597869873047, "step": null, "ts": 1712254941.225467}]}, "version": 200, "at": 1712254941.226193}
{"obj": {"type": "LogFloats", "path": ["monitoring", "4d72a671", "cpu"], "values": [{"value": 99.7, "step": null, "ts": 1712254951.231384}]}, "version": 201, "at": 1712254951.2317498}
{"obj": {"type": "LogFloats", "path": ["monitoring", "4d72a671", "memory"], "values": [{"value": 9.179924011230469, "step": null, "ts": 1712254951.231384}]}, "version": 202, "at": 1712254951.232137}
{"obj": {"type": "LogFloats", "path": ["monitoring", "4d72a671", "cpu"], "values": [{"value": 99.7, "step": null, "ts": 1712254961.237337}]}, "version": 203, "at": 1712254961.23771}
{"obj": {"type": "LogFloats", "path": ["monitoring", "4d72a671", "memory"], "values": [{"value": 9.376056671142578, "step": null, "ts": 1712254961.237337}]}, "version": 204, "at": 1712254961.2380931}
{"obj": {"type": "LogFloats", "path": ["monitoring", "4d72a671", "cpu"], "values": [{"value": 99.7, "step": null, "ts": 1712254971.2389278}]}, "version": 205, "at": 1712254971.23932}
{"obj": {"type": "LogFloats", "path": ["monitoring", "4d72a671", "memory"], "values": [{"value": 9.221500396728516, "step": null, "ts": 1712254971.2389278}]}, "version": 206, "at": 1712254971.239732}
{"obj": {"type": "LogFloats", "path": ["monitoring", "4d72a671", "cpu"], "values": [{"value": 99.6, "step": null, "ts": 1712254981.241764}]}, "version": 207, "at": 1712254981.242146}
{"obj": {"type": "LogFloats", "path": ["monitoring", "4d72a671", "memory"], "values": [{"value": 9.200180053710938, "step": null, "ts": 1712254981.241764}]}, "version": 208, "at": 1712254981.242539}
{"obj": {"type": "LogFloats", "path": ["monitoring", "4d72a671", "cpu"], "values": [{"value": 98.5, "step": null, "ts": 1712254991.2465432}]}, "version": 209, "at": 1712254991.2468748}
{"obj": {"type": "LogFloats", "path": ["monitoring", "4d72a671", "memory"], "values": [{"value": 9.469837188720703, "step": null, "ts": 1712254991.2465432}]}, "version": 210, "at": 1712254991.2471879}
{"obj": {"type": "LogFloats", "path": ["monitoring", "4d72a671", "cpu"], "values": [{"value": 95.3, "step": null, "ts": 1712255001.2523289}]}, "version": 211, "at": 1712255001.2526789}
{"obj": {"type": "LogFloats", "path": ["monitoring", "4d72a671", "memory"], "values": [{"value": 9.370948791503906, "step": null, "ts": 1712255001.2523289}]}, "version": 212, "at": 1712255001.253031}
{"obj": {"type": "LogFloats", "path": ["monitoring", "4d72a671", "cpu"], "values": [{"value": 93.8, "step": null, "ts": 1712255011.256242}]}, "version": 213, "at": 1712255011.256611}
{"obj": {"type": "LogFloats", "path": ["monitoring", "4d72a671", "memory"], "values": [{"value": 9.399295806884766, "step": null, "ts": 1712255011.256242}]}, "version": 214, "at": 1712255011.256992}
{"obj": {"type": "LogFloats", "path": ["monitoring", "4d72a671", "cpu"], "values": [{"value": 82.1, "step": null, "ts": 1712255021.258794}]}, "version": 215, "at": 1712255021.25924}
{"obj": {"type": "LogFloats", "path": ["monitoring", "4d72a671", "memory"], "values": [{"value": 9.646995544433594, "step": null, "ts": 1712255021.258794}]}, "version": 216, "at": 1712255021.259676}
{"obj": {"type": "LogFloats", "path": ["monitoring", "4d72a671", "cpu"], "values": [{"value": 86.4, "step": null, "ts": 1712255031.264404}]}, "version": 217, "at": 1712255031.264779}
{"obj": {"type": "LogFloats", "path": ["monitoring", "4d72a671", "memory"], "values": [{"value": 9.613815307617188, "step": null, "ts": 1712255031.264404}]}, "version": 218, "at": 1712255031.274591}
{"obj": {"type": "LogFloats", "path": ["monitoring", "4d72a671", "cpu"], "values": [{"value": 86.3, "step": null, "ts": 1712255041.277814}]}, "version": 219, "at": 1712255041.278084}
{"obj": {"type": "LogFloats", "path": ["monitoring", "4d72a671", "memory"], "values": [{"value": 9.874942779541016, "step": null, "ts": 1712255041.277814}]}, "version": 220, "at": 1712255041.2783291}
{"obj": {"type": "LogFloats", "path": ["monitoring", "4d72a671", "cpu"], "values": [{"value": 93.0, "step": null, "ts": 1712255051.280158}]}, "version": 221, "at": 1712255051.2805219}
{"obj": {"type": "LogFloats", "path": ["monitoring", "4d72a671", "memory"], "values": [{"value": 9.914928436279297, "step": null, "ts": 1712255051.280158}]}, "version": 222, "at": 1712255051.280931}
{"obj": {"type": "LogFloats", "path": ["monitoring", "4d72a671", "cpu"], "values": [{"value": 94.2, "step": null, "ts": 1712255061.284621}]}, "version": 223, "at": 1712255061.285114}
{"obj": {"type": "LogFloats", "path": ["monitoring", "4d72a671", "memory"], "values": [{"value": 9.558662414550781, "step": null, "ts": 1712255061.284621}]}, "version": 224, "at": 1712255061.285584}
{"obj": {"type": "LogFloats", "path": ["monitoring", "4d72a671", "cpu"], "values": [{"value": 93.2, "step": null, "ts": 1712255071.292083}]}, "version": 225, "at": 1712255071.292396}
{"obj": {"type": "LogFloats", "path": ["monitoring", "4d72a671", "memory"], "values": [{"value": 9.531402587890625, "step": null, "ts": 1712255071.292083}]}, "version": 226, "at": 1712255071.292948}
{"obj": {"type": "LogFloats", "path": ["monitoring", "4d72a671", "cpu"], "values": [{"value": 94.7, "step": null, "ts": 1712255081.29563}]}, "version": 227, "at": 1712255081.2959821}
{"obj": {"type": "LogFloats", "path": ["monitoring", "4d72a671", "memory"], "values": [{"value": 9.659915924072266, "step": null, "ts": 1712255081.29563}]}, "version": 228, "at": 1712255081.296364}
{"obj": {"type": "LogFloats", "path": ["monitoring", "4d72a671", "cpu"], "values": [{"value": 92.7, "step": null, "ts": 1712255091.299257}]}, "version": 229, "at": 1712255091.2996118}
{"obj": {"type": "LogFloats", "path": ["monitoring", "4d72a671", "memory"], "values": [{"value": 9.698566436767578, "step": null, "ts": 1712255091.299257}]}, "version": 230, "at": 1712255091.300003}
{"obj": {"type": "LogFloats", "path": ["monitoring", "4d72a671", "cpu"], "values": [{"value": 93.3, "step": null, "ts": 1712255101.302971}]}, "version": 231, "at": 1712255101.303335}
{"obj": {"type": "LogFloats", "path": ["monitoring", "4d72a671", "memory"], "values": [{"value": 9.681377410888672, "step": null, "ts": 1712255101.302971}]}, "version": 232, "at": 1712255101.303709}
{"obj": {"type": "LogFloats", "path": ["monitoring", "4d72a671", "cpu"], "values": [{"value": 94.1, "step": null, "ts": 1712255111.304278}]}, "version": 233, "at": 1712255111.304551}
{"obj": {"type": "LogFloats", "path": ["monitoring", "4d72a671", "memory"], "values": [{"value": 9.974811553955078, "step": null, "ts": 1712255111.304278}]}, "version": 234, "at": 1712255111.304775}
{"obj": {"type": "LogFloats", "path": ["monitoring", "4d72a671", "cpu"], "values": [{"value": 94.4, "step": null, "ts": 1712255121.3051882}]}, "version": 235, "at": 1712255121.30556}
{"obj": {"type": "LogFloats", "path": ["monitoring", "4d72a671", "memory"], "values": [{"value": 9.767684936523438, "step": null, "ts": 1712255121.3051882}]}, "version": 236, "at": 1712255121.305961}
{"obj": {"type": "LogFloats", "path": ["monitoring", "4d72a671", "cpu"], "values": [{"value": 93.9, "step": null, "ts": 1712255131.309581}]}, "version": 237, "at": 1712255131.309935}
{"obj": {"type": "LogFloats", "path": ["monitoring", "4d72a671", "memory"], "values": [{"value": 9.729145050048828, "step": null, "ts": 1712255131.309581}]}, "version": 238, "at": 1712255131.310354}
{"obj": {"type": "LogFloats", "path": ["monitoring", "4d72a671", "cpu"], "values": [{"value": 96.3, "step": null, "ts": 1712255141.3115761}]}, "version": 239, "at": 1712255141.311956}
{"obj": {"type": "LogFloats", "path": ["monitoring", "4d72a671", "memory"], "values": [{"value": 9.812358856201172, "step": null, "ts": 1712255141.3115761}]}, "version": 240, "at": 1712255141.312336}
{"obj": {"type": "LogFloats", "path": ["monitoring", "4d72a671", "cpu"], "values": [{"value": 95.6, "step": null, "ts": 1712255151.314823}]}, "version": 241, "at": 1712255151.3151958}
{"obj": {"type": "LogFloats", "path": ["monitoring", "4d72a671", "memory"], "values": [{"value": 9.80853271484375, "step": null, "ts": 1712255151.314823}]}, "version": 242, "at": 1712255151.3156211}
{"obj": {"type": "LogFloats", "path": ["monitoring", "4d72a671", "cpu"], "values": [{"value": 97.9, "step": null, "ts": 1712255161.31603}]}, "version": 243, "at": 1712255161.3163881}
{"obj": {"type": "LogFloats", "path": ["monitoring", "4d72a671", "memory"], "values": [{"value": 9.785140991210938, "step": null, "ts": 1712255161.31603}]}, "version": 244, "at": 1712255161.316781}
{"obj": {"type": "LogFloats", "path": ["monitoring", "4d72a671", "cpu"], "values": [{"value": 98.0, "step": null, "ts": 1712255171.320232}]}, "version": 245, "at": 1712255171.320632}
{"obj": {"type": "LogFloats", "path": ["monitoring", "4d72a671", "memory"], "values": [{"value": 9.841972351074219, "step": null, "ts": 1712255171.320232}]}, "version": 246, "at": 1712255171.321026}
{"obj": {"type": "LogFloats", "path": ["monitoring", "4d72a671", "cpu"], "values": [{"value": 97.9, "step": null, "ts": 1712255181.325991}]}, "version": 247, "at": 1712255181.3263628}
{"obj": {"type": "LogFloats", "path": ["monitoring", "4d72a671", "memory"], "values": [{"value": 10.011260986328125, "step": null, "ts": 1712255181.325991}]}, "version": 248, "at": 1712255181.3267531}
{"obj": {"type": "LogFloats", "path": ["monitoring", "4d72a671", "cpu"], "values": [{"value": 96.2, "step": null, "ts": 1712255191.331619}]}, "version": 249, "at": 1712255191.332027}
{"obj": {"type": "LogFloats", "path": ["monitoring", "4d72a671", "memory"], "values": [{"value": 10.079788208007812, "step": null, "ts": 1712255191.331619}]}, "version": 250, "at": 1712255191.3324459}
{"obj": {"type": "LogFloats", "path": ["monitoring", "4d72a671", "cpu"], "values": [{"value": 97.2, "step": null, "ts": 1712255201.3345401}]}, "version": 251, "at": 1712255201.3348968}
{"obj": {"type": "LogFloats", "path": ["monitoring", "4d72a671", "memory"], "values": [{"value": 9.64401626586914, "step": null, "ts": 1712255201.3345401}]}, "version": 252, "at": 1712255201.335294}
{"obj": {"type": "LogFloats", "path": ["monitoring", "4d72a671", "cpu"], "values": [{"value": 97.5, "step": null, "ts": 1712255211.340758}]}, "version": 253, "at": 1712255211.341142}
{"obj": {"type": "LogFloats", "path": ["monitoring", "4d72a671", "memory"], "values": [{"value": 9.616477966308594, "step": null, "ts": 1712255211.340758}]}, "version": 254, "at": 1712255211.341536}
{"obj": {"type": "LogFloats", "path": ["monitoring", "4d72a671", "cpu"], "values": [{"value": 98.3, "step": null, "ts": 1712255221.344337}]}, "version": 255, "at": 1712255221.344691}
{"obj": {"type": "LogFloats", "path": ["monitoring", "4d72a671", "memory"], "values": [{"value": 9.75262451171875, "step": null, "ts": 1712255221.344337}]}, "version": 256, "at": 1712255221.345044}
{"obj": {"type": "LogFloats", "path": ["monitoring", "4d72a671", "cpu"], "values": [{"value": 98.7, "step": null, "ts": 1712255231.3488472}]}, "version": 257, "at": 1712255231.349207}
{"obj": {"type": "LogFloats", "path": ["monitoring", "4d72a671", "memory"], "values": [{"value": 9.698905944824219, "step": null, "ts": 1712255231.3488472}]}, "version": 258, "at": 1712255231.34957}
{"obj": {"type": "LogFloats", "path": ["monitoring", "4d72a671", "cpu"], "values": [{"value": 97.5, "step": null, "ts": 1712255241.349996}]}, "version": 259, "at": 1712255241.35038}
{"obj": {"type": "LogFloats", "path": ["monitoring", "4d72a671", "memory"], "values": [{"value": 9.845382690429688, "step": null, "ts": 1712255241.349996}]}, "version": 260, "at": 1712255241.350778}
{"obj": {"type": "LogFloats", "path": ["monitoring", "4d72a671", "cpu"], "values": [{"value": 99.0, "step": null, "ts": 1712255251.360567}]}, "version": 261, "at": 1712255251.360946}
{"obj": {"type": "LogFloats", "path": ["monitoring", "4d72a671", "memory"], "values": [{"value": 9.870925903320312, "step": null, "ts": 1712255251.360567}]}, "version": 262, "at": 1712255251.361278}
{"obj": {"type": "LogFloats", "path": ["monitoring", "4d72a671", "cpu"], "values": [{"value": 98.7, "step": null, "ts": 1712255261.3657112}]}, "version": 263, "at": 1712255261.366039}
{"obj": {"type": "LogFloats", "path": ["monitoring", "4d72a671", "memory"], "values": [{"value": 9.660228729248047, "step": null, "ts": 1712255261.3657112}]}, "version": 264, "at": 1712255261.3663712}
{"obj": {"type": "LogFloats", "path": ["monitoring", "4d72a671", "cpu"], "values": [{"value": 98.9, "step": null, "ts": 1712255271.369659}]}, "version": 265, "at": 1712255271.3700008}
{"obj": {"type": "LogFloats", "path": ["monitoring", "4d72a671", "memory"], "values": [{"value": 9.74411392211914, "step": null, "ts": 1712255271.369659}]}, "version": 266, "at": 1712255271.370344}
{"obj": {"type": "LogFloats", "path": ["monitoring", "4d72a671", "cpu"], "values": [{"value": 97.9, "step": null, "ts": 1712255281.3714812}]}, "version": 267, "at": 1712255281.371834}
{"obj": {"type": "LogFloats", "path": ["monitoring", "4d72a671", "memory"], "values": [{"value": 9.704517364501953, "step": null, "ts": 1712255281.3714812}]}, "version": 268, "at": 1712255281.372213}
{"obj": {"type": "LogFloats", "path": ["monitoring", "4d72a671", "cpu"], "values": [{"value": 99.0, "step": null, "ts": 1712255291.378259}]}, "version": 269, "at": 1712255291.378627}
{"obj": {"type": "LogFloats", "path": ["monitoring", "4d72a671", "memory"], "values": [{"value": 9.72518539428711, "step": null, "ts": 1712255291.378259}]}, "version": 270, "at": 1712255291.379041}
{"obj": {"type": "LogFloats", "path": ["monitoring", "4d72a671", "cpu"], "values": [{"value": 99.0, "step": null, "ts": 1712255301.3795378}]}, "version": 271, "at": 1712255301.3799071}
{"obj": {"type": "LogFloats", "path": ["monitoring", "4d72a671", "memory"], "values": [{"value": 9.68808364868164, "step": null, "ts": 1712255301.3795378}]}, "version": 272, "at": 1712255301.380278}
{"obj": {"type": "LogFloats", "path": ["monitoring", "4d72a671", "cpu"], "values": [{"value": 96.7, "step": null, "ts": 1712255311.384189}]}, "version": 273, "at": 1712255311.384558}
{"obj": {"type": "LogFloats", "path": ["monitoring", "4d72a671", "memory"], "values": [{"value": 9.886054992675781, "step": null, "ts": 1712255311.384189}]}, "version": 274, "at": 1712255311.384938}
{"obj": {"type": "LogFloats", "path": ["monitoring", "4d72a671", "cpu"], "values": [{"value": 98.9, "step": null, "ts": 1712255321.3875358}]}, "version": 275, "at": 1712255321.38791}
{"obj": {"type": "LogFloats", "path": ["monitoring", "4d72a671", "memory"], "values": [{"value": 9.703296661376953, "step": null, "ts": 1712255321.3875358}]}, "version": 276, "at": 1712255321.388289}
{"obj": {"type": "LogFloats", "path": ["monitoring", "4d72a671", "cpu"], "values": [{"value": 97.8, "step": null, "ts": 1712255331.39335}]}, "version": 277, "at": 1712255331.393739}
{"obj": {"type": "LogFloats", "path": ["monitoring", "4d72a671", "memory"], "values": [{"value": 9.586299896240234, "step": null, "ts": 1712255331.39335}]}, "version": 278, "at": 1712255331.394138}
{"obj": {"type": "LogFloats", "path": ["monitoring", "4d72a671", "cpu"], "values": [{"value": 98.7, "step": null, "ts": 1712255341.399343}]}, "version": 279, "at": 1712255341.399728}
{"obj": {"type": "LogFloats", "path": ["monitoring", "4d72a671", "memory"], "values": [{"value": 9.665145874023438, "step": null, "ts": 1712255341.399343}]}, "version": 280, "at": 1712255341.400169}
{"obj": {"type": "LogFloats", "path": ["monitoring", "4d72a671", "cpu"], "values": [{"value": 98.4, "step": null, "ts": 1712255351.40232}]}, "version": 281, "at": 1712255351.402708}
{"obj": {"type": "LogFloats", "path": ["monitoring", "4d72a671", "memory"], "values": [{"value": 9.560501098632812, "step": null, "ts": 1712255351.40232}]}, "version": 282, "at": 1712255351.403122}
{"obj": {"type": "LogFloats", "path": ["monitoring", "4d72a671", "cpu"], "values": [{"value": 99.2, "step": null, "ts": 1712255361.408308}]}, "version": 283, "at": 1712255361.40865}
{"obj": {"type": "LogFloats", "path": ["monitoring", "4d72a671", "memory"], "values": [{"value": 9.754486083984375, "step": null, "ts": 1712255361.408308}]}, "version": 284, "at": 1712255361.409036}
{"obj": {"type": "LogFloats", "path": ["monitoring", "4d72a671", "cpu"], "values": [{"value": 98.5, "step": null, "ts": 1712255371.4117172}]}, "version": 285, "at": 1712255371.412103}
{"obj": {"type": "LogFloats", "path": ["monitoring", "4d72a671", "memory"], "values": [{"value": 9.557552337646484, "step": null, "ts": 1712255371.4117172}]}, "version": 286, "at": 1712255371.412521}
{"obj": {"type": "LogFloats", "path": ["monitoring", "4d72a671", "cpu"], "values": [{"value": 97.3, "step": null, "ts": 1712255381.4177651}]}, "version": 287, "at": 1712255381.41814}
{"obj": {"type": "LogFloats", "path": ["monitoring", "4d72a671", "memory"], "values": [{"value": 9.562889099121094, "step": null, "ts": 1712255381.4177651}]}, "version": 288, "at": 1712255381.4185019}
{"obj": {"type": "LogFloats", "path": ["monitoring", "4d72a671", "cpu"], "values": [{"value": 98.5, "step": null, "ts": 1712255391.4208388}]}, "version": 289, "at": 1712255391.421403}
{"obj": {"type": "LogFloats", "path": ["monitoring", "4d72a671", "memory"], "values": [{"value": 9.633110046386719, "step": null, "ts": 1712255391.4208388}]}, "version": 290, "at": 1712255391.421803}
{"obj": {"type": "LogFloats", "path": ["monitoring", "4d72a671", "cpu"], "values": [{"value": 98.2, "step": null, "ts": 1712255401.423054}]}, "version": 291, "at": 1712255401.4235651}
{"obj": {"type": "LogFloats", "path": ["monitoring", "4d72a671", "memory"], "values": [{"value": 9.644031524658203, "step": null, "ts": 1712255401.423054}]}, "version": 292, "at": 1712255401.424059}
{"obj": {"type": "LogFloats", "path": ["monitoring", "4d72a671", "cpu"], "values": [{"value": 98.1, "step": null, "ts": 1712255411.429325}]}, "version": 293, "at": 1712255411.429713}
{"obj": {"type": "LogFloats", "path": ["monitoring", "4d72a671", "memory"], "values": [{"value": 9.657241821289062, "step": null, "ts": 1712255411.429325}]}, "version": 294, "at": 1712255411.4301162}
{"obj": {"type": "LogFloats", "path": ["monitoring", "4d72a671", "cpu"], "values": [{"value": 92.2, "step": null, "ts": 1712255421.430628}]}, "version": 295, "at": 1712255421.431099}
{"obj": {"type": "LogFloats", "path": ["monitoring", "4d72a671", "memory"], "values": [{"value": 9.69845962524414, "step": null, "ts": 1712255421.430628}]}, "version": 296, "at": 1712255421.431635}
{"obj": {"type": "LogFloats", "path": ["monitoring", "4d72a671", "cpu"], "values": [{"value": 96.5, "step": null, "ts": 1712255431.433446}]}, "version": 297, "at": 1712255431.4338088}
{"obj": {"type": "LogFloats", "path": ["monitoring", "4d72a671", "memory"], "values": [{"value": 9.86956787109375, "step": null, "ts": 1712255431.433446}]}, "version": 298, "at": 1712255431.434315}
{"obj": {"type": "LogFloats", "path": ["monitoring", "4d72a671", "cpu"], "values": [{"value": 96.7, "step": null, "ts": 1712255441.4395251}]}, "version": 299, "at": 1712255441.439902}
{"obj": {"type": "LogFloats", "path": ["monitoring", "4d72a671", "memory"], "values": [{"value": 9.768131256103516, "step": null, "ts": 1712255441.4395251}]}, "version": 300, "at": 1712255441.440307}
{"obj": {"type": "LogFloats", "path": ["monitoring", "4d72a671", "cpu"], "values": [{"value": 93.6, "step": null, "ts": 1712255451.442235}]}, "version": 301, "at": 1712255451.442574}
{"obj": {"type": "LogFloats", "path": ["monitoring", "4d72a671", "memory"], "values": [{"value": 9.58853530883789, "step": null, "ts": 1712255451.442235}]}, "version": 302, "at": 1712255451.443079}
{"obj": {"type": "LogFloats", "path": ["monitoring", "4d72a671", "cpu"], "values": [{"value": 95.7, "step": null, "ts": 1712255461.4466162}]}, "version": 303, "at": 1712255461.4470851}
{"obj": {"type": "LogFloats", "path": ["monitoring", "4d72a671", "memory"], "values": [{"value": 9.629093170166016, "step": null, "ts": 1712255461.4466162}]}, "version": 304, "at": 1712255461.447676}
{"obj": {"type": "LogFloats", "path": ["monitoring", "4d72a671", "cpu"], "values": [{"value": 94.9, "step": null, "ts": 1712255471.448052}]}, "version": 305, "at": 1712255471.44838}
{"obj": {"type": "LogFloats", "path": ["monitoring", "4d72a671", "memory"], "values": [{"value": 9.723018646240234, "step": null, "ts": 1712255471.448052}]}, "version": 306, "at": 1712255471.4487438}
{"obj": {"type": "LogFloats", "path": ["monitoring", "4d72a671", "cpu"], "values": [{"value": 96.7, "step": null, "ts": 1712255481.4539351}]}, "version": 307, "at": 1712255481.454315}
{"obj": {"type": "LogFloats", "path": ["monitoring", "4d72a671", "memory"], "values": [{"value": 9.638504028320312, "step": null, "ts": 1712255481.4539351}]}, "version": 308, "at": 1712255481.454684}
{"obj": {"type": "LogFloats", "path": ["monitoring", "4d72a671", "cpu"], "values": [{"value": 96.6, "step": null, "ts": 1712255491.458335}]}, "version": 309, "at": 1712255491.458695}
{"obj": {"type": "LogFloats", "path": ["monitoring", "4d72a671", "memory"], "values": [{"value": 9.71749496459961, "step": null, "ts": 1712255491.458335}]}, "version": 310, "at": 1712255491.459069}
{"obj": {"type": "LogFloats", "path": ["monitoring", "4d72a671", "cpu"], "values": [{"value": 97.5, "step": null, "ts": 1712255501.459855}]}, "version": 311, "at": 1712255501.460174}
{"obj": {"type": "LogFloats", "path": ["monitoring", "4d72a671", "memory"], "values": [{"value": 9.803848266601562, "step": null, "ts": 1712255501.459855}]}, "version": 312, "at": 1712255501.460476}
{"obj": {"type": "LogFloats", "path": ["monitoring", "4d72a671", "cpu"], "values": [{"value": 98.1, "step": null, "ts": 1712255511.4615612}]}, "version": 313, "at": 1712255511.461905}
{"obj": {"type": "LogFloats", "path": ["monitoring", "4d72a671", "memory"], "values": [{"value": 9.621192932128906, "step": null, "ts": 1712255511.4615612}]}, "version": 314, "at": 1712255511.462243}
{"obj": {"type": "LogFloats", "path": ["monitoring", "4d72a671", "cpu"], "values": [{"value": 98.4, "step": null, "ts": 1712255521.4712389}]}, "version": 315, "at": 1712255521.4715981}
{"obj": {"type": "LogFloats", "path": ["monitoring", "4d72a671", "memory"], "values": [{"value": 9.724090576171875, "step": null, "ts": 1712255521.4712389}]}, "version": 316, "at": 1712255521.4719691}
{"obj": {"type": "LogFloats", "path": ["monitoring", "4d72a671", "cpu"], "values": [{"value": 97.4, "step": null, "ts": 1712255531.4738061}]}, "version": 317, "at": 1712255531.474151}
{"obj": {"type": "LogFloats", "path": ["monitoring", "4d72a671", "memory"], "values": [{"value": 9.743152618408203, "step": null, "ts": 1712255531.4738061}]}, "version": 318, "at": 1712255531.4745312}
{"obj": {"type": "LogFloats", "path": ["monitoring", "4d72a671", "cpu"], "values": [{"value": 95.7, "step": null, "ts": 1712255541.474941}]}, "version": 319, "at": 1712255541.4753191}
{"obj": {"type": "LogFloats", "path": ["monitoring", "4d72a671", "memory"], "values": [{"value": 9.720870971679688, "step": null, "ts": 1712255541.474941}]}, "version": 320, "at": 1712255541.475683}
{"obj": {"type": "LogFloats", "path": ["monitoring", "4d72a671", "cpu"], "values": [{"value": 97.8, "step": null, "ts": 1712255551.4802089}]}, "version": 321, "at": 1712255551.480802}
{"obj": {"type": "LogFloats", "path": ["monitoring", "4d72a671", "memory"], "values": [{"value": 9.775623321533203, "step": null, "ts": 1712255551.4802089}]}, "version": 322, "at": 1712255551.481241}
{"obj": {"type": "LogFloats", "path": ["monitoring", "4d72a671", "cpu"], "values": [{"value": 97.2, "step": null, "ts": 1712255561.4820921}]}, "version": 323, "at": 1712255561.4824698}
{"obj": {"type": "LogFloats", "path": ["monitoring", "4d72a671", "memory"], "values": [{"value": 9.85689926147461, "step": null, "ts": 1712255561.4820921}]}, "version": 324, "at": 1712255561.482858}
{"obj": {"type": "LogFloats", "path": ["monitoring", "4d72a671", "cpu"], "values": [{"value": 98.1, "step": null, "ts": 1712255571.485131}]}, "version": 325, "at": 1712255571.485528}
{"obj": {"type": "LogFloats", "path": ["monitoring", "4d72a671", "memory"], "values": [{"value": 10.015792846679688, "step": null, "ts": 1712255571.485131}]}, "version": 326, "at": 1712255571.4859588}
{"obj": {"type": "LogFloats", "path": ["monitoring", "4d72a671", "cpu"], "values": [{"value": 94.4, "step": null, "ts": 1712255581.491074}]}, "version": 327, "at": 1712255581.491602}
{"obj": {"type": "LogFloats", "path": ["monitoring", "4d72a671", "memory"], "values": [{"value": 10.034942626953125, "step": null, "ts": 1712255581.491074}]}, "version": 328, "at": 1712255581.492129}
{"obj": {"type": "LogFloats", "path": ["monitoring", "4d72a671", "cpu"], "values": [{"value": 90.3, "step": null, "ts": 1712255591.494496}]}, "version": 329, "at": 1712255591.494922}
{"obj": {"type": "LogFloats", "path": ["monitoring", "4d72a671", "memory"], "values": [{"value": 9.774986267089844, "step": null, "ts": 1712255591.494496}]}, "version": 330, "at": 1712255591.495488}
{"obj": {"type": "LogFloats", "path": ["monitoring", "4d72a671", "cpu"], "values": [{"value": 95.8, "step": null, "ts": 1712255601.500751}]}, "version": 331, "at": 1712255601.501133}
{"obj": {"type": "LogFloats", "path": ["monitoring", "4d72a671", "memory"], "values": [{"value": 9.788871765136719, "step": null, "ts": 1712255601.500751}]}, "version": 332, "at": 1712255601.5015528}
{"obj": {"type": "LogFloats", "path": ["monitoring", "4d72a671", "cpu"], "values": [{"value": 98.0, "step": null, "ts": 1712255611.502836}]}, "version": 333, "at": 1712255611.50318}
{"obj": {"type": "LogFloats", "path": ["monitoring", "4d72a671", "memory"], "values": [{"value": 9.859188079833984, "step": null, "ts": 1712255611.502836}]}, "version": 334, "at": 1712255611.513694}
{"obj": {"type": "LogFloats", "path": ["monitoring", "4d72a671", "cpu"], "values": [{"value": 96.4, "step": null, "ts": 1712255621.517504}]}, "version": 335, "at": 1712255621.517879}
{"obj": {"type": "LogFloats", "path": ["monitoring", "4d72a671", "memory"], "values": [{"value": 9.781497955322266, "step": null, "ts": 1712255621.517504}]}, "version": 336, "at": 1712255621.518353}
{"obj": {"type": "LogFloats", "path": ["monitoring", "4d72a671", "cpu"], "values": [{"value": 98.2, "step": null, "ts": 1712255631.521421}]}, "version": 337, "at": 1712255631.5217721}
{"obj": {"type": "LogFloats", "path": ["monitoring", "4d72a671", "memory"], "values": [{"value": 9.969825744628906, "step": null, "ts": 1712255631.521421}]}, "version": 338, "at": 1712255631.522141}
{"obj": {"type": "LogFloats", "path": ["monitoring", "4d72a671", "cpu"], "values": [{"value": 97.9, "step": null, "ts": 1712255641.52276}]}, "version": 339, "at": 1712255641.523124}
{"obj": {"type": "LogFloats", "path": ["monitoring", "4d72a671", "memory"], "values": [{"value": 9.829017639160156, "step": null, "ts": 1712255641.52276}]}, "version": 340, "at": 1712255641.523529}
{"obj": {"type": "LogFloats", "path": ["monitoring", "4d72a671", "cpu"], "values": [{"value": 98.7, "step": null, "ts": 1712255651.527734}]}, "version": 341, "at": 1712255651.5281541}
{"obj": {"type": "LogFloats", "path": ["monitoring", "4d72a671", "memory"], "values": [{"value": 9.745246887207031, "step": null, "ts": 1712255651.527734}]}, "version": 342, "at": 1712255651.528584}
{"obj": {"type": "LogFloats", "path": ["monitoring", "4d72a671", "cpu"], "values": [{"value": 99.5, "step": null, "ts": 1712255661.533366}]}, "version": 343, "at": 1712255661.533729}
{"obj": {"type": "LogFloats", "path": ["monitoring", "4d72a671", "memory"], "values": [{"value": 9.732582092285156, "step": null, "ts": 1712255661.533366}]}, "version": 344, "at": 1712255661.534078}
{"obj": {"type": "LogFloats", "path": ["monitoring", "4d72a671", "cpu"], "values": [{"value": 98.6, "step": null, "ts": 1712255671.534264}]}, "version": 345, "at": 1712255671.534616}
{"obj": {"type": "LogFloats", "path": ["monitoring", "4d72a671", "memory"], "values": [{"value": 9.80794906616211, "step": null, "ts": 1712255671.534264}]}, "version": 346, "at": 1712255671.535028}
{"obj": {"type": "LogFloats", "path": ["monitoring", "4d72a671", "cpu"], "values": [{"value": 97.3, "step": null, "ts": 1712255681.540075}]}, "version": 347, "at": 1712255681.54069}
{"obj": {"type": "LogFloats", "path": ["monitoring", "4d72a671", "memory"], "values": [{"value": 9.820442199707031, "step": null, "ts": 1712255681.540075}]}, "version": 348, "at": 1712255681.541228}
{"obj": {"type": "LogFloats", "path": ["monitoring", "4d72a671", "cpu"], "values": [{"value": 91.6, "step": null, "ts": 1712255691.545133}]}, "version": 349, "at": 1712255691.5454998}
{"obj": {"type": "LogFloats", "path": ["monitoring", "4d72a671", "memory"], "values": [{"value": 9.905010223388672, "step": null, "ts": 1712255691.545133}]}, "version": 350, "at": 1712255691.545868}
{"obj": {"type": "LogFloats", "path": ["monitoring", "4d72a671", "cpu"], "values": [{"value": 92.7, "step": null, "ts": 1712255701.548597}]}, "version": 351, "at": 1712255701.548907}
{"obj": {"type": "LogFloats", "path": ["monitoring", "4d72a671", "memory"], "values": [{"value": 9.968772888183594, "step": null, "ts": 1712255701.548597}]}, "version": 352, "at": 1712255701.549217}
{"obj": {"type": "LogFloats", "path": ["monitoring", "4d72a671", "cpu"], "values": [{"value": 94.6, "step": null, "ts": 1712255711.557726}]}, "version": 353, "at": 1712255711.558081}
{"obj": {"type": "LogFloats", "path": ["monitoring", "4d72a671", "memory"], "values": [{"value": 9.857112884521484, "step": null, "ts": 1712255711.557726}]}, "version": 354, "at": 1712255711.5584671}
{"obj": {"type": "LogFloats", "path": ["monitoring", "4d72a671", "cpu"], "values": [{"value": 98.0, "step": null, "ts": 1712255721.562038}]}, "version": 355, "at": 1712255721.562428}
{"obj": {"type": "LogFloats", "path": ["monitoring", "4d72a671", "memory"], "values": [{"value": 9.908882141113281, "step": null, "ts": 1712255721.562038}]}, "version": 356, "at": 1712255721.562926}
{"obj": {"type": "LogFloats", "path": ["monitoring", "4d72a671", "cpu"], "values": [{"value": 92.9, "step": null, "ts": 1712255731.5638888}]}, "version": 357, "at": 1712255731.564348}
{"obj": {"type": "LogFloats", "path": ["monitoring", "4d72a671", "memory"], "values": [{"value": 9.662311553955078, "step": null, "ts": 1712255731.5638888}]}, "version": 358, "at": 1712255731.564694}
{"obj": {"type": "LogFloats", "path": ["monitoring", "4d72a671", "cpu"], "values": [{"value": 94.4, "step": null, "ts": 1712255741.567179}]}, "version": 359, "at": 1712255741.567543}
{"obj": {"type": "LogFloats", "path": ["monitoring", "4d72a671", "memory"], "values": [{"value": 9.713737487792969, "step": null, "ts": 1712255741.567179}]}, "version": 360, "at": 1712255741.56791}
{"obj": {"type": "LogFloats", "path": ["monitoring", "4d72a671", "cpu"], "values": [{"value": 90.7, "step": null, "ts": 1712255751.571161}]}, "version": 361, "at": 1712255751.571605}
{"obj": {"type": "LogFloats", "path": ["monitoring", "4d72a671", "memory"], "values": [{"value": 9.830883026123047, "step": null, "ts": 1712255751.571161}]}, "version": 362, "at": 1712255751.571978}
{"obj": {"type": "LogFloats", "path": ["monitoring", "4d72a671", "cpu"], "values": [{"value": 91.8, "step": null, "ts": 1712255761.5730848}]}, "version": 363, "at": 1712255761.573457}
{"obj": {"type": "LogFloats", "path": ["monitoring", "4d72a671", "memory"], "values": [{"value": 9.916240692138672, "step": null, "ts": 1712255761.5730848}]}, "version": 364, "at": 1712255761.573942}
{"obj": {"type": "LogFloats", "path": ["monitoring", "4d72a671", "cpu"], "values": [{"value": 97.6, "step": null, "ts": 1712255771.57675}]}, "version": 365, "at": 1712255771.5771892}
{"obj": {"type": "LogFloats", "path": ["monitoring", "4d72a671", "memory"], "values": [{"value": 9.888893127441406, "step": null, "ts": 1712255771.57675}]}, "version": 366, "at": 1712255771.577609}
{"obj": {"type": "LogFloats", "path": ["monitoring", "4d72a671", "cpu"], "values": [{"value": 97.3, "step": null, "ts": 1712255781.5780952}]}, "version": 367, "at": 1712255781.578479}
{"obj": {"type": "LogFloats", "path": ["monitoring", "4d72a671", "memory"], "values": [{"value": 9.870899200439453, "step": null, "ts": 1712255781.5780952}]}, "version": 368, "at": 1712255781.5788522}
{"obj": {"type": "LogFloats", "path": ["monitoring", "4d72a671", "cpu"], "values": [{"value": 97.3, "step": null, "ts": 1712255791.5840461}]}, "version": 369, "at": 1712255791.584418}
{"obj": {"type": "LogFloats", "path": ["monitoring", "4d72a671", "memory"], "values": [{"value": 9.824813842773438, "step": null, "ts": 1712255791.5840461}]}, "version": 370, "at": 1712255791.5847838}
{"obj": {"type": "LogFloats", "path": ["monitoring", "4d72a671", "cpu"], "values": [{"value": 97.7, "step": null, "ts": 1712255801.588984}]}, "version": 371, "at": 1712255801.589337}
{"obj": {"type": "LogFloats", "path": ["monitoring", "4d72a671", "memory"], "values": [{"value": 9.791996002197266, "step": null, "ts": 1712255801.588984}]}, "version": 372, "at": 1712255801.5897222}
{"obj": {"type": "LogFloats", "path": ["monitoring", "4d72a671", "cpu"], "values": [{"value": 97.1, "step": null, "ts": 1712255811.5923069}]}, "version": 373, "at": 1712255811.59264}
{"obj": {"type": "LogFloats", "path": ["monitoring", "4d72a671", "memory"], "values": [{"value": 9.868000030517578, "step": null, "ts": 1712255811.5923069}]}, "version": 374, "at": 1712255811.593007}
{"obj": {"type": "LogFloats", "path": ["monitoring", "4d72a671", "cpu"], "values": [{"value": 98.1, "step": null, "ts": 1712255821.593338}]}, "version": 375, "at": 1712255821.593729}
{"obj": {"type": "LogFloats", "path": ["monitoring", "4d72a671", "memory"], "values": [{"value": 9.806011199951172, "step": null, "ts": 1712255821.593338}]}, "version": 376, "at": 1712255821.5940979}
{"obj": {"type": "LogFloats", "path": ["monitoring", "4d72a671", "cpu"], "values": [{"value": 98.0, "step": null, "ts": 1712255831.5962088}]}, "version": 377, "at": 1712255831.596577}
{"obj": {"type": "LogFloats", "path": ["monitoring", "4d72a671", "memory"], "values": [{"value": 9.877761840820312, "step": null, "ts": 1712255831.5962088}]}, "version": 378, "at": 1712255831.596988}
{"obj": {"type": "LogFloats", "path": ["monitoring", "4d72a671", "cpu"], "values": [{"value": 97.6, "step": null, "ts": 1712255841.601527}]}, "version": 379, "at": 1712255841.6018748}
{"obj": {"type": "LogFloats", "path": ["monitoring", "4d72a671", "memory"], "values": [{"value": 9.817699432373047, "step": null, "ts": 1712255841.601527}]}, "version": 380, "at": 1712255841.602241}
{"obj": {"type": "LogFloats", "path": ["monitoring", "4d72a671", "cpu"], "values": [{"value": 98.3, "step": null, "ts": 1712255851.605024}]}, "version": 381, "at": 1712255851.605389}
{"obj": {"type": "LogFloats", "path": ["monitoring", "4d72a671", "memory"], "values": [{"value": 9.711734771728516, "step": null, "ts": 1712255851.605024}]}, "version": 382, "at": 1712255851.605767}
{"obj": {"type": "LogFloats", "path": ["monitoring", "4d72a671", "cpu"], "values": [{"value": 98.1, "step": null, "ts": 1712255861.609759}]}, "version": 383, "at": 1712255861.610347}
{"obj": {"type": "LogFloats", "path": ["monitoring", "4d72a671", "memory"], "values": [{"value": 9.890556335449219, "step": null, "ts": 1712255861.609759}]}, "version": 384, "at": 1712255861.610741}
{"obj": {"type": "LogFloats", "path": ["monitoring", "4d72a671", "cpu"], "values": [{"value": 98.4, "step": null, "ts": 1712255871.611063}]}, "version": 385, "at": 1712255871.611423}
{"obj": {"type": "LogFloats", "path": ["monitoring", "4d72a671", "memory"], "values": [{"value": 9.789459228515625, "step": null, "ts": 1712255871.611063}]}, "version": 386, "at": 1712255871.611806}
{"obj": {"type": "LogFloats", "path": ["monitoring", "4d72a671", "cpu"], "values": [{"value": 97.5, "step": null, "ts": 1712255881.6147552}]}, "version": 387, "at": 1712255881.615092}
{"obj": {"type": "LogFloats", "path": ["monitoring", "4d72a671", "memory"], "values": [{"value": 9.647655487060547, "step": null, "ts": 1712255881.6147552}]}, "version": 388, "at": 1712255881.6153889}
{"obj": {"type": "LogFloats", "path": ["monitoring", "4d72a671", "cpu"], "values": [{"value": 94.5, "step": null, "ts": 1712255891.6198971}]}, "version": 389, "at": 1712255891.6202738}
{"obj": {"type": "LogFloats", "path": ["monitoring", "4d72a671", "memory"], "values": [{"value": 9.739364624023438, "step": null, "ts": 1712255891.6198971}]}, "version": 390, "at": 1712255891.620645}
{"obj": {"type": "LogFloats", "path": ["monitoring", "4d72a671", "cpu"], "values": [{"value": 98.4, "step": null, "ts": 1712255901.621291}]}, "version": 391, "at": 1712255901.6216478}
{"obj": {"type": "LogFloats", "path": ["monitoring", "4d72a671", "memory"], "values": [{"value": 9.779243469238281, "step": null, "ts": 1712255901.621291}]}, "version": 392, "at": 1712255901.622049}
{"obj": {"type": "LogFloats", "path": ["monitoring", "4d72a671", "cpu"], "values": [{"value": 98.2, "step": null, "ts": 1712255911.625962}]}, "version": 393, "at": 1712255911.626344}
{"obj": {"type": "LogFloats", "path": ["monitoring", "4d72a671", "memory"], "values": [{"value": 9.64004898071289, "step": null, "ts": 1712255911.625962}]}, "version": 394, "at": 1712255911.62674}
{"obj": {"type": "LogFloats", "path": ["monitoring", "4d72a671", "cpu"], "values": [{"value": 98.4, "step": null, "ts": 1712255921.6308339}]}, "version": 395, "at": 1712255921.631178}
{"obj": {"type": "LogFloats", "path": ["monitoring", "4d72a671", "memory"], "values": [{"value": 9.687183380126953, "step": null, "ts": 1712255921.6308339}]}, "version": 396, "at": 1712255921.631555}
{"obj": {"type": "LogFloats", "path": ["monitoring", "4d72a671", "cpu"], "values": [{"value": 96.8, "step": null, "ts": 1712255931.6375968}]}, "version": 397, "at": 1712255931.638135}
{"obj": {"type": "LogFloats", "path": ["monitoring", "4d72a671", "memory"], "values": [{"value": 9.64678955078125, "step": null, "ts": 1712255931.6375968}]}, "version": 398, "at": 1712255931.6384919}
{"obj": {"type": "LogFloats", "path": ["monitoring", "4d72a671", "cpu"], "values": [{"value": 96.6, "step": null, "ts": 1712255941.641161}]}, "version": 399, "at": 1712255941.6415281}
{"obj": {"type": "LogFloats", "path": ["monitoring", "4d72a671", "memory"], "values": [{"value": 9.69015884399414, "step": null, "ts": 1712255941.641161}]}, "version": 400, "at": 1712255941.6419132}
{"obj": {"type": "LogFloats", "path": ["monitoring", "4d72a671", "cpu"], "values": [{"value": 95.5, "step": null, "ts": 1712255951.642687}]}, "version": 401, "at": 1712255951.643025}
{"obj": {"type": "LogFloats", "path": ["monitoring", "4d72a671", "memory"], "values": [{"value": 9.751323699951172, "step": null, "ts": 1712255951.642687}]}, "version": 402, "at": 1712255951.643392}
{"obj": {"type": "LogFloats", "path": ["monitoring", "4d72a671", "cpu"], "values": [{"value": 98.3, "step": null, "ts": 1712255961.645351}]}, "version": 403, "at": 1712255961.645748}
{"obj": {"type": "LogFloats", "path": ["monitoring", "4d72a671", "memory"], "values": [{"value": 9.766345977783203, "step": null, "ts": 1712255961.645351}]}, "version": 404, "at": 1712255961.646133}
{"obj": {"type": "LogFloats", "path": ["monitoring", "4d72a671", "cpu"], "values": [{"value": 98.3, "step": null, "ts": 1712255971.649824}]}, "version": 405, "at": 1712255971.650181}
{"obj": {"type": "LogFloats", "path": ["monitoring", "4d72a671", "memory"], "values": [{"value": 9.76470947265625, "step": null, "ts": 1712255971.649824}]}, "version": 406, "at": 1712255971.6505358}
{"obj": {"type": "LogFloats", "path": ["monitoring", "4d72a671", "cpu"], "values": [{"value": 98.2, "step": null, "ts": 1712255981.6538298}]}, "version": 407, "at": 1712255981.654162}
{"obj": {"type": "LogFloats", "path": ["monitoring", "4d72a671", "memory"], "values": [{"value": 9.678245544433594, "step": null, "ts": 1712255981.6538298}]}, "version": 408, "at": 1712255981.6545112}
{"obj": {"type": "LogFloats", "path": ["monitoring", "4d72a671", "cpu"], "values": [{"value": 98.5, "step": null, "ts": 1712255991.6570292}]}, "version": 409, "at": 1712255991.657363}
{"obj": {"type": "LogFloats", "path": ["monitoring", "4d72a671", "memory"], "values": [{"value": 9.642967224121094, "step": null, "ts": 1712255991.6570292}]}, "version": 410, "at": 1712255991.6577039}
{"obj": {"type": "LogFloats", "path": ["monitoring", "4d72a671", "cpu"], "values": [{"value": 98.0, "step": null, "ts": 1712256001.660619}]}, "version": 411, "at": 1712256001.660974}
{"obj": {"type": "LogFloats", "path": ["monitoring", "4d72a671", "memory"], "values": [{"value": 9.799278259277344, "step": null, "ts": 1712256001.660619}]}, "version": 412, "at": 1712256001.661325}
{"obj": {"type": "LogFloats", "path": ["monitoring", "4d72a671", "cpu"], "values": [{"value": 98.4, "step": null, "ts": 1712256011.6645591}]}, "version": 413, "at": 1712256011.664938}
{"obj": {"type": "LogFloats", "path": ["monitoring", "4d72a671", "memory"], "values": [{"value": 9.896842956542969, "step": null, "ts": 1712256011.6645591}]}, "version": 414, "at": 1712256011.665333}
{"obj": {"type": "LogFloats", "path": ["monitoring", "4d72a671", "cpu"], "values": [{"value": 97.9, "step": null, "ts": 1712256021.667819}]}, "version": 415, "at": 1712256021.668156}
{"obj": {"type": "LogFloats", "path": ["monitoring", "4d72a671", "memory"], "values": [{"value": 9.730377197265625, "step": null, "ts": 1712256021.667819}]}, "version": 416, "at": 1712256021.668511}
{"obj": {"type": "LogFloats", "path": ["monitoring", "4d72a671", "cpu"], "values": [{"value": 97.8, "step": null, "ts": 1712256031.670413}]}, "version": 417, "at": 1712256031.67077}
{"obj": {"type": "LogFloats", "path": ["monitoring", "4d72a671", "memory"], "values": [{"value": 9.54476547241211, "step": null, "ts": 1712256031.670413}]}, "version": 418, "at": 1712256031.6711411}
{"obj": {"type": "LogFloats", "path": ["monitoring", "4d72a671", "cpu"], "values": [{"value": 98.2, "step": null, "ts": 1712256041.674259}]}, "version": 419, "at": 1712256041.674596}
{"obj": {"type": "LogFloats", "path": ["monitoring", "4d72a671", "memory"], "values": [{"value": 9.658931732177734, "step": null, "ts": 1712256041.674259}]}, "version": 420, "at": 1712256041.674953}
{"obj": {"type": "LogFloats", "path": ["monitoring", "4d72a671", "cpu"], "values": [{"value": 98.4, "step": null, "ts": 1712256051.677854}]}, "version": 421, "at": 1712256051.67823}
{"obj": {"type": "LogFloats", "path": ["monitoring", "4d72a671", "memory"], "values": [{"value": 9.803150177001953, "step": null, "ts": 1712256051.677854}]}, "version": 422, "at": 1712256051.6786282}
{"obj": {"type": "LogFloats", "path": ["monitoring", "4d72a671", "cpu"], "values": [{"value": 98.1, "step": null, "ts": 1712256061.681324}]}, "version": 423, "at": 1712256061.68165}
{"obj": {"type": "LogFloats", "path": ["monitoring", "4d72a671", "memory"], "values": [{"value": 9.89141845703125, "step": null, "ts": 1712256061.681324}]}, "version": 424, "at": 1712256061.682018}
{"obj": {"type": "LogFloats", "path": ["monitoring", "4d72a671", "cpu"], "values": [{"value": 98.2, "step": null, "ts": 1712256071.6864908}]}, "version": 425, "at": 1712256071.686858}
{"obj": {"type": "LogFloats", "path": ["monitoring", "4d72a671", "memory"], "values": [{"value": 9.605033874511719, "step": null, "ts": 1712256071.6864908}]}, "version": 426, "at": 1712256071.6872451}
{"obj": {"type": "LogFloats", "path": ["monitoring", "4d72a671", "cpu"], "values": [{"value": 98.2, "step": null, "ts": 1712256081.688756}]}, "version": 427, "at": 1712256081.68919}
{"obj": {"type": "LogFloats", "path": ["monitoring", "4d72a671", "memory"], "values": [{"value": 9.586746215820312, "step": null, "ts": 1712256081.688756}]}, "version": 428, "at": 1712256081.689591}
{"obj": {"type": "LogFloats", "path": ["monitoring", "4d72a671", "cpu"], "values": [{"value": 98.5, "step": null, "ts": 1712256091.6941051}]}, "version": 429, "at": 1712256091.694452}
{"obj": {"type": "LogFloats", "path": ["monitoring", "4d72a671", "memory"], "values": [{"value": 9.753799438476562, "step": null, "ts": 1712256091.6941051}]}, "version": 430, "at": 1712256091.694828}
{"obj": {"type": "LogFloats", "path": ["monitoring", "4d72a671", "cpu"], "values": [{"value": 98.2, "step": null, "ts": 1712256101.69925}]}, "version": 431, "at": 1712256101.699657}
{"obj": {"type": "LogFloats", "path": ["monitoring", "4d72a671", "memory"], "values": [{"value": 9.675857543945312, "step": null, "ts": 1712256101.69925}]}, "version": 432, "at": 1712256101.700052}
{"obj": {"type": "LogFloats", "path": ["monitoring", "4d72a671", "cpu"], "values": [{"value": 98.4, "step": null, "ts": 1712256111.7045078}]}, "version": 433, "at": 1712256111.704811}
{"obj": {"type": "LogFloats", "path": ["monitoring", "4d72a671", "memory"], "values": [{"value": 9.592948913574219, "step": null, "ts": 1712256111.7045078}]}, "version": 434, "at": 1712256111.7051048}
{"obj": {"type": "LogFloats", "path": ["monitoring", "4d72a671", "cpu"], "values": [{"value": 98.3, "step": null, "ts": 1712256121.706579}]}, "version": 435, "at": 1712256121.706919}
{"obj": {"type": "LogFloats", "path": ["monitoring", "4d72a671", "memory"], "values": [{"value": 9.654842376708984, "step": null, "ts": 1712256121.706579}]}, "version": 436, "at": 1712256121.707306}
{"obj": {"type": "LogFloats", "path": ["monitoring", "4d72a671", "cpu"], "values": [{"value": 98.6, "step": null, "ts": 1712256131.711904}]}, "version": 437, "at": 1712256131.712306}
{"obj": {"type": "LogFloats", "path": ["monitoring", "4d72a671", "memory"], "values": [{"value": 9.593387603759766, "step": null, "ts": 1712256131.711904}]}, "version": 438, "at": 1712256131.7127879}
{"obj": {"type": "LogFloats", "path": ["monitoring", "4d72a671", "cpu"], "values": [{"value": 98.4, "step": null, "ts": 1712256141.718008}]}, "version": 439, "at": 1712256141.7183528}
{"obj": {"type": "LogFloats", "path": ["monitoring", "4d72a671", "memory"], "values": [{"value": 9.619758605957031, "step": null, "ts": 1712256141.718008}]}, "version": 440, "at": 1712256141.7187269}
{"obj": {"type": "LogFloats", "path": ["monitoring", "4d72a671", "cpu"], "values": [{"value": 98.2, "step": null, "ts": 1712256151.7224598}]}, "version": 441, "at": 1712256151.722851}
{"obj": {"type": "LogFloats", "path": ["monitoring", "4d72a671", "memory"], "values": [{"value": 9.854515075683594, "step": null, "ts": 1712256151.7224598}]}, "version": 442, "at": 1712256151.723222}
{"obj": {"type": "LogFloats", "path": ["monitoring", "4d72a671", "cpu"], "values": [{"value": 97.1, "step": null, "ts": 1712256161.725884}]}, "version": 443, "at": 1712256161.726261}
{"obj": {"type": "LogFloats", "path": ["monitoring", "4d72a671", "memory"], "values": [{"value": 9.968154907226562, "step": null, "ts": 1712256161.725884}]}, "version": 444, "at": 1712256161.726649}
{"obj": {"type": "LogFloats", "path": ["monitoring", "4d72a671", "cpu"], "values": [{"value": 97.0, "step": null, "ts": 1712256171.727296}]}, "version": 445, "at": 1712256171.727695}
{"obj": {"type": "LogFloats", "path": ["monitoring", "4d72a671", "memory"], "values": [{"value": 9.68008804321289, "step": null, "ts": 1712256171.727296}]}, "version": 446, "at": 1712256171.728108}
{"obj": {"type": "LogFloats", "path": ["monitoring", "4d72a671", "cpu"], "values": [{"value": 97.6, "step": null, "ts": 1712256181.733324}]}, "version": 447, "at": 1712256181.733643}
{"obj": {"type": "LogFloats", "path": ["monitoring", "4d72a671", "memory"], "values": [{"value": 9.602123260498047, "step": null, "ts": 1712256181.733324}]}, "version": 448, "at": 1712256181.733952}
{"obj": {"type": "LogFloats", "path": ["monitoring", "4d72a671", "cpu"], "values": [{"value": 96.8, "step": null, "ts": 1712256191.73541}]}, "version": 449, "at": 1712256191.735796}
{"obj": {"type": "LogFloats", "path": ["monitoring", "4d72a671", "memory"], "values": [{"value": 9.824092864990234, "step": null, "ts": 1712256191.73541}]}, "version": 450, "at": 1712256191.736182}
{"obj": {"type": "LogFloats", "path": ["monitoring", "4d72a671", "cpu"], "values": [{"value": 96.3, "step": null, "ts": 1712256201.741376}]}, "version": 451, "at": 1712256201.741749}
{"obj": {"type": "LogFloats", "path": ["monitoring", "4d72a671", "memory"], "values": [{"value": 9.911788940429688, "step": null, "ts": 1712256201.741376}]}, "version": 452, "at": 1712256201.74212}
{"obj": {"type": "LogFloats", "path": ["monitoring", "4d72a671", "cpu"], "values": [{"value": 97.0, "step": null, "ts": 1712256211.7441401}]}, "version": 453, "at": 1712256211.7445052}
{"obj": {"type": "LogFloats", "path": ["monitoring", "4d72a671", "memory"], "values": [{"value": 9.623886108398438, "step": null, "ts": 1712256211.7441401}]}, "version": 454, "at": 1712256211.744898}
{"obj": {"type": "LogFloats", "path": ["monitoring", "4d72a671", "cpu"], "values": [{"value": 96.4, "step": null, "ts": 1712256221.7512589}]}, "version": 455, "at": 1712256221.751589}
{"obj": {"type": "LogFloats", "path": ["monitoring", "4d72a671", "memory"], "values": [{"value": 9.635528564453125, "step": null, "ts": 1712256221.7512589}]}, "version": 456, "at": 1712256221.7519119}
{"obj": {"type": "LogFloats", "path": ["monitoring", "4d72a671", "cpu"], "values": [{"value": 98.2, "step": null, "ts": 1712256231.75223}]}, "version": 457, "at": 1712256231.7525811}
{"obj": {"type": "LogFloats", "path": ["monitoring", "4d72a671", "memory"], "values": [{"value": 9.62612533569336, "step": null, "ts": 1712256231.75223}]}, "version": 458, "at": 1712256231.752949}
{"obj": {"type": "LogFloats", "path": ["monitoring", "4d72a671", "cpu"], "values": [{"value": 98.0, "step": null, "ts": 1712256241.757629}]}, "version": 459, "at": 1712256241.757963}
{"obj": {"type": "LogFloats", "path": ["monitoring", "4d72a671", "memory"], "values": [{"value": 9.81998062133789, "step": null, "ts": 1712256241.757629}]}, "version": 460, "at": 1712256241.7582998}
{"obj": {"type": "LogFloats", "path": ["monitoring", "4d72a671", "cpu"], "values": [{"value": 98.0, "step": null, "ts": 1712256251.758528}]}, "version": 461, "at": 1712256251.7589178}
{"obj": {"type": "LogFloats", "path": ["monitoring", "4d72a671", "memory"], "values": [{"value": 9.700695037841797, "step": null, "ts": 1712256251.758528}]}, "version": 462, "at": 1712256251.75932}
{"obj": {"type": "LogFloats", "path": ["monitoring", "4d72a671", "cpu"], "values": [{"value": 98.0, "step": null, "ts": 1712256261.760989}]}, "version": 463, "at": 1712256261.761224}
{"obj": {"type": "LogFloats", "path": ["monitoring", "4d72a671", "memory"], "values": [{"value": 9.613006591796875, "step": null, "ts": 1712256261.760989}]}, "version": 464, "at": 1712256261.761436}
{"obj": {"type": "LogFloats", "path": ["monitoring", "4d72a671", "cpu"], "values": [{"value": 98.4, "step": null, "ts": 1712256271.76258}]}, "version": 465, "at": 1712256271.762903}
{"obj": {"type": "LogFloats", "path": ["monitoring", "4d72a671", "memory"], "values": [{"value": 9.690662384033203, "step": null, "ts": 1712256271.76258}]}, "version": 466, "at": 1712256271.763249}
{"obj": {"type": "LogFloats", "path": ["monitoring", "4d72a671", "cpu"], "values": [{"value": 98.0, "step": null, "ts": 1712256281.765696}]}, "version": 467, "at": 1712256281.766051}
{"obj": {"type": "LogFloats", "path": ["monitoring", "4d72a671", "memory"], "values": [{"value": 9.617263793945312, "step": null, "ts": 1712256281.765696}]}, "version": 468, "at": 1712256281.7664268}
{"obj": {"type": "LogFloats", "path": ["monitoring", "4d72a671", "cpu"], "values": [{"value": 97.6, "step": null, "ts": 1712256291.774839}]}, "version": 469, "at": 1712256291.7752142}
{"obj": {"type": "LogFloats", "path": ["monitoring", "4d72a671", "memory"], "values": [{"value": 9.661972045898438, "step": null, "ts": 1712256291.774839}]}, "version": 470, "at": 1712256291.7756212}
{"obj": {"type": "LogFloats", "path": ["monitoring", "4d72a671", "cpu"], "values": [{"value": 97.9, "step": null, "ts": 1712256301.7770932}]}, "version": 471, "at": 1712256301.777462}
{"obj": {"type": "LogFloats", "path": ["monitoring", "4d72a671", "memory"], "values": [{"value": 9.91904067993164, "step": null, "ts": 1712256301.7770932}]}, "version": 472, "at": 1712256301.7779431}
{"obj": {"type": "LogFloats", "path": ["monitoring", "4d72a671", "cpu"], "values": [{"value": 96.8, "step": null, "ts": 1712256311.7823129}]}, "version": 473, "at": 1712256311.7826471}
{"obj": {"type": "LogFloats", "path": ["monitoring", "4d72a671", "memory"], "values": [{"value": 9.870147705078125, "step": null, "ts": 1712256311.7823129}]}, "version": 474, "at": 1712256311.782992}
{"obj": {"type": "LogFloats", "path": ["monitoring", "4d72a671", "cpu"], "values": [{"value": 96.2, "step": null, "ts": 1712256321.7841668}]}, "version": 475, "at": 1712256321.784502}
{"obj": {"type": "LogFloats", "path": ["monitoring", "4d72a671", "memory"], "values": [{"value": 9.945266723632812, "step": null, "ts": 1712256321.7841668}]}, "version": 476, "at": 1712256321.784941}
{"obj": {"type": "LogFloats", "path": ["monitoring", "4d72a671", "cpu"], "values": [{"value": 97.1, "step": null, "ts": 1712256331.7877948}]}, "version": 477, "at": 1712256331.788297}
{"obj": {"type": "LogFloats", "path": ["monitoring", "4d72a671", "memory"], "values": [{"value": 9.653472900390625, "step": null, "ts": 1712256331.7877948}]}, "version": 478, "at": 1712256331.788803}
{"obj": {"type": "LogFloats", "path": ["monitoring", "4d72a671", "cpu"], "values": [{"value": 99.4, "step": null, "ts": 1712256341.7940822}]}, "version": 479, "at": 1712256341.794464}
{"obj": {"type": "LogFloats", "path": ["monitoring", "4d72a671", "memory"], "values": [{"value": 9.6729736328125, "step": null, "ts": 1712256341.7940822}]}, "version": 480, "at": 1712256341.794883}
{"obj": {"type": "LogFloats", "path": ["monitoring", "4d72a671", "cpu"], "values": [{"value": 99.0, "step": null, "ts": 1712256351.796383}]}, "version": 481, "at": 1712256351.796787}
{"obj": {"type": "LogFloats", "path": ["monitoring", "4d72a671", "memory"], "values": [{"value": 9.895523071289062, "step": null, "ts": 1712256351.796383}]}, "version": 482, "at": 1712256351.797193}
{"obj": {"type": "LogFloats", "path": ["monitoring", "4d72a671", "cpu"], "values": [{"value": 99.1, "step": null, "ts": 1712256361.8003142}]}, "version": 483, "at": 1712256361.800666}
{"obj": {"type": "LogFloats", "path": ["monitoring", "4d72a671", "memory"], "values": [{"value": 9.89236831665039, "step": null, "ts": 1712256361.8003142}]}, "version": 484, "at": 1712256361.80101}
{"obj": {"type": "LogFloats", "path": ["monitoring", "4d72a671", "cpu"], "values": [{"value": 99.5, "step": null, "ts": 1712256371.8022568}]}, "version": 485, "at": 1712256371.8026009}
{"obj": {"type": "LogFloats", "path": ["monitoring", "4d72a671", "memory"], "values": [{"value": 9.643680572509766, "step": null, "ts": 1712256371.8022568}]}, "version": 486, "at": 1712256371.803194}
{"obj": {"type": "LogFloats", "path": ["monitoring", "4d72a671", "cpu"], "values": [{"value": 98.0, "step": null, "ts": 1712256381.80446}]}, "version": 487, "at": 1712256381.804799}
{"obj": {"type": "LogFloats", "path": ["monitoring", "4d72a671", "memory"], "values": [{"value": 9.65719223022461, "step": null, "ts": 1712256381.80446}]}, "version": 488, "at": 1712256381.805154}
{"obj": {"type": "LogFloats", "path": ["monitoring", "4d72a671", "cpu"], "values": [{"value": 99.7, "step": null, "ts": 1712256391.806887}]}, "version": 489, "at": 1712256391.8087401}
{"obj": {"type": "LogFloats", "path": ["monitoring", "4d72a671", "memory"], "values": [{"value": 9.90936279296875, "step": null, "ts": 1712256391.806887}]}, "version": 490, "at": 1712256391.809279}
{"obj": {"type": "LogFloats", "path": ["monitoring", "4d72a671", "cpu"], "values": [{"value": 99.7, "step": null, "ts": 1712256401.8100219}]}, "version": 491, "at": 1712256401.810476}
{"obj": {"type": "LogFloats", "path": ["monitoring", "4d72a671", "memory"], "values": [{"value": 9.779354095458984, "step": null, "ts": 1712256401.8100219}]}, "version": 492, "at": 1712256401.810922}
{"obj": {"type": "LogFloats", "path": ["monitoring", "4d72a671", "cpu"], "values": [{"value": 99.7, "step": null, "ts": 1712256411.811594}]}, "version": 493, "at": 1712256411.81195}
{"obj": {"type": "LogFloats", "path": ["monitoring", "4d72a671", "memory"], "values": [{"value": 9.663856506347656, "step": null, "ts": 1712256411.811594}]}, "version": 494, "at": 1712256411.812351}
{"obj": {"type": "LogFloats", "path": ["monitoring", "4d72a671", "cpu"], "values": [{"value": 99.6, "step": null, "ts": 1712256421.816013}]}, "version": 495, "at": 1712256421.816349}
{"obj": {"type": "LogFloats", "path": ["monitoring", "4d72a671", "memory"], "values": [{"value": 9.730079650878906, "step": null, "ts": 1712256421.816013}]}, "version": 496, "at": 1712256421.816715}
{"obj": {"type": "LogFloats", "path": ["monitoring", "4d72a671", "cpu"], "values": [{"value": 99.6, "step": null, "ts": 1712256431.817533}]}, "version": 497, "at": 1712256431.817892}
{"obj": {"type": "LogFloats", "path": ["monitoring", "4d72a671", "memory"], "values": [{"value": 9.695018768310547, "step": null, "ts": 1712256431.817533}]}, "version": 498, "at": 1712256431.818263}
{"obj": {"type": "LogFloats", "path": ["monitoring", "4d72a671", "cpu"], "values": [{"value": 99.8, "step": null, "ts": 1712256441.818571}]}, "version": 499, "at": 1712256441.8189068}
{"obj": {"type": "LogFloats", "path": ["monitoring", "4d72a671", "memory"], "values": [{"value": 9.716861724853516, "step": null, "ts": 1712256441.818571}]}, "version": 500, "at": 1712256441.819278}
{"obj": {"type": "LogFloats", "path": ["monitoring", "4d72a671", "cpu"], "values": [{"value": 99.7, "step": null, "ts": 1712256451.8194938}]}, "version": 501, "at": 1712256451.8199208}
{"obj": {"type": "LogFloats", "path": ["monitoring", "4d72a671", "memory"], "values": [{"value": 9.702655792236328, "step": null, "ts": 1712256451.8194938}]}, "version": 502, "at": 1712256451.820318}
{"obj": {"type": "LogFloats", "path": ["monitoring", "4d72a671", "cpu"], "values": [{"value": 99.6, "step": null, "ts": 1712256461.82094}]}, "version": 503, "at": 1712256461.821289}
{"obj": {"type": "LogFloats", "path": ["monitoring", "4d72a671", "memory"], "values": [{"value": 9.763904571533203, "step": null, "ts": 1712256461.82094}]}, "version": 504, "at": 1712256461.8216472}
{"obj": {"type": "LogFloats", "path": ["monitoring", "4d72a671", "cpu"], "values": [{"value": 99.7, "step": null, "ts": 1712256471.825124}]}, "version": 505, "at": 1712256471.8254662}
{"obj": {"type": "LogFloats", "path": ["monitoring", "4d72a671", "memory"], "values": [{"value": 9.816566467285156, "step": null, "ts": 1712256471.825124}]}, "version": 506, "at": 1712256471.825852}
{"obj": {"type": "LogFloats", "path": ["monitoring", "4d72a671", "cpu"], "values": [{"value": 99.4, "step": null, "ts": 1712256481.828758}]}, "version": 507, "at": 1712256481.829119}
{"obj": {"type": "LogFloats", "path": ["monitoring", "4d72a671", "memory"], "values": [{"value": 9.75341796875, "step": null, "ts": 1712256481.828758}]}, "version": 508, "at": 1712256481.829484}
{"obj": {"type": "LogFloats", "path": ["monitoring", "4d72a671", "cpu"], "values": [{"value": 99.5, "step": null, "ts": 1712256491.832622}]}, "version": 509, "at": 1712256491.8331058}
{"obj": {"type": "LogFloats", "path": ["monitoring", "4d72a671", "memory"], "values": [{"value": 9.671783447265625, "step": null, "ts": 1712256491.832622}]}, "version": 510, "at": 1712256491.835614}
{"obj": {"type": "LogFloats", "path": ["monitoring", "4d72a671", "cpu"], "values": [{"value": 98.5, "step": null, "ts": 1712256501.838494}]}, "version": 511, "at": 1712256501.8388429}
{"obj": {"type": "LogFloats", "path": ["monitoring", "4d72a671", "memory"], "values": [{"value": 9.637393951416016, "step": null, "ts": 1712256501.838494}]}, "version": 512, "at": 1712256501.8391948}
{"obj": {"type": "LogFloats", "path": ["monitoring", "4d72a671", "cpu"], "values": [{"value": 99.0, "step": null, "ts": 1712256511.844369}]}, "version": 513, "at": 1712256511.8447208}
{"obj": {"type": "LogFloats", "path": ["monitoring", "4d72a671", "memory"], "values": [{"value": 9.753166198730469, "step": null, "ts": 1712256511.844369}]}, "version": 514, "at": 1712256511.845108}
{"obj": {"type": "LogFloats", "path": ["monitoring", "4d72a671", "cpu"], "values": [{"value": 99.7, "step": null, "ts": 1712256521.848821}]}, "version": 515, "at": 1712256521.849174}
{"obj": {"type": "LogFloats", "path": ["monitoring", "4d72a671", "memory"], "values": [{"value": 9.754661560058594, "step": null, "ts": 1712256521.848821}]}, "version": 516, "at": 1712256521.8495429}
{"obj": {"type": "LogFloats", "path": ["monitoring", "4d72a671", "cpu"], "values": [{"value": 99.8, "step": null, "ts": 1712256531.85474}]}, "version": 517, "at": 1712256531.855123}
{"obj": {"type": "LogFloats", "path": ["monitoring", "4d72a671", "memory"], "values": [{"value": 9.564311981201172, "step": null, "ts": 1712256531.85474}]}, "version": 518, "at": 1712256531.855513}
{"obj": {"type": "LogFloats", "path": ["monitoring", "4d72a671", "cpu"], "values": [{"value": 99.5, "step": null, "ts": 1712256541.856707}]}, "version": 519, "at": 1712256541.857049}
{"obj": {"type": "LogFloats", "path": ["monitoring", "4d72a671", "memory"], "values": [{"value": 9.642860412597656, "step": null, "ts": 1712256541.856707}]}, "version": 520, "at": 1712256541.857414}
{"obj": {"type": "LogFloats", "path": ["monitoring", "4d72a671", "cpu"], "values": [{"value": 99.6, "step": null, "ts": 1712256551.8576798}]}, "version": 521, "at": 1712256551.858038}
{"obj": {"type": "LogFloats", "path": ["monitoring", "4d72a671", "memory"], "values": [{"value": 9.654258728027344, "step": null, "ts": 1712256551.8576798}]}, "version": 522, "at": 1712256551.858402}
{"obj": {"type": "LogFloats", "path": ["monitoring", "4d72a671", "cpu"], "values": [{"value": 98.9, "step": null, "ts": 1712256561.863586}]}, "version": 523, "at": 1712256561.8639932}
{"obj": {"type": "LogFloats", "path": ["monitoring", "4d72a671", "memory"], "values": [{"value": 9.761306762695312, "step": null, "ts": 1712256561.863586}]}, "version": 524, "at": 1712256561.864446}
{"obj": {"type": "LogFloats", "path": ["monitoring", "4d72a671", "cpu"], "values": [{"value": 99.7, "step": null, "ts": 1712256571.86555}]}, "version": 525, "at": 1712256571.8659499}
{"obj": {"type": "LogFloats", "path": ["monitoring", "4d72a671", "memory"], "values": [{"value": 9.572731018066406, "step": null, "ts": 1712256571.86555}]}, "version": 526, "at": 1712256571.86636}
{"obj": {"type": "LogFloats", "path": ["monitoring", "4d72a671", "cpu"], "values": [{"value": 99.7, "step": null, "ts": 1712256581.86712}]}, "version": 527, "at": 1712256581.867454}
{"obj": {"type": "LogFloats", "path": ["monitoring", "4d72a671", "memory"], "values": [{"value": 9.576210021972656, "step": null, "ts": 1712256581.86712}]}, "version": 528, "at": 1712256581.867778}
{"obj": {"type": "LogFloats", "path": ["monitoring", "4d72a671", "cpu"], "values": [{"value": 99.8, "step": null, "ts": 1712256591.8715289}]}, "version": 529, "at": 1712256591.871862}
{"obj": {"type": "LogFloats", "path": ["monitoring", "4d72a671", "memory"], "values": [{"value": 9.578079223632812, "step": null, "ts": 1712256591.8715289}]}, "version": 530, "at": 1712256591.872221}
{"obj": {"type": "LogFloats", "path": ["monitoring", "4d72a671", "cpu"], "values": [{"value": 99.5, "step": null, "ts": 1712256601.8759968}]}, "version": 531, "at": 1712256601.87641}
{"obj": {"type": "LogFloats", "path": ["monitoring", "4d72a671", "memory"], "values": [{"value": 9.58685302734375, "step": null, "ts": 1712256601.8759968}]}, "version": 532, "at": 1712256601.876841}
{"obj": {"type": "LogFloats", "path": ["monitoring", "4d72a671", "cpu"], "values": [{"value": 99.7, "step": null, "ts": 1712256611.88149}]}, "version": 533, "at": 1712256611.881846}
{"obj": {"type": "LogFloats", "path": ["monitoring", "4d72a671", "memory"], "values": [{"value": 9.837730407714844, "step": null, "ts": 1712256611.88149}]}, "version": 534, "at": 1712256611.8822432}
{"obj": {"type": "LogFloats", "path": ["monitoring", "4d72a671", "cpu"], "values": [{"value": 99.7, "step": null, "ts": 1712256621.883095}]}, "version": 535, "at": 1712256621.8834748}
{"obj": {"type": "LogFloats", "path": ["monitoring", "4d72a671", "memory"], "values": [{"value": 9.689800262451172, "step": null, "ts": 1712256621.883095}]}, "version": 536, "at": 1712256621.918446}
{"obj": {"type": "LogFloats", "path": ["monitoring", "4d72a671", "cpu"], "values": [{"value": 99.7, "step": null, "ts": 1712256631.922389}]}, "version": 537, "at": 1712256631.922731}
{"obj": {"type": "LogFloats", "path": ["monitoring", "4d72a671", "memory"], "values": [{"value": 9.863670349121094, "step": null, "ts": 1712256631.922389}]}, "version": 538, "at": 1712256631.9230971}
{"obj": {"type": "LogFloats", "path": ["monitoring", "4d72a671", "cpu"], "values": [{"value": 99.6, "step": null, "ts": 1712256641.925708}]}, "version": 539, "at": 1712256641.926062}
{"obj": {"type": "LogFloats", "path": ["monitoring", "4d72a671", "memory"], "values": [{"value": 9.796630859375, "step": null, "ts": 1712256641.925708}]}, "version": 540, "at": 1712256641.926442}
{"obj": {"type": "LogFloats", "path": ["monitoring", "4d72a671", "cpu"], "values": [{"value": 99.8, "step": null, "ts": 1712256651.9311302}]}, "version": 541, "at": 1712256651.931513}
{"obj": {"type": "LogFloats", "path": ["monitoring", "4d72a671", "memory"], "values": [{"value": 9.839351654052734, "step": null, "ts": 1712256651.9311302}]}, "version": 542, "at": 1712256651.931933}
{"obj": {"type": "LogFloats", "path": ["monitoring", "4d72a671", "cpu"], "values": [{"value": 99.5, "step": null, "ts": 1712256661.9330492}]}, "version": 543, "at": 1712256661.93341}
{"obj": {"type": "LogFloats", "path": ["monitoring", "4d72a671", "memory"], "values": [{"value": 9.750019073486328, "step": null, "ts": 1712256661.9330492}]}, "version": 544, "at": 1712256661.9337852}
{"obj": {"type": "LogFloats", "path": ["monitoring", "4d72a671", "cpu"], "values": [{"value": 99.7, "step": null, "ts": 1712256671.935147}]}, "version": 545, "at": 1712256671.9355211}
{"obj": {"type": "LogFloats", "path": ["monitoring", "4d72a671", "memory"], "values": [{"value": 9.795677185058594, "step": null, "ts": 1712256671.935147}]}, "version": 546, "at": 1712256671.935903}
{"obj": {"type": "LogFloats", "path": ["monitoring", "4d72a671", "cpu"], "values": [{"value": 99.7, "step": null, "ts": 1712256681.945399}]}, "version": 547, "at": 1712256681.9457421}
{"obj": {"type": "LogFloats", "path": ["monitoring", "4d72a671", "memory"], "values": [{"value": 9.692436218261719, "step": null, "ts": 1712256681.945399}]}, "version": 548, "at": 1712256681.9658492}
{"obj": {"type": "LogFloats", "path": ["monitoring", "4d72a671", "cpu"], "values": [{"value": 99.7, "step": null, "ts": 1712256691.9689841}]}, "version": 549, "at": 1712256691.969358}
{"obj": {"type": "LogFloats", "path": ["monitoring", "4d72a671", "memory"], "values": [{"value": 9.677875518798828, "step": null, "ts": 1712256691.9689841}]}, "version": 550, "at": 1712256691.969719}
{"obj": {"type": "LogFloats", "path": ["monitoring", "4d72a671", "cpu"], "values": [{"value": 99.6, "step": null, "ts": 1712256701.978834}]}, "version": 551, "at": 1712256701.9792058}
{"obj": {"type": "LogFloats", "path": ["monitoring", "4d72a671", "memory"], "values": [{"value": 9.617820739746094, "step": null, "ts": 1712256701.978834}]}, "version": 552, "at": 1712256701.979607}
{"obj": {"type": "LogFloats", "path": ["monitoring", "4d72a671", "cpu"], "values": [{"value": 99.7, "step": null, "ts": 1712256711.9816902}]}, "version": 553, "at": 1712256711.982099}
{"obj": {"type": "LogFloats", "path": ["monitoring", "4d72a671", "memory"], "values": [{"value": 9.68917465209961, "step": null, "ts": 1712256711.9816902}]}, "version": 554, "at": 1712256711.982508}
{"obj": {"type": "LogFloats", "path": ["monitoring", "4d72a671", "cpu"], "values": [{"value": 99.1, "step": null, "ts": 1712256721.990869}]}, "version": 555, "at": 1712256721.991224}
{"obj": {"type": "LogFloats", "path": ["monitoring", "4d72a671", "memory"], "values": [{"value": 9.639907836914062, "step": null, "ts": 1712256721.990869}]}, "version": 556, "at": 1712256721.991578}
{"obj": {"type": "LogFloats", "path": ["monitoring", "4d72a671", "cpu"], "values": [{"value": 99.8, "step": null, "ts": 1712256731.996893}]}, "version": 557, "at": 1712256731.99733}
{"obj": {"type": "LogFloats", "path": ["monitoring", "4d72a671", "memory"], "values": [{"value": 9.866844177246094, "step": null, "ts": 1712256731.996893}]}, "version": 558, "at": 1712256731.9977229}
{"obj": {"type": "LogFloats", "path": ["monitoring", "4d72a671", "cpu"], "values": [{"value": 99.7, "step": null, "ts": 1712256742.0014458}]}, "version": 559, "at": 1712256742.001796}
{"obj": {"type": "LogFloats", "path": ["monitoring", "4d72a671", "memory"], "values": [{"value": 9.608280181884766, "step": null, "ts": 1712256742.0014458}]}, "version": 560, "at": 1712256742.0021372}
{"obj": {"type": "LogFloats", "path": ["monitoring", "4d72a671", "cpu"], "values": [{"value": 99.8, "step": null, "ts": 1712256752.0081868}]}, "version": 561, "at": 1712256752.008571}
{"obj": {"type": "LogFloats", "path": ["monitoring", "4d72a671", "memory"], "values": [{"value": 9.621849060058594, "step": null, "ts": 1712256752.0081868}]}, "version": 562, "at": 1712256752.008978}
{"obj": {"type": "LogFloats", "path": ["monitoring", "4d72a671", "cpu"], "values": [{"value": 99.7, "step": null, "ts": 1712256762.01675}]}, "version": 563, "at": 1712256762.017148}
{"obj": {"type": "LogFloats", "path": ["monitoring", "4d72a671", "memory"], "values": [{"value": 9.613990783691406, "step": null, "ts": 1712256762.01675}]}, "version": 564, "at": 1712256762.0175328}
{"obj": {"type": "LogFloats", "path": ["monitoring", "4d72a671", "cpu"], "values": [{"value": 99.8, "step": null, "ts": 1712256772.018395}]}, "version": 565, "at": 1712256772.01872}
{"obj": {"type": "LogFloats", "path": ["monitoring", "4d72a671", "memory"], "values": [{"value": 9.702190399169922, "step": null, "ts": 1712256772.018395}]}, "version": 566, "at": 1712256772.019074}
{"obj": {"type": "LogFloats", "path": ["monitoring", "4d72a671", "cpu"], "values": [{"value": 99.3, "step": null, "ts": 1712256782.0201778}]}, "version": 567, "at": 1712256782.0204842}
{"obj": {"type": "LogFloats", "path": ["monitoring", "4d72a671", "memory"], "values": [{"value": 9.69870376586914, "step": null, "ts": 1712256782.0201778}]}, "version": 568, "at": 1712256782.020808}
{"obj": {"type": "LogFloats", "path": ["monitoring", "4d72a671", "cpu"], "values": [{"value": 99.5, "step": null, "ts": 1712256792.029829}]}, "version": 569, "at": 1712256792.030174}
{"obj": {"type": "LogFloats", "path": ["monitoring", "4d72a671", "memory"], "values": [{"value": 9.802162170410156, "step": null, "ts": 1712256792.029829}]}, "version": 570, "at": 1712256792.0305002}
{"obj": {"type": "LogFloats", "path": ["monitoring", "4d72a671", "cpu"], "values": [{"value": 99.7, "step": null, "ts": 1712256802.037143}]}, "version": 571, "at": 1712256802.037533}
{"obj": {"type": "LogFloats", "path": ["monitoring", "4d72a671", "memory"], "values": [{"value": 9.890872955322266, "step": null, "ts": 1712256802.037143}]}, "version": 572, "at": 1712256802.037903}
{"obj": {"type": "LogFloats", "path": ["monitoring", "4d72a671", "cpu"], "values": [{"value": 99.7, "step": null, "ts": 1712256812.046133}]}, "version": 573, "at": 1712256812.046486}
{"obj": {"type": "LogFloats", "path": ["monitoring", "4d72a671", "memory"], "values": [{"value": 9.871070861816406, "step": null, "ts": 1712256812.046133}]}, "version": 574, "at": 1712256812.046827}
{"obj": {"type": "LogFloats", "path": ["monitoring", "4d72a671", "cpu"], "values": [{"value": 99.6, "step": null, "ts": 1712256822.052686}]}, "version": 575, "at": 1712256822.053021}
{"obj": {"type": "LogFloats", "path": ["monitoring", "4d72a671", "memory"], "values": [{"value": 9.768569946289062, "step": null, "ts": 1712256822.052686}]}, "version": 576, "at": 1712256822.053337}
{"obj": {"type": "LogFloats", "path": ["monitoring", "4d72a671", "cpu"], "values": [{"value": 99.7, "step": null, "ts": 1712256832.058795}]}, "version": 577, "at": 1712256832.0591831}
{"obj": {"type": "LogFloats", "path": ["monitoring", "4d72a671", "memory"], "values": [{"value": 9.685970306396484, "step": null, "ts": 1712256832.058795}]}, "version": 578, "at": 1712256832.059586}
{"obj": {"type": "LogFloats", "path": ["monitoring", "4d72a671", "cpu"], "values": [{"value": 98.2, "step": null, "ts": 1712256842.065949}]}, "version": 579, "at": 1712256842.0665011}
{"obj": {"type": "LogFloats", "path": ["monitoring", "4d72a671", "memory"], "values": [{"value": 9.716129302978516, "step": null, "ts": 1712256842.065949}]}, "version": 580, "at": 1712256842.0670779}
{"obj": {"type": "LogFloats", "path": ["monitoring", "4d72a671", "cpu"], "values": [{"value": 99.6, "step": null, "ts": 1712256852.0705202}]}, "version": 581, "at": 1712256852.070852}
{"obj": {"type": "LogFloats", "path": ["monitoring", "4d72a671", "memory"], "values": [{"value": 9.73514175415039, "step": null, "ts": 1712256852.0705202}]}, "version": 582, "at": 1712256852.071178}
{"obj": {"type": "LogFloats", "path": ["monitoring", "4d72a671", "cpu"], "values": [{"value": 99.7, "step": null, "ts": 1712256862.079186}]}, "version": 583, "at": 1712256862.080438}
{"obj": {"type": "LogFloats", "path": ["monitoring", "4d72a671", "memory"], "values": [{"value": 9.70602798461914, "step": null, "ts": 1712256862.079186}]}, "version": 584, "at": 1712256862.080826}
{"obj": {"type": "LogFloats", "path": ["monitoring", "4d72a671", "cpu"], "values": [{"value": 99.7, "step": null, "ts": 1712256872.0886662}]}, "version": 585, "at": 1712256872.089029}
{"obj": {"type": "LogFloats", "path": ["monitoring", "4d72a671", "memory"], "values": [{"value": 9.662769317626953, "step": null, "ts": 1712256872.0886662}]}, "version": 586, "at": 1712256872.089427}
{"obj": {"type": "LogFloats", "path": ["monitoring", "4d72a671", "cpu"], "values": [{"value": 99.7, "step": null, "ts": 1712256882.095479}]}, "version": 587, "at": 1712256882.09584}
{"obj": {"type": "LogFloats", "path": ["monitoring", "4d72a671", "memory"], "values": [{"value": 9.611122131347656, "step": null, "ts": 1712256882.095479}]}, "version": 588, "at": 1712256882.096215}
{"obj": {"type": "LogFloats", "path": ["monitoring", "4d72a671", "cpu"], "values": [{"value": 99.7, "step": null, "ts": 1712256892.105459}]}, "version": 589, "at": 1712256892.1058109}
{"obj": {"type": "LogFloats", "path": ["monitoring", "4d72a671", "memory"], "values": [{"value": 9.654922485351562, "step": null, "ts": 1712256892.105459}]}, "version": 590, "at": 1712256892.1061409}
{"obj": {"type": "LogFloats", "path": ["monitoring", "4d72a671", "cpu"], "values": [{"value": 99.2, "step": null, "ts": 1712256902.114249}]}, "version": 591, "at": 1712256902.1145768}
{"obj": {"type": "LogFloats", "path": ["monitoring", "4d72a671", "memory"], "values": [{"value": 9.796150207519531, "step": null, "ts": 1712256902.114249}]}, "version": 592, "at": 1712256902.1149042}
{"obj": {"type": "LogFloats", "path": ["monitoring", "4d72a671", "cpu"], "values": [{"value": 99.5, "step": null, "ts": 1712256912.1211321}]}, "version": 593, "at": 1712256912.1215491}
{"obj": {"type": "LogFloats", "path": ["monitoring", "4d72a671", "memory"], "values": [{"value": 9.634220123291016, "step": null, "ts": 1712256912.1211321}]}, "version": 594, "at": 1712256912.121979}
{"obj": {"type": "LogFloats", "path": ["monitoring", "4d72a671", "cpu"], "values": [{"value": 99.4, "step": null, "ts": 1712256922.129579}]}, "version": 595, "at": 1712256922.1299279}
{"obj": {"type": "LogFloats", "path": ["monitoring", "4d72a671", "memory"], "values": [{"value": 9.639022827148438, "step": null, "ts": 1712256922.129579}]}, "version": 596, "at": 1712256922.130332}
{"obj": {"type": "LogFloats", "path": ["monitoring", "4d72a671", "cpu"], "values": [{"value": 99.5, "step": null, "ts": 1712256932.137888}]}, "version": 597, "at": 1712256932.1382458}
{"obj": {"type": "LogFloats", "path": ["monitoring", "4d72a671", "memory"], "values": [{"value": 9.642410278320312, "step": null, "ts": 1712256932.137888}]}, "version": 598, "at": 1712256932.138648}
{"obj": {"type": "LogFloats", "path": ["monitoring", "4d72a671", "cpu"], "values": [{"value": 99.6, "step": null, "ts": 1712256942.144958}]}, "version": 599, "at": 1712256942.145302}
{"obj": {"type": "LogFloats", "path": ["monitoring", "4d72a671", "memory"], "values": [{"value": 9.687175750732422, "step": null, "ts": 1712256942.144958}]}, "version": 600, "at": 1712256942.145695}
{"obj": {"type": "LogFloats", "path": ["monitoring", "4d72a671", "cpu"], "values": [{"value": 99.7, "step": null, "ts": 1712256952.149036}]}, "version": 601, "at": 1712256952.1494}
{"obj": {"type": "LogFloats", "path": ["monitoring", "4d72a671", "memory"], "values": [{"value": 9.860126495361328, "step": null, "ts": 1712256952.149036}]}, "version": 602, "at": 1712256952.149769}
{"obj": {"type": "LogFloats", "path": ["monitoring", "4d72a671", "cpu"], "values": [{"value": 99.5, "step": null, "ts": 1712256962.158839}]}, "version": 603, "at": 1712256962.159219}
{"obj": {"type": "LogFloats", "path": ["monitoring", "4d72a671", "memory"], "values": [{"value": 9.854156494140625, "step": null, "ts": 1712256962.158839}]}, "version": 604, "at": 1712256962.159585}
{"obj": {"type": "LogFloats", "path": ["monitoring", "4d72a671", "cpu"], "values": [{"value": 96.4, "step": null, "ts": 1712256972.162241}]}, "version": 605, "at": 1712256972.162573}
{"obj": {"type": "LogFloats", "path": ["monitoring", "4d72a671", "memory"], "values": [{"value": 9.906330108642578, "step": null, "ts": 1712256972.162241}]}, "version": 606, "at": 1712256972.162892}
{"obj": {"type": "LogFloats", "path": ["monitoring", "4d72a671", "cpu"], "values": [{"value": 99.7, "step": null, "ts": 1712256982.165903}]}, "version": 607, "at": 1712256982.16627}
{"obj": {"type": "LogFloats", "path": ["monitoring", "4d72a671", "memory"], "values": [{"value": 9.874591827392578, "step": null, "ts": 1712256982.165903}]}, "version": 608, "at": 1712256982.1666691}
{"obj": {"type": "LogFloats", "path": ["monitoring", "4d72a671", "cpu"], "values": [{"value": 99.7, "step": null, "ts": 1712256992.170499}]}, "version": 609, "at": 1712256992.17089}
{"obj": {"type": "LogFloats", "path": ["monitoring", "4d72a671", "memory"], "values": [{"value": 9.848941802978516, "step": null, "ts": 1712256992.170499}]}, "version": 610, "at": 1712256992.171277}
{"obj": {"type": "LogFloats", "path": ["monitoring", "4d72a671", "cpu"], "values": [{"value": 99.0, "step": null, "ts": 1712257002.177879}]}, "version": 611, "at": 1712257002.17823}
{"obj": {"type": "LogFloats", "path": ["monitoring", "4d72a671", "memory"], "values": [{"value": 9.775074005126953, "step": null, "ts": 1712257002.177879}]}, "version": 612, "at": 1712257002.178602}
{"obj": {"type": "LogFloats", "path": ["monitoring", "4d72a671", "cpu"], "values": [{"value": 99.7, "step": null, "ts": 1712257012.1805592}]}, "version": 613, "at": 1712257012.18091}
{"obj": {"type": "LogFloats", "path": ["monitoring", "4d72a671", "memory"], "values": [{"value": 9.853504180908203, "step": null, "ts": 1712257012.1805592}]}, "version": 614, "at": 1712257012.18126}
{"obj": {"type": "LogFloats", "path": ["monitoring", "4d72a671", "cpu"], "values": [{"value": 99.5, "step": null, "ts": 1712257022.182017}]}, "version": 615, "at": 1712257022.182327}
{"obj": {"type": "LogFloats", "path": ["monitoring", "4d72a671", "memory"], "values": [{"value": 9.666934967041016, "step": null, "ts": 1712257022.182017}]}, "version": 616, "at": 1712257022.1826801}
{"obj": {"type": "LogFloats", "path": ["monitoring", "4d72a671", "cpu"], "values": [{"value": 99.7, "step": null, "ts": 1712257032.192051}]}, "version": 617, "at": 1712257032.192404}
{"obj": {"type": "LogFloats", "path": ["monitoring", "4d72a671", "memory"], "values": [{"value": 9.699726104736328, "step": null, "ts": 1712257032.192051}]}, "version": 618, "at": 1712257032.192776}
{"obj": {"type": "LogFloats", "path": ["monitoring", "4d72a671", "cpu"], "values": [{"value": 99.6, "step": null, "ts": 1712257042.194009}]}, "version": 619, "at": 1712257042.194368}
{"obj": {"type": "LogFloats", "path": ["monitoring", "4d72a671", "memory"], "values": [{"value": 9.642143249511719, "step": null, "ts": 1712257042.194009}]}, "version": 620, "at": 1712257042.194703}
{"obj": {"type": "LogFloats", "path": ["monitoring", "4d72a671", "cpu"], "values": [{"value": 99.7, "step": null, "ts": 1712257052.201659}]}, "version": 621, "at": 1712257052.201993}
{"obj": {"type": "LogFloats", "path": ["monitoring", "4d72a671", "memory"], "values": [{"value": 9.617916107177734, "step": null, "ts": 1712257052.201659}]}, "version": 622, "at": 1712257052.2023418}
{"obj": {"type": "LogFloats", "path": ["monitoring", "4d72a671", "cpu"], "values": [{"value": 99.7, "step": null, "ts": 1712257062.212058}]}, "version": 623, "at": 1712257062.212505}
{"obj": {"type": "LogFloats", "path": ["monitoring", "4d72a671", "memory"], "values": [{"value": 9.585128784179688, "step": null, "ts": 1712257062.212058}]}, "version": 624, "at": 1712257062.212994}
{"obj": {"type": "LogFloats", "path": ["monitoring", "4d72a671", "cpu"], "values": [{"value": 99.7, "step": null, "ts": 1712257072.219104}]}, "version": 625, "at": 1712257072.2194629}
{"obj": {"type": "LogFloats", "path": ["monitoring", "4d72a671", "memory"], "values": [{"value": 9.747634887695312, "step": null, "ts": 1712257072.219104}]}, "version": 626, "at": 1712257072.219799}
{"obj": {"type": "LogFloats", "path": ["monitoring", "4d72a671", "cpu"], "values": [{"value": 99.4, "step": null, "ts": 1712257082.227146}]}, "version": 627, "at": 1712257082.227471}
{"obj": {"type": "LogFloats", "path": ["monitoring", "4d72a671", "memory"], "values": [{"value": 9.670265197753906, "step": null, "ts": 1712257082.227146}]}, "version": 628, "at": 1712257082.227784}
{"obj": {"type": "LogFloats", "path": ["monitoring", "4d72a671", "cpu"], "values": [{"value": 99.3, "step": null, "ts": 1712257092.2318358}]}, "version": 629, "at": 1712257092.2322502}
{"obj": {"type": "LogFloats", "path": ["monitoring", "4d72a671", "memory"], "values": [{"value": 9.595489501953125, "step": null, "ts": 1712257092.2318358}]}, "version": 630, "at": 1712257092.232667}
{"obj": {"type": "LogFloats", "path": ["monitoring", "4d72a671", "cpu"], "values": [{"value": 99.8, "step": null, "ts": 1712257102.2328682}]}, "version": 631, "at": 1712257102.2331781}
{"obj": {"type": "LogFloats", "path": ["monitoring", "4d72a671", "memory"], "values": [{"value": 9.59433364868164, "step": null, "ts": 1712257102.2328682}]}, "version": 632, "at": 1712257102.233509}
{"obj": {"type": "LogFloats", "path": ["monitoring", "4d72a671", "cpu"], "values": [{"value": 99.8, "step": null, "ts": 1712257112.243362}]}, "version": 633, "at": 1712257112.2436962}
{"obj": {"type": "LogFloats", "path": ["monitoring", "4d72a671", "memory"], "values": [{"value": 9.612594604492188, "step": null, "ts": 1712257112.243362}]}, "version": 634, "at": 1712257112.244056}
{"obj": {"type": "LogFloats", "path": ["monitoring", "4d72a671", "cpu"], "values": [{"value": 99.7, "step": null, "ts": 1712257122.253979}]}, "version": 635, "at": 1712257122.2544188}
{"obj": {"type": "LogFloats", "path": ["monitoring", "4d72a671", "memory"], "values": [{"value": 9.641212463378906, "step": null, "ts": 1712257122.253979}]}, "version": 636, "at": 1712257122.254834}
{"obj": {"type": "LogFloats", "path": ["monitoring", "4d72a671", "cpu"], "values": [{"value": 99.6, "step": null, "ts": 1712257132.26434}]}, "version": 637, "at": 1712257132.2646909}
{"obj": {"type": "LogFloats", "path": ["monitoring", "4d72a671", "memory"], "values": [{"value": 9.570392608642578, "step": null, "ts": 1712257132.26434}]}, "version": 638, "at": 1712257132.265146}
{"obj": {"type": "LogFloats", "path": ["monitoring", "4d72a671", "cpu"], "values": [{"value": 99.6, "step": null, "ts": 1712257142.276582}]}, "version": 639, "at": 1712257142.2769542}
{"obj": {"type": "LogFloats", "path": ["monitoring", "4d72a671", "memory"], "values": [{"value": 9.711132049560547, "step": null, "ts": 1712257142.276582}]}, "version": 640, "at": 1712257142.2773209}
{"obj": {"type": "LogFloats", "path": ["monitoring", "4d72a671", "cpu"], "values": [{"value": 99.7, "step": null, "ts": 1712257152.286845}]}, "version": 641, "at": 1712257152.287338}
{"obj": {"type": "LogFloats", "path": ["monitoring", "4d72a671", "memory"], "values": [{"value": 9.779808044433594, "step": null, "ts": 1712257152.286845}]}, "version": 642, "at": 1712257152.287714}
{"obj": {"type": "LogFloats", "path": ["monitoring", "4d72a671", "cpu"], "values": [{"value": 99.7, "step": null, "ts": 1712257162.2928991}]}, "version": 643, "at": 1712257162.293256}
{"obj": {"type": "LogFloats", "path": ["monitoring", "4d72a671", "memory"], "values": [{"value": 9.860157012939453, "step": null, "ts": 1712257162.2928991}]}, "version": 644, "at": 1712257162.2935958}
{"obj": {"type": "LogFloats", "path": ["monitoring", "4d72a671", "cpu"], "values": [{"value": 99.6, "step": null, "ts": 1712257172.303169}]}, "version": 645, "at": 1712257172.303506}
{"obj": {"type": "LogFloats", "path": ["monitoring", "4d72a671", "memory"], "values": [{"value": 9.860363006591797, "step": null, "ts": 1712257172.303169}]}, "version": 646, "at": 1712257172.30386}
{"obj": {"type": "LogFloats", "path": ["monitoring", "4d72a671", "cpu"], "values": [{"value": 99.7, "step": null, "ts": 1712257182.310545}]}, "version": 647, "at": 1712257182.311044}
{"obj": {"type": "LogFloats", "path": ["monitoring", "4d72a671", "memory"], "values": [{"value": 9.721736907958984, "step": null, "ts": 1712257182.310545}]}, "version": 648, "at": 1712257182.312549}
{"obj": {"type": "LogFloats", "path": ["monitoring", "4d72a671", "cpu"], "values": [{"value": 99.4, "step": null, "ts": 1712257192.312821}]}, "version": 649, "at": 1712257192.3131928}
{"obj": {"type": "LogFloats", "path": ["monitoring", "4d72a671", "memory"], "values": [{"value": 9.688423156738281, "step": null, "ts": 1712257192.312821}]}, "version": 650, "at": 1712257192.313569}
{"obj": {"type": "LogFloats", "path": ["monitoring", "4d72a671", "cpu"], "values": [{"value": 98.9, "step": null, "ts": 1712257202.314761}]}, "version": 651, "at": 1712257202.315084}
{"obj": {"type": "LogFloats", "path": ["monitoring", "4d72a671", "memory"], "values": [{"value": 9.829345703125, "step": null, "ts": 1712257202.314761}]}, "version": 652, "at": 1712257202.315418}
{"obj": {"type": "LogFloats", "path": ["monitoring", "4d72a671", "cpu"], "values": [{"value": 99.7, "step": null, "ts": 1712257212.315815}]}, "version": 653, "at": 1712257212.316145}
{"obj": {"type": "LogFloats", "path": ["monitoring", "4d72a671", "memory"], "values": [{"value": 9.766693115234375, "step": null, "ts": 1712257212.315815}]}, "version": 654, "at": 1712257212.31648}
{"obj": {"type": "LogFloats", "path": ["monitoring", "4d72a671", "cpu"], "values": [{"value": 99.7, "step": null, "ts": 1712257222.325844}]}, "version": 655, "at": 1712257222.3262131}
{"obj": {"type": "LogFloats", "path": ["monitoring", "4d72a671", "memory"], "values": [{"value": 9.671676635742188, "step": null, "ts": 1712257222.325844}]}, "version": 656, "at": 1712257222.326612}
{"obj": {"type": "LogFloats", "path": ["monitoring", "4d72a671", "cpu"], "values": [{"value": 99.4, "step": null, "ts": 1712257232.3279629}]}, "version": 657, "at": 1712257232.328342}
{"obj": {"type": "LogFloats", "path": ["monitoring", "4d72a671", "memory"], "values": [{"value": 9.577674865722656, "step": null, "ts": 1712257232.3279629}]}, "version": 658, "at": 1712257232.3287401}
{"obj": {"type": "LogFloats", "path": ["monitoring", "4d72a671", "cpu"], "values": [{"value": 99.5, "step": null, "ts": 1712257242.328934}]}, "version": 659, "at": 1712257242.329272}
{"obj": {"type": "LogFloats", "path": ["monitoring", "4d72a671", "memory"], "values": [{"value": 9.735675811767578, "step": null, "ts": 1712257242.328934}]}, "version": 660, "at": 1712257242.329657}
{"obj": {"type": "LogFloats", "path": ["monitoring", "4d72a671", "cpu"], "values": [{"value": 99.7, "step": null, "ts": 1712257252.3302028}]}, "version": 661, "at": 1712257252.3305302}
{"obj": {"type": "LogFloats", "path": ["monitoring", "4d72a671", "memory"], "values": [{"value": 9.722061157226562, "step": null, "ts": 1712257252.3302028}]}, "version": 662, "at": 1712257252.330875}
{"obj": {"type": "LogFloats", "path": ["monitoring", "4d72a671", "cpu"], "values": [{"value": 99.4, "step": null, "ts": 1712257262.331615}]}, "version": 663, "at": 1712257262.33192}
{"obj": {"type": "LogFloats", "path": ["monitoring", "4d72a671", "memory"], "values": [{"value": 9.577529907226562, "step": null, "ts": 1712257262.331615}]}, "version": 664, "at": 1712257262.332232}
{"obj": {"type": "LogFloats", "path": ["monitoring", "4d72a671", "cpu"], "values": [{"value": 99.6, "step": null, "ts": 1712257272.341873}]}, "version": 665, "at": 1712257272.342217}
{"obj": {"type": "LogFloats", "path": ["monitoring", "4d72a671", "memory"], "values": [{"value": 9.574470520019531, "step": null, "ts": 1712257272.341873}]}, "version": 666, "at": 1712257272.3425999}
{"obj": {"type": "LogFloats", "path": ["monitoring", "4d72a671", "cpu"], "values": [{"value": 99.6, "step": null, "ts": 1712257282.350624}]}, "version": 667, "at": 1712257282.351016}
{"obj": {"type": "LogFloats", "path": ["monitoring", "4d72a671", "memory"], "values": [{"value": 9.583194732666016, "step": null, "ts": 1712257282.350624}]}, "version": 668, "at": 1712257282.351419}
{"obj": {"type": "LogFloats", "path": ["monitoring", "4d72a671", "cpu"], "values": [{"value": 99.8, "step": null, "ts": 1712257292.3554409}]}, "version": 669, "at": 1712257292.3557818}
{"obj": {"type": "LogFloats", "path": ["monitoring", "4d72a671", "memory"], "values": [{"value": 9.64699935913086, "step": null, "ts": 1712257292.3554409}]}, "version": 670, "at": 1712257292.3561118}
{"obj": {"type": "LogFloats", "path": ["monitoring", "4d72a671", "cpu"], "values": [{"value": 99.7, "step": null, "ts": 1712257302.3594491}]}, "version": 671, "at": 1712257302.3597848}
{"obj": {"type": "LogFloats", "path": ["monitoring", "4d72a671", "memory"], "values": [{"value": 9.645160675048828, "step": null, "ts": 1712257302.3594491}]}, "version": 672, "at": 1712257302.3601449}
{"obj": {"type": "LogFloats", "path": ["monitoring", "4d72a671", "cpu"], "values": [{"value": 99.8, "step": null, "ts": 1712257312.369966}]}, "version": 673, "at": 1712257312.370303}
{"obj": {"type": "LogFloats", "path": ["monitoring", "4d72a671", "memory"], "values": [{"value": 9.60031509399414, "step": null, "ts": 1712257312.369966}]}, "version": 674, "at": 1712257312.370643}
{"obj": {"type": "LogFloats", "path": ["monitoring", "4d72a671", "cpu"], "values": [{"value": 99.4, "step": null, "ts": 1712257322.3749251}]}, "version": 675, "at": 1712257322.375283}
{"obj": {"type": "LogFloats", "path": ["monitoring", "4d72a671", "memory"], "values": [{"value": 9.631977081298828, "step": null, "ts": 1712257322.3749251}]}, "version": 676, "at": 1712257322.3756611}
{"obj": {"type": "LogFloats", "path": ["monitoring", "4d72a671", "cpu"], "values": [{"value": 99.4, "step": null, "ts": 1712257332.376575}]}, "version": 677, "at": 1712257332.3769112}
{"obj": {"type": "LogFloats", "path": ["monitoring", "4d72a671", "memory"], "values": [{"value": 9.739418029785156, "step": null, "ts": 1712257332.376575}]}, "version": 678, "at": 1712257332.3772879}
{"obj": {"type": "LogFloats", "path": ["monitoring", "4d72a671", "cpu"], "values": [{"value": 99.7, "step": null, "ts": 1712257342.37921}]}, "version": 679, "at": 1712257342.379541}
{"obj": {"type": "LogFloats", "path": ["monitoring", "4d72a671", "memory"], "values": [{"value": 9.941875457763672, "step": null, "ts": 1712257342.37921}]}, "version": 680, "at": 1712257342.3798668}
{"obj": {"type": "LogFloats", "path": ["monitoring", "4d72a671", "cpu"], "values": [{"value": 99.7, "step": null, "ts": 1712257352.381839}]}, "version": 681, "at": 1712257352.382175}
{"obj": {"type": "LogFloats", "path": ["monitoring", "4d72a671", "memory"], "values": [{"value": 9.942745208740234, "step": null, "ts": 1712257352.381839}]}, "version": 682, "at": 1712257352.382551}
{"obj": {"type": "LogFloats", "path": ["monitoring", "4d72a671", "cpu"], "values": [{"value": 99.7, "step": null, "ts": 1712257362.384247}]}, "version": 683, "at": 1712257362.384745}
{"obj": {"type": "LogFloats", "path": ["monitoring", "4d72a671", "memory"], "values": [{"value": 9.855998992919922, "step": null, "ts": 1712257362.384247}]}, "version": 684, "at": 1712257362.385259}
{"obj": {"type": "LogFloats", "path": ["monitoring", "4d72a671", "cpu"], "values": [{"value": 99.7, "step": null, "ts": 1712257372.38606}]}, "version": 685, "at": 1712257372.3864}
{"obj": {"type": "LogFloats", "path": ["monitoring", "4d72a671", "memory"], "values": [{"value": 9.79660415649414, "step": null, "ts": 1712257372.38606}]}, "version": 686, "at": 1712257372.386749}
{"obj": {"type": "LogFloats", "path": ["monitoring", "4d72a671", "cpu"], "values": [{"value": 99.4, "step": null, "ts": 1712257382.390878}]}, "version": 687, "at": 1712257382.391277}
{"obj": {"type": "LogFloats", "path": ["monitoring", "4d72a671", "memory"], "values": [{"value": 9.929607391357422, "step": null, "ts": 1712257382.390878}]}, "version": 688, "at": 1712257382.391664}
{"obj": {"type": "LogFloats", "path": ["monitoring", "4d72a671", "cpu"], "values": [{"value": 99.3, "step": null, "ts": 1712257392.394033}]}, "version": 689, "at": 1712257392.394363}
{"obj": {"type": "LogFloats", "path": ["monitoring", "4d72a671", "memory"], "values": [{"value": 9.751789093017578, "step": null, "ts": 1712257392.394033}]}, "version": 690, "at": 1712257392.3946922}
{"obj": {"type": "LogFloats", "path": ["monitoring", "4d72a671", "cpu"], "values": [{"value": 99.6, "step": null, "ts": 1712257402.395158}]}, "version": 691, "at": 1712257402.395531}
{"obj": {"type": "LogFloats", "path": ["monitoring", "4d72a671", "memory"], "values": [{"value": 9.6695556640625, "step": null, "ts": 1712257402.395158}]}, "version": 692, "at": 1712257402.3959281}
{"obj": {"type": "LogFloats", "path": ["monitoring", "4d72a671", "cpu"], "values": [{"value": 99.6, "step": null, "ts": 1712257412.3962681}]}, "version": 693, "at": 1712257412.3966029}
{"obj": {"type": "LogFloats", "path": ["monitoring", "4d72a671", "memory"], "values": [{"value": 9.640350341796875, "step": null, "ts": 1712257412.3962681}]}, "version": 694, "at": 1712257412.396929}
{"obj": {"type": "LogFloats", "path": ["monitoring", "4d72a671", "cpu"], "values": [{"value": 99.8, "step": null, "ts": 1712257422.3993511}]}, "version": 695, "at": 1712257422.3996959}
{"obj": {"type": "LogFloats", "path": ["monitoring", "4d72a671", "memory"], "values": [{"value": 9.711288452148438, "step": null, "ts": 1712257422.3993511}]}, "version": 696, "at": 1712257422.400065}
{"obj": {"type": "LogFloats", "path": ["monitoring", "4d72a671", "cpu"], "values": [{"value": 99.8, "step": null, "ts": 1712257432.404407}]}, "version": 697, "at": 1712257432.404788}
{"obj": {"type": "LogFloats", "path": ["monitoring", "4d72a671", "memory"], "values": [{"value": 9.550495147705078, "step": null, "ts": 1712257432.404407}]}, "version": 698, "at": 1712257432.405139}
{"obj": {"type": "LogFloats", "path": ["monitoring", "4d72a671", "cpu"], "values": [{"value": 99.5, "step": null, "ts": 1712257442.406821}]}, "version": 699, "at": 1712257442.4071438}
{"obj": {"type": "LogFloats", "path": ["monitoring", "4d72a671", "memory"], "values": [{"value": 9.65816879272461, "step": null, "ts": 1712257442.406821}]}, "version": 700, "at": 1712257442.407476}
{"obj": {"type": "LogFloats", "path": ["monitoring", "4d72a671", "cpu"], "values": [{"value": 99.6, "step": null, "ts": 1712257452.410461}]}, "version": 701, "at": 1712257452.4107761}
{"obj": {"type": "LogFloats", "path": ["monitoring", "4d72a671", "memory"], "values": [{"value": 9.67502212524414, "step": null, "ts": 1712257452.410461}]}, "version": 702, "at": 1712257452.4111302}
{"obj": {"type": "LogFloats", "path": ["monitoring", "4d72a671", "cpu"], "values": [{"value": 99.8, "step": null, "ts": 1712257462.412506}]}, "version": 703, "at": 1712257462.412859}
{"obj": {"type": "LogFloats", "path": ["monitoring", "4d72a671", "memory"], "values": [{"value": 9.571319580078125, "step": null, "ts": 1712257462.412506}]}, "version": 704, "at": 1712257462.4132202}
{"obj": {"type": "LogFloats", "path": ["monitoring", "4d72a671", "cpu"], "values": [{"value": 99.7, "step": null, "ts": 1712257472.418389}]}, "version": 705, "at": 1712257472.4187362}
{"obj": {"type": "LogFloats", "path": ["monitoring", "4d72a671", "memory"], "values": [{"value": 9.554393768310547, "step": null, "ts": 1712257472.418389}]}, "version": 706, "at": 1712257472.419083}
{"obj": {"type": "LogFloats", "path": ["monitoring", "4d72a671", "cpu"], "values": [{"value": 99.6, "step": null, "ts": 1712257482.423434}]}, "version": 707, "at": 1712257482.423799}
{"obj": {"type": "LogFloats", "path": ["monitoring", "4d72a671", "memory"], "values": [{"value": 9.539836883544922, "step": null, "ts": 1712257482.423434}]}, "version": 708, "at": 1712257482.424167}
{"obj": {"type": "LogFloats", "path": ["monitoring", "4d72a671", "cpu"], "values": [{"value": 99.7, "step": null, "ts": 1712257492.428434}]}, "version": 709, "at": 1712257492.4288}
{"obj": {"type": "LogFloats", "path": ["monitoring", "4d72a671", "memory"], "values": [{"value": 9.626968383789062, "step": null, "ts": 1712257492.428434}]}, "version": 710, "at": 1712257492.4292328}
{"obj": {"type": "LogFloats", "path": ["monitoring", "4d72a671", "cpu"], "values": [{"value": 95.0, "step": null, "ts": 1712257502.436368}]}, "version": 711, "at": 1712257502.436699}
{"obj": {"type": "LogFloats", "path": ["monitoring", "4d72a671", "memory"], "values": [{"value": 9.726150512695312, "step": null, "ts": 1712257502.436368}]}, "version": 712, "at": 1712257502.437026}
{"obj": {"type": "LogFloats", "path": ["monitoring", "4d72a671", "cpu"], "values": [{"value": 99.5, "step": null, "ts": 1712257512.4396648}]}, "version": 713, "at": 1712257512.44006}
{"obj": {"type": "LogFloats", "path": ["monitoring", "4d72a671", "memory"], "values": [{"value": 9.67449951171875, "step": null, "ts": 1712257512.4396648}]}, "version": 714, "at": 1712257512.4404612}
{"obj": {"type": "LogFloats", "path": ["monitoring", "4d72a671", "cpu"], "values": [{"value": 95.6, "step": null, "ts": 1712257522.442173}]}, "version": 715, "at": 1712257522.442534}
{"obj": {"type": "LogFloats", "path": ["monitoring", "4d72a671", "memory"], "values": [{"value": 9.700828552246094, "step": null, "ts": 1712257522.442173}]}, "version": 716, "at": 1712257522.442882}
{"obj": {"type": "LogFloats", "path": ["monitoring", "4d72a671", "cpu"], "values": [{"value": 95.2, "step": null, "ts": 1712257532.448066}]}, "version": 717, "at": 1712257532.448413}
{"obj": {"type": "LogFloats", "path": ["monitoring", "4d72a671", "memory"], "values": [{"value": 9.797386169433594, "step": null, "ts": 1712257532.448066}]}, "version": 718, "at": 1712257532.448767}
{"obj": {"type": "LogFloats", "path": ["monitoring", "4d72a671", "cpu"], "values": [{"value": 98.3, "step": null, "ts": 1712257542.4533582}]}, "version": 719, "at": 1712257542.4537642}
{"obj": {"type": "LogFloats", "path": ["monitoring", "4d72a671", "memory"], "values": [{"value": 9.92904281616211, "step": null, "ts": 1712257542.4533582}]}, "version": 720, "at": 1712257542.4542}
{"obj": {"type": "LogFloats", "path": ["monitoring", "4d72a671", "cpu"], "values": [{"value": 99.7, "step": null, "ts": 1712257552.459347}]}, "version": 721, "at": 1712257552.459685}
{"obj": {"type": "LogFloats", "path": ["monitoring", "4d72a671", "memory"], "values": [{"value": 9.896926879882812, "step": null, "ts": 1712257552.459347}]}, "version": 722, "at": 1712257552.460043}
{"obj": {"type": "LogFloats", "path": ["monitoring", "4d72a671", "cpu"], "values": [{"value": 99.3, "step": null, "ts": 1712257562.466174}]}, "version": 723, "at": 1712257562.466485}
{"obj": {"type": "LogFloats", "path": ["monitoring", "4d72a671", "memory"], "values": [{"value": 9.807533264160156, "step": null, "ts": 1712257562.466174}]}, "version": 724, "at": 1712257562.466818}
{"obj": {"type": "LogFloats", "path": ["monitoring", "4d72a671", "cpu"], "values": [{"value": 99.6, "step": null, "ts": 1712257572.472872}]}, "version": 725, "at": 1712257572.473355}
{"obj": {"type": "LogFloats", "path": ["monitoring", "4d72a671", "memory"], "values": [{"value": 9.854442596435547, "step": null, "ts": 1712257572.472872}]}, "version": 726, "at": 1712257572.47372}
{"obj": {"type": "LogFloats", "path": ["monitoring", "4d72a671", "cpu"], "values": [{"value": 99.7, "step": null, "ts": 1712257582.474262}]}, "version": 727, "at": 1712257582.4746299}
{"obj": {"type": "LogFloats", "path": ["monitoring", "4d72a671", "memory"], "values": [{"value": 9.694381713867188, "step": null, "ts": 1712257582.474262}]}, "version": 728, "at": 1712257582.474998}
{"obj": {"type": "LogFloats", "path": ["monitoring", "4d72a671", "cpu"], "values": [{"value": 99.7, "step": null, "ts": 1712257592.480135}]}, "version": 729, "at": 1712257592.480484}
{"obj": {"type": "LogFloats", "path": ["monitoring", "4d72a671", "memory"], "values": [{"value": 9.764305114746094, "step": null, "ts": 1712257592.480135}]}, "version": 730, "at": 1712257592.480832}
{"obj": {"type": "LogFloats", "path": ["monitoring", "4d72a671", "cpu"], "values": [{"value": 97.1, "step": null, "ts": 1712257602.486}]}, "version": 731, "at": 1712257602.486336}
{"obj": {"type": "LogFloats", "path": ["monitoring", "4d72a671", "memory"], "values": [{"value": 9.824153900146484, "step": null, "ts": 1712257602.486}]}, "version": 732, "at": 1712257602.4866571}
{"obj": {"type": "LogFloats", "path": ["monitoring", "4d72a671", "cpu"], "values": [{"value": 99.1, "step": null, "ts": 1712257612.4887419}]}, "version": 733, "at": 1712257612.48909}
{"obj": {"type": "LogFloats", "path": ["monitoring", "4d72a671", "memory"], "values": [{"value": 9.63470458984375, "step": null, "ts": 1712257612.4887419}]}, "version": 734, "at": 1712257612.4894662}
{"obj": {"type": "LogFloats", "path": ["monitoring", "4d72a671", "cpu"], "values": [{"value": 99.2, "step": null, "ts": 1712257622.494663}]}, "version": 735, "at": 1712257622.495052}
{"obj": {"type": "LogFloats", "path": ["monitoring", "4d72a671", "memory"], "values": [{"value": 9.662944793701172, "step": null, "ts": 1712257622.494663}]}, "version": 736, "at": 1712257622.4953978}
{"obj": {"type": "LogFloats", "path": ["monitoring", "4d72a671", "cpu"], "values": [{"value": 99.5, "step": null, "ts": 1712257632.4991171}]}, "version": 737, "at": 1712257632.499446}
{"obj": {"type": "LogFloats", "path": ["monitoring", "4d72a671", "memory"], "values": [{"value": 9.56600570678711, "step": null, "ts": 1712257632.4991171}]}, "version": 738, "at": 1712257632.499834}
{"obj": {"type": "LogFloats", "path": ["monitoring", "4d72a671", "cpu"], "values": [{"value": 99.6, "step": null, "ts": 1712257642.500031}]}, "version": 739, "at": 1712257642.500392}
{"obj": {"type": "LogFloats", "path": ["monitoring", "4d72a671", "memory"], "values": [{"value": 9.645389556884766, "step": null, "ts": 1712257642.500031}]}, "version": 740, "at": 1712257642.500778}
{"obj": {"type": "LogFloats", "path": ["monitoring", "4d72a671", "cpu"], "values": [{"value": 99.6, "step": null, "ts": 1712257652.504317}]}, "version": 741, "at": 1712257652.504647}
{"obj": {"type": "LogFloats", "path": ["monitoring", "4d72a671", "memory"], "values": [{"value": 9.595230102539062, "step": null, "ts": 1712257652.504317}]}, "version": 742, "at": 1712257652.504996}
{"obj": {"type": "LogFloats", "path": ["monitoring", "4d72a671", "cpu"], "values": [{"value": 99.6, "step": null, "ts": 1712257662.510157}]}, "version": 743, "at": 1712257662.510509}
{"obj": {"type": "LogFloats", "path": ["monitoring", "4d72a671", "memory"], "values": [{"value": 9.602603912353516, "step": null, "ts": 1712257662.510157}]}, "version": 744, "at": 1712257662.510868}
{"obj": {"type": "LogFloats", "path": ["monitoring", "4d72a671", "cpu"], "values": [{"value": 98.0, "step": null, "ts": 1712257672.51427}]}, "version": 745, "at": 1712257672.514598}
{"obj": {"type": "LogFloats", "path": ["monitoring", "4d72a671", "memory"], "values": [{"value": 9.53836441040039, "step": null, "ts": 1712257672.51427}]}, "version": 746, "at": 1712257672.5149481}
{"obj": {"type": "LogFloats", "path": ["monitoring", "4d72a671", "cpu"], "values": [{"value": 99.4, "step": null, "ts": 1712257682.5175302}]}, "version": 747, "at": 1712257682.517899}
{"obj": {"type": "LogFloats", "path": ["monitoring", "4d72a671", "memory"], "values": [{"value": 9.614334106445312, "step": null, "ts": 1712257682.5175302}]}, "version": 748, "at": 1712257682.5182981}
{"obj": {"type": "LogFloats", "path": ["monitoring", "4d72a671", "cpu"], "values": [{"value": 99.5, "step": null, "ts": 1712257692.5215309}]}, "version": 749, "at": 1712257692.521853}
{"obj": {"type": "LogFloats", "path": ["monitoring", "4d72a671", "memory"], "values": [{"value": 9.628971099853516, "step": null, "ts": 1712257692.5215309}]}, "version": 750, "at": 1712257692.522163}
{"obj": {"type": "LogFloats", "path": ["monitoring", "4d72a671", "cpu"], "values": [{"value": 99.8, "step": null, "ts": 1712257702.526407}]}, "version": 751, "at": 1712257702.526763}
{"obj": {"type": "LogFloats", "path": ["monitoring", "4d72a671", "memory"], "values": [{"value": 9.610382080078125, "step": null, "ts": 1712257702.526407}]}, "version": 752, "at": 1712257702.527112}
{"obj": {"type": "LogFloats", "path": ["monitoring", "4d72a671", "cpu"], "values": [{"value": 99.8, "step": null, "ts": 1712257712.530777}]}, "version": 753, "at": 1712257712.5311518}
{"obj": {"type": "LogFloats", "path": ["monitoring", "4d72a671", "memory"], "values": [{"value": 9.641292572021484, "step": null, "ts": 1712257712.530777}]}, "version": 754, "at": 1712257712.531532}
{"obj": {"type": "LogFloats", "path": ["monitoring", "4d72a671", "cpu"], "values": [{"value": 96.6, "step": null, "ts": 1712257722.5367181}]}, "version": 755, "at": 1712257722.5370429}
{"obj": {"type": "LogFloats", "path": ["monitoring", "4d72a671", "memory"], "values": [{"value": 9.559051513671875, "step": null, "ts": 1712257722.5367181}]}, "version": 756, "at": 1712257722.537363}
{"obj": {"type": "LogFloats", "path": ["monitoring", "4d72a671", "cpu"], "values": [{"value": 99.6, "step": null, "ts": 1712257732.53762}]}, "version": 757, "at": 1712257732.5380092}
{"obj": {"type": "LogFloats", "path": ["monitoring", "4d72a671", "memory"], "values": [{"value": 9.66958999633789, "step": null, "ts": 1712257732.53762}]}, "version": 758, "at": 1712257732.538385}
{"obj": {"type": "LogFloats", "path": ["monitoring", "4d72a671", "cpu"], "values": [{"value": 99.2, "step": null, "ts": 1712257742.543545}]}, "version": 759, "at": 1712257742.54388}
{"obj": {"type": "LogFloats", "path": ["monitoring", "4d72a671", "memory"], "values": [{"value": 9.890853881835938, "step": null, "ts": 1712257742.543545}]}, "version": 760, "at": 1712257742.54422}
{"obj": {"type": "LogFloats", "path": ["monitoring", "4d72a671", "cpu"], "values": [{"value": 99.3, "step": null, "ts": 1712257752.5478232}]}, "version": 761, "at": 1712257752.548265}
{"obj": {"type": "LogFloats", "path": ["monitoring", "4d72a671", "memory"], "values": [{"value": 9.855884552001953, "step": null, "ts": 1712257752.5478232}]}, "version": 762, "at": 1712257752.548671}
{"obj": {"type": "LogFloats", "path": ["monitoring", "4d72a671", "cpu"], "values": [{"value": 99.4, "step": null, "ts": 1712257762.54924}]}, "version": 763, "at": 1712257762.549613}
{"obj": {"type": "LogFloats", "path": ["monitoring", "4d72a671", "memory"], "values": [{"value": 9.851924896240234, "step": null, "ts": 1712257762.54924}]}, "version": 764, "at": 1712257762.549949}
{"obj": {"type": "LogFloats", "path": ["monitoring", "4d72a671", "cpu"], "values": [{"value": 98.9, "step": null, "ts": 1712257772.555115}]}, "version": 765, "at": 1712257772.555447}
{"obj": {"type": "LogFloats", "path": ["monitoring", "4d72a671", "memory"], "values": [{"value": 9.753238677978516, "step": null, "ts": 1712257772.555115}]}, "version": 766, "at": 1712257772.5558012}
{"obj": {"type": "LogFloats", "path": ["monitoring", "4d72a671", "cpu"], "values": [{"value": 99.7, "step": null, "ts": 1712257782.561003}]}, "version": 767, "at": 1712257782.5614889}
{"obj": {"type": "LogFloats", "path": ["monitoring", "4d72a671", "memory"], "values": [{"value": 9.54656982421875, "step": null, "ts": 1712257782.561003}]}, "version": 768, "at": 1712257782.561891}
{"obj": {"type": "LogFloats", "path": ["monitoring", "4d72a671", "cpu"], "values": [{"value": 99.5, "step": null, "ts": 1712257792.567038}]}, "version": 769, "at": 1712257792.56738}
{"obj": {"type": "LogFloats", "path": ["monitoring", "4d72a671", "memory"], "values": [{"value": 9.605937957763672, "step": null, "ts": 1712257792.567038}]}, "version": 770, "at": 1712257792.5677388}
{"obj": {"type": "LogFloats", "path": ["monitoring", "4d72a671", "cpu"], "values": [{"value": 99.4, "step": null, "ts": 1712257802.5705001}]}, "version": 771, "at": 1712257802.5708108}
{"obj": {"type": "LogFloats", "path": ["monitoring", "4d72a671", "memory"], "values": [{"value": 9.38979721069336, "step": null, "ts": 1712257802.5705001}]}, "version": 772, "at": 1712257802.57114}
{"obj": {"type": "LogFloats", "path": ["monitoring", "4d72a671", "cpu"], "values": [{"value": 99.7, "step": null, "ts": 1712257812.5763159}]}, "version": 773, "at": 1712257812.576639}
{"obj": {"type": "LogFloats", "path": ["monitoring", "4d72a671", "memory"], "values": [{"value": 9.467243194580078, "step": null, "ts": 1712257812.5763159}]}, "version": 774, "at": 1712257812.5769532}
{"obj": {"type": "LogFloats", "path": ["monitoring", "4d72a671", "cpu"], "values": [{"value": 99.7, "step": null, "ts": 1712257822.580839}]}, "version": 775, "at": 1712257822.581227}
{"obj": {"type": "LogFloats", "path": ["monitoring", "4d72a671", "memory"], "values": [{"value": 9.366100311279297, "step": null, "ts": 1712257822.580839}]}, "version": 776, "at": 1712257822.5817149}
{"obj": {"type": "LogFloats", "path": ["monitoring", "4d72a671", "cpu"], "values": [{"value": 99.7, "step": null, "ts": 1712257832.5867069}]}, "version": 777, "at": 1712257832.5870469}
{"obj": {"type": "LogFloats", "path": ["monitoring", "4d72a671", "memory"], "values": [{"value": 9.337779998779297, "step": null, "ts": 1712257832.5867069}]}, "version": 778, "at": 1712257832.587389}
{"obj": {"type": "LogFloats", "path": ["monitoring", "4d72a671", "cpu"], "values": [{"value": 97.2, "step": null, "ts": 1712257842.591448}]}, "version": 779, "at": 1712257842.591777}
{"obj": {"type": "LogFloats", "path": ["monitoring", "4d72a671", "memory"], "values": [{"value": 9.438064575195312, "step": null, "ts": 1712257842.591448}]}, "version": 780, "at": 1712257842.592128}
{"obj": {"type": "LogFloats", "path": ["monitoring", "4d72a671", "cpu"], "values": [{"value": 99.8, "step": null, "ts": 1712257852.597322}]}, "version": 781, "at": 1712257852.5976682}
{"obj": {"type": "LogFloats", "path": ["monitoring", "4d72a671", "memory"], "values": [{"value": 9.501567840576172, "step": null, "ts": 1712257852.597322}]}, "version": 782, "at": 1712257852.59804}
{"obj": {"type": "LogFloats", "path": ["monitoring", "4d72a671", "cpu"], "values": [{"value": 99.2, "step": null, "ts": 1712257862.602562}]}, "version": 783, "at": 1712257862.602886}
{"obj": {"type": "LogFloats", "path": ["monitoring", "4d72a671", "memory"], "values": [{"value": 9.389850616455078, "step": null, "ts": 1712257862.602562}]}, "version": 784, "at": 1712257862.603213}
{"obj": {"type": "LogFloats", "path": ["monitoring", "4d72a671", "cpu"], "values": [{"value": 99.6, "step": null, "ts": 1712257872.605498}]}, "version": 785, "at": 1712257872.6058218}
{"obj": {"type": "LogFloats", "path": ["monitoring", "4d72a671", "memory"], "values": [{"value": 9.375873565673828, "step": null, "ts": 1712257872.605498}]}, "version": 786, "at": 1712257872.606142}
{"obj": {"type": "LogFloats", "path": ["monitoring", "4d72a671", "cpu"], "values": [{"value": 99.7, "step": null, "ts": 1712257882.60781}]}, "version": 787, "at": 1712257882.608137}
{"obj": {"type": "LogFloats", "path": ["monitoring", "4d72a671", "memory"], "values": [{"value": 9.346363067626953, "step": null, "ts": 1712257882.60781}]}, "version": 788, "at": 1712257882.6085079}
{"obj": {"type": "LogFloats", "path": ["monitoring", "4d72a671", "cpu"], "values": [{"value": 99.8, "step": null, "ts": 1712257892.613659}]}, "version": 789, "at": 1712257892.614008}
{"obj": {"type": "LogFloats", "path": ["monitoring", "4d72a671", "memory"], "values": [{"value": 9.427665710449219, "step": null, "ts": 1712257892.613659}]}, "version": 790, "at": 1712257892.614382}
{"obj": {"type": "LogFloats", "path": ["monitoring", "4d72a671", "cpu"], "values": [{"value": 99.5, "step": null, "ts": 1712257902.620084}]}, "version": 791, "at": 1712257902.620439}
{"obj": {"type": "LogFloats", "path": ["monitoring", "4d72a671", "memory"], "values": [{"value": 9.491729736328125, "step": null, "ts": 1712257902.620084}]}, "version": 792, "at": 1712257902.620824}
{"obj": {"type": "LogFloats", "path": ["monitoring", "4d72a671", "cpu"], "values": [{"value": 99.4, "step": null, "ts": 1712257912.624782}]}, "version": 793, "at": 1712257912.6251001}
{"obj": {"type": "LogFloats", "path": ["monitoring", "4d72a671", "memory"], "values": [{"value": 9.43914794921875, "step": null, "ts": 1712257912.624782}]}, "version": 794, "at": 1712257912.6254249}
{"obj": {"type": "LogFloats", "path": ["monitoring", "4d72a671", "cpu"], "values": [{"value": 99.5, "step": null, "ts": 1712257922.626496}]}, "version": 795, "at": 1712257922.626868}
{"obj": {"type": "LogFloats", "path": ["monitoring", "4d72a671", "memory"], "values": [{"value": 9.502361297607422, "step": null, "ts": 1712257922.626496}]}, "version": 796, "at": 1712257922.6273038}
{"obj": {"type": "LogFloats", "path": ["monitoring", "4d72a671", "cpu"], "values": [{"value": 99.6, "step": null, "ts": 1712257932.630999}]}, "version": 797, "at": 1712257932.6313431}
{"obj": {"type": "LogFloats", "path": ["monitoring", "4d72a671", "memory"], "values": [{"value": 9.625308990478516, "step": null, "ts": 1712257932.630999}]}, "version": 798, "at": 1712257932.6316721}
{"obj": {"type": "LogFloats", "path": ["monitoring", "4d72a671", "cpu"], "values": [{"value": 99.7, "step": null, "ts": 1712257942.635683}]}, "version": 799, "at": 1712257942.636003}
{"obj": {"type": "LogFloats", "path": ["monitoring", "4d72a671", "memory"], "values": [{"value": 9.762245178222656, "step": null, "ts": 1712257942.635683}]}, "version": 800, "at": 1712257942.6367738}
{"obj": {"type": "LogFloats", "path": ["monitoring", "4d72a671", "cpu"], "values": [{"value": 99.8, "step": null, "ts": 1712257952.641962}]}, "version": 801, "at": 1712257952.642317}
{"obj": {"type": "LogFloats", "path": ["monitoring", "4d72a671", "memory"], "values": [{"value": 9.814319610595703, "step": null, "ts": 1712257952.641962}]}, "version": 802, "at": 1712257952.642632}
{"obj": {"type": "LogFloats", "path": ["monitoring", "4d72a671", "cpu"], "values": [{"value": 99.6, "step": null, "ts": 1712257962.644768}]}, "version": 803, "at": 1712257962.6451042}
{"obj": {"type": "LogFloats", "path": ["monitoring", "4d72a671", "memory"], "values": [{"value": 9.70486831665039, "step": null, "ts": 1712257962.644768}]}, "version": 804, "at": 1712257962.6454668}
{"obj": {"type": "LogFloats", "path": ["monitoring", "4d72a671", "cpu"], "values": [{"value": 99.8, "step": null, "ts": 1712257972.6505978}]}, "version": 805, "at": 1712257972.650954}
{"obj": {"type": "LogFloats", "path": ["monitoring", "4d72a671", "memory"], "values": [{"value": 9.648029327392578, "step": null, "ts": 1712257972.6505978}]}, "version": 806, "at": 1712257972.651317}
{"obj": {"type": "LogFloats", "path": ["monitoring", "4d72a671", "cpu"], "values": [{"value": 99.5, "step": null, "ts": 1712257982.6564858}]}, "version": 807, "at": 1712257982.656854}
{"obj": {"type": "LogFloats", "path": ["monitoring", "4d72a671", "memory"], "values": [{"value": 9.664020538330078, "step": null, "ts": 1712257982.6564858}]}, "version": 808, "at": 1712257982.657248}
{"obj": {"type": "LogFloats", "path": ["monitoring", "4d72a671", "cpu"], "values": [{"value": 99.3, "step": null, "ts": 1712257992.661246}]}, "version": 809, "at": 1712257992.661603}
{"obj": {"type": "LogFloats", "path": ["monitoring", "4d72a671", "memory"], "values": [{"value": 9.396068572998047, "step": null, "ts": 1712257992.661246}]}, "version": 810, "at": 1712257992.661988}
{"obj": {"type": "LogFloats", "path": ["monitoring", "4d72a671", "cpu"], "values": [{"value": 99.6, "step": null, "ts": 1712258002.663689}]}, "version": 811, "at": 1712258002.6640089}
{"obj": {"type": "LogFloats", "path": ["monitoring", "4d72a671", "memory"], "values": [{"value": 9.373729705810547, "step": null, "ts": 1712258002.663689}]}, "version": 812, "at": 1712258002.664327}
{"obj": {"type": "LogFloats", "path": ["monitoring", "4d72a671", "cpu"], "values": [{"value": 99.5, "step": null, "ts": 1712258012.66873}]}, "version": 813, "at": 1712258012.66903}
{"obj": {"type": "LogFloats", "path": ["monitoring", "4d72a671", "memory"], "values": [{"value": 9.451290130615234, "step": null, "ts": 1712258012.66873}]}, "version": 814, "at": 1712258012.669376}
{"obj": {"type": "LogFloats", "path": ["monitoring", "4d72a671", "cpu"], "values": [{"value": 99.6, "step": null, "ts": 1712258022.672283}]}, "version": 815, "at": 1712258022.672606}
{"obj": {"type": "LogFloats", "path": ["monitoring", "4d72a671", "memory"], "values": [{"value": 9.368896484375, "step": null, "ts": 1712258022.672283}]}, "version": 816, "at": 1712258022.672946}
{"obj": {"type": "LogFloats", "path": ["monitoring", "4d72a671", "cpu"], "values": [{"value": 97.3, "step": null, "ts": 1712258032.675615}]}, "version": 817, "at": 1712258032.675916}
{"obj": {"type": "LogFloats", "path": ["monitoring", "4d72a671", "memory"], "values": [{"value": 9.48177719116211, "step": null, "ts": 1712258032.675615}]}, "version": 818, "at": 1712258032.6762052}
{"obj": {"type": "LogFloats", "path": ["monitoring", "4d72a671", "cpu"], "values": [{"value": 96.0, "step": null, "ts": 1712258042.676775}]}, "version": 819, "at": 1712258042.6771991}
{"obj": {"type": "LogFloats", "path": ["monitoring", "4d72a671", "memory"], "values": [{"value": 9.708148956298828, "step": null, "ts": 1712258042.676775}]}, "version": 820, "at": 1712258042.677536}
{"obj": {"type": "LogFloats", "path": ["monitoring", "4d72a671", "cpu"], "values": [{"value": 97.9, "step": null, "ts": 1712258052.682691}]}, "version": 821, "at": 1712258052.683041}
{"obj": {"type": "LogFloats", "path": ["monitoring", "4d72a671", "memory"], "values": [{"value": 9.653980255126953, "step": null, "ts": 1712258052.682691}]}, "version": 822, "at": 1712258052.683383}
{"obj": {"type": "LogFloats", "path": ["monitoring", "4d72a671", "cpu"], "values": [{"value": 99.3, "step": null, "ts": 1712258062.6851509}]}, "version": 823, "at": 1712258062.6855}
{"obj": {"type": "LogFloats", "path": ["monitoring", "4d72a671", "memory"], "values": [{"value": 9.867958068847656, "step": null, "ts": 1712258062.6851509}]}, "version": 824, "at": 1712258062.685859}
{"obj": {"type": "LogFloats", "path": ["monitoring", "4d72a671", "cpu"], "values": [{"value": 99.5, "step": null, "ts": 1712258072.686105}]}, "version": 825, "at": 1712258072.6864388}
{"obj": {"type": "LogFloats", "path": ["monitoring", "4d72a671", "memory"], "values": [{"value": 10.12051010131836, "step": null, "ts": 1712258072.686105}]}, "version": 826, "at": 1712258072.686932}
{"obj": {"type": "LogFloats", "path": ["monitoring", "4d72a671", "cpu"], "values": [{"value": 99.7, "step": null, "ts": 1712258082.687565}]}, "version": 827, "at": 1712258082.687944}
{"obj": {"type": "LogFloats", "path": ["monitoring", "4d72a671", "memory"], "values": [{"value": 10.319343566894531, "step": null, "ts": 1712258082.687565}]}, "version": 828, "at": 1712258082.688352}
{"obj": {"type": "LogFloats", "path": ["monitoring", "4d72a671", "cpu"], "values": [{"value": 99.6, "step": null, "ts": 1712258092.688606}]}, "version": 829, "at": 1712258092.688946}
{"obj": {"type": "LogFloats", "path": ["monitoring", "4d72a671", "memory"], "values": [{"value": 10.370105743408203, "step": null, "ts": 1712258092.688606}]}, "version": 830, "at": 1712258092.6892989}
{"obj": {"type": "LogFloats", "path": ["monitoring", "4d72a671", "cpu"], "values": [{"value": 99.4, "step": null, "ts": 1712258102.6897411}]}, "version": 831, "at": 1712258102.690573}
{"obj": {"type": "LogFloats", "path": ["monitoring", "4d72a671", "memory"], "values": [{"value": 10.576404571533203, "step": null, "ts": 1712258102.6897411}]}, "version": 832, "at": 1712258102.691354}
{"obj": {"type": "LogFloats", "path": ["monitoring", "4d72a671", "cpu"], "values": [{"value": 98.8, "step": null, "ts": 1712258112.691985}]}, "version": 833, "at": 1712258112.692294}
{"obj": {"type": "LogFloats", "path": ["monitoring", "4d72a671", "memory"], "values": [{"value": 10.629997253417969, "step": null, "ts": 1712258112.691985}]}, "version": 834, "at": 1712258112.692618}
{"obj": {"type": "LogFloats", "path": ["monitoring", "4d72a671", "cpu"], "values": [{"value": 99.5, "step": null, "ts": 1712258122.6939032}]}, "version": 835, "at": 1712258122.69422}
{"obj": {"type": "LogFloats", "path": ["monitoring", "4d72a671", "memory"], "values": [{"value": 10.667415618896484, "step": null, "ts": 1712258122.6939032}]}, "version": 836, "at": 1712258122.6945589}
{"obj": {"type": "LogFloats", "path": ["monitoring", "4d72a671", "cpu"], "values": [{"value": 99.3, "step": null, "ts": 1712258132.697082}]}, "version": 837, "at": 1712258132.6974452}
{"obj": {"type": "LogFloats", "path": ["monitoring", "4d72a671", "memory"], "values": [{"value": 10.540657043457031, "step": null, "ts": 1712258132.697082}]}, "version": 838, "at": 1712258132.697829}
{"obj": {"type": "LogFloats", "path": ["monitoring", "4d72a671", "cpu"], "values": [{"value": 99.6, "step": null, "ts": 1712258142.701671}]}, "version": 839, "at": 1712258142.7020109}
{"obj": {"type": "LogFloats", "path": ["monitoring", "4d72a671", "memory"], "values": [{"value": 10.522758483886719, "step": null, "ts": 1712258142.701671}]}, "version": 840, "at": 1712258142.702349}
{"obj": {"type": "LogFloats", "path": ["monitoring", "4d72a671", "cpu"], "values": [{"value": 99.1, "step": null, "ts": 1712258152.707514}]}, "version": 841, "at": 1712258152.707861}
{"obj": {"type": "LogFloats", "path": ["monitoring", "4d72a671", "memory"], "values": [{"value": 10.63323974609375, "step": null, "ts": 1712258152.707514}]}, "version": 842, "at": 1712258152.708191}
{"obj": {"type": "LogFloats", "path": ["monitoring", "4d72a671", "cpu"], "values": [{"value": 99.3, "step": null, "ts": 1712258162.713343}]}, "version": 843, "at": 1712258162.713685}
{"obj": {"type": "LogFloats", "path": ["monitoring", "4d72a671", "memory"], "values": [{"value": 10.478004455566406, "step": null, "ts": 1712258162.713343}]}, "version": 844, "at": 1712258162.71402}
{"obj": {"type": "LogFloats", "path": ["monitoring", "4d72a671", "cpu"], "values": [{"value": 99.6, "step": null, "ts": 1712258172.7170508}]}, "version": 845, "at": 1712258172.717361}
{"obj": {"type": "LogFloats", "path": ["monitoring", "4d72a671", "memory"], "values": [{"value": 10.660701751708984, "step": null, "ts": 1712258172.7170508}]}, "version": 846, "at": 1712258172.7177112}
{"obj": {"type": "LogFloats", "path": ["monitoring", "4d72a671", "cpu"], "values": [{"value": 99.8, "step": null, "ts": 1712258182.72088}]}, "version": 847, "at": 1712258182.721185}
{"obj": {"type": "LogFloats", "path": ["monitoring", "4d72a671", "memory"], "values": [{"value": 10.709545135498047, "step": null, "ts": 1712258182.72088}]}, "version": 848, "at": 1712258182.721493}
{"obj": {"type": "LogFloats", "path": ["monitoring", "4d72a671", "cpu"], "values": [{"value": 99.7, "step": null, "ts": 1712258192.726629}]}, "version": 849, "at": 1712258192.7269602}
{"obj": {"type": "LogFloats", "path": ["monitoring", "4d72a671", "memory"], "values": [{"value": 10.47945785522461, "step": null, "ts": 1712258192.726629}]}, "version": 850, "at": 1712258192.7272918}
{"obj": {"type": "LogFloats", "path": ["monitoring", "4d72a671", "cpu"], "values": [{"value": 99.7, "step": null, "ts": 1712258202.727954}]}, "version": 851, "at": 1712258202.728299}
{"obj": {"type": "LogFloats", "path": ["monitoring", "4d72a671", "memory"], "values": [{"value": 10.515666961669922, "step": null, "ts": 1712258202.727954}]}, "version": 852, "at": 1712258202.7286541}
{"obj": {"type": "LogFloats", "path": ["monitoring", "4d72a671", "cpu"], "values": [{"value": 99.3, "step": null, "ts": 1712258212.733186}]}, "version": 853, "at": 1712258212.73357}
{"obj": {"type": "LogFloats", "path": ["monitoring", "4d72a671", "memory"], "values": [{"value": 10.292472839355469, "step": null, "ts": 1712258212.733186}]}, "version": 854, "at": 1712258212.733936}
{"obj": {"type": "LogFloats", "path": ["monitoring", "4d72a671", "cpu"], "values": [{"value": 99.6, "step": null, "ts": 1712258222.739124}]}, "version": 855, "at": 1712258222.739479}
{"obj": {"type": "LogFloats", "path": ["monitoring", "4d72a671", "memory"], "values": [{"value": 10.262805938720703, "step": null, "ts": 1712258222.739124}]}, "version": 856, "at": 1712258222.739834}
{"obj": {"type": "LogFloats", "path": ["monitoring", "4d72a671", "cpu"], "values": [{"value": 99.7, "step": null, "ts": 1712258232.743213}]}, "version": 857, "at": 1712258232.743521}
{"obj": {"type": "LogFloats", "path": ["monitoring", "4d72a671", "memory"], "values": [{"value": 10.406993865966797, "step": null, "ts": 1712258232.743213}]}, "version": 858, "at": 1712258232.7438269}
{"obj": {"type": "LogFloats", "path": ["monitoring", "4d72a671", "cpu"], "values": [{"value": 99.7, "step": null, "ts": 1712258242.744025}]}, "version": 859, "at": 1712258242.744364}
{"obj": {"type": "LogFloats", "path": ["monitoring", "4d72a671", "memory"], "values": [{"value": 10.28839111328125, "step": null, "ts": 1712258242.744025}]}, "version": 860, "at": 1712258242.744736}
{"obj": {"type": "LogFloats", "path": ["monitoring", "4d72a671", "cpu"], "values": [{"value": 95.9, "step": null, "ts": 1712258252.7462358}]}, "version": 861, "at": 1712258252.7465448}
{"obj": {"type": "LogFloats", "path": ["monitoring", "4d72a671", "memory"], "values": [{"value": 10.257564544677734, "step": null, "ts": 1712258252.7462358}]}, "version": 862, "at": 1712258252.746866}
{"obj": {"type": "LogFloats", "path": ["monitoring", "4d72a671", "cpu"], "values": [{"value": 99.0, "step": null, "ts": 1712258262.752007}]}, "version": 863, "at": 1712258262.752308}
{"obj": {"type": "LogFloats", "path": ["monitoring", "4d72a671", "memory"], "values": [{"value": 10.234642028808594, "step": null, "ts": 1712258262.752007}]}, "version": 864, "at": 1712258262.752617}
{"obj": {"type": "LogFloats", "path": ["monitoring", "4d72a671", "cpu"], "values": [{"value": 99.8, "step": null, "ts": 1712258272.756769}]}, "version": 865, "at": 1712258272.757208}
{"obj": {"type": "LogFloats", "path": ["monitoring", "4d72a671", "memory"], "values": [{"value": 10.439506530761719, "step": null, "ts": 1712258272.756769}]}, "version": 866, "at": 1712258272.757646}
{"obj": {"type": "LogFloats", "path": ["monitoring", "4d72a671", "cpu"], "values": [{"value": 99.4, "step": null, "ts": 1712258282.7622468}]}, "version": 867, "at": 1712258282.762591}
{"obj": {"type": "LogFloats", "path": ["monitoring", "4d72a671", "memory"], "values": [{"value": 10.293930053710938, "step": null, "ts": 1712258282.7622468}]}, "version": 868, "at": 1712258282.762906}
{"obj": {"type": "LogFloats", "path": ["monitoring", "4d72a671", "cpu"], "values": [{"value": 99.3, "step": null, "ts": 1712258292.7659378}]}, "version": 869, "at": 1712258292.766241}
{"obj": {"type": "LogFloats", "path": ["monitoring", "4d72a671", "memory"], "values": [{"value": 10.346885681152344, "step": null, "ts": 1712258292.7659378}]}, "version": 870, "at": 1712258292.7665741}
{"obj": {"type": "LogFloats", "path": ["monitoring", "4d72a671", "cpu"], "values": [{"value": 99.8, "step": null, "ts": 1712258302.769699}]}, "version": 871, "at": 1712258302.770037}
{"obj": {"type": "LogFloats", "path": ["monitoring", "4d72a671", "memory"], "values": [{"value": 10.343456268310547, "step": null, "ts": 1712258302.769699}]}, "version": 872, "at": 1712258302.7704}
{"obj": {"type": "LogFloats", "path": ["monitoring", "4d72a671", "cpu"], "values": [{"value": 99.7, "step": null, "ts": 1712258312.775567}]}, "version": 873, "at": 1712258312.7758799}
{"obj": {"type": "LogFloats", "path": ["monitoring", "4d72a671", "memory"], "values": [{"value": 10.281238555908203, "step": null, "ts": 1712258312.775567}]}, "version": 874, "at": 1712258312.776217}
{"obj": {"type": "LogFloats", "path": ["monitoring", "4d72a671", "cpu"], "values": [{"value": 99.7, "step": null, "ts": 1712258322.777128}]}, "version": 875, "at": 1712258322.777448}
{"obj": {"type": "LogFloats", "path": ["monitoring", "4d72a671", "memory"], "values": [{"value": 10.278099060058594, "step": null, "ts": 1712258322.777128}]}, "version": 876, "at": 1712258322.77776}
{"obj": {"type": "LogFloats", "path": ["monitoring", "4d72a671", "cpu"], "values": [{"value": 99.8, "step": null, "ts": 1712258332.782131}]}, "version": 877, "at": 1712258332.782472}
{"obj": {"type": "LogFloats", "path": ["monitoring", "4d72a671", "memory"], "values": [{"value": 10.362613677978516, "step": null, "ts": 1712258332.782131}]}, "version": 878, "at": 1712258332.782797}
{"obj": {"type": "LogFloats", "path": ["monitoring", "4d72a671", "cpu"], "values": [{"value": 95.8, "step": null, "ts": 1712258342.785072}]}, "version": 879, "at": 1712258342.7854269}
{"obj": {"type": "LogFloats", "path": ["monitoring", "4d72a671", "memory"], "values": [{"value": 10.733707427978516, "step": null, "ts": 1712258342.785072}]}, "version": 880, "at": 1712258342.785799}
{"obj": {"type": "LogFloats", "path": ["monitoring", "4d72a671", "cpu"], "values": [{"value": 94.8, "step": null, "ts": 1712258352.7906308}]}, "version": 881, "at": 1712258352.791017}
{"obj": {"type": "LogFloats", "path": ["monitoring", "4d72a671", "memory"], "values": [{"value": 9.112403869628906, "step": null, "ts": 1712258352.7906308}]}, "version": 882, "at": 1712258352.791374}
{"obj": {"type": "LogFloats", "path": ["monitoring", "4d72a671", "cpu"], "values": [{"value": 91.1, "step": null, "ts": 1712258362.799217}]}, "version": 883, "at": 1712258362.7995121}
{"obj": {"type": "LogFloats", "path": ["monitoring", "4d72a671", "memory"], "values": [{"value": 9.302143096923828, "step": null, "ts": 1712258362.799217}]}, "version": 884, "at": 1712258362.8000262}
{"obj": {"type": "LogFloats", "path": ["monitoring", "4d72a671", "cpu"], "values": [{"value": 98.9, "step": null, "ts": 1712258372.804447}]}, "version": 885, "at": 1712258372.804794}
{"obj": {"type": "LogFloats", "path": ["monitoring", "4d72a671", "memory"], "values": [{"value": 9.209465026855469, "step": null, "ts": 1712258372.804447}]}, "version": 886, "at": 1712258372.805141}
{"obj": {"type": "LogFloats", "path": ["monitoring", "4d72a671", "cpu"], "values": [{"value": 99.6, "step": null, "ts": 1712258382.8081448}]}, "version": 887, "at": 1712258382.808494}
{"obj": {"type": "LogFloats", "path": ["monitoring", "4d72a671", "memory"], "values": [{"value": 9.534442901611328, "step": null, "ts": 1712258382.8081448}]}, "version": 888, "at": 1712258382.808823}
{"obj": {"type": "LogFloats", "path": ["monitoring", "4d72a671", "cpu"], "values": [{"value": 99.4, "step": null, "ts": 1712258392.812007}]}, "version": 889, "at": 1712258392.8123379}
{"obj": {"type": "LogFloats", "path": ["monitoring", "4d72a671", "memory"], "values": [{"value": 9.495361328125, "step": null, "ts": 1712258392.812007}]}, "version": 890, "at": 1712258392.812701}
{"obj": {"type": "LogFloats", "path": ["monitoring", "4d72a671", "cpu"], "values": [{"value": 99.3, "step": null, "ts": 1712258402.8149362}]}, "version": 891, "at": 1712258402.815247}
{"obj": {"type": "LogFloats", "path": ["monitoring", "4d72a671", "memory"], "values": [{"value": 9.503597259521484, "step": null, "ts": 1712258402.8149362}]}, "version": 892, "at": 1712258402.815586}
{"obj": {"type": "LogFloats", "path": ["monitoring", "4d72a671", "cpu"], "values": [{"value": 99.5, "step": null, "ts": 1712258412.820724}]}, "version": 893, "at": 1712258412.821038}
{"obj": {"type": "LogFloats", "path": ["monitoring", "4d72a671", "memory"], "values": [{"value": 9.686420440673828, "step": null, "ts": 1712258412.820724}]}, "version": 894, "at": 1712258412.821342}
{"obj": {"type": "LogFloats", "path": ["monitoring", "4d72a671", "cpu"], "values": [{"value": 99.5, "step": null, "ts": 1712258422.8227289}]}, "version": 895, "at": 1712258422.823101}
{"obj": {"type": "LogFloats", "path": ["monitoring", "4d72a671", "memory"], "values": [{"value": 9.328044891357422, "step": null, "ts": 1712258422.8227289}]}, "version": 896, "at": 1712258422.823483}
{"obj": {"type": "LogFloats", "path": ["monitoring", "4d72a671", "cpu"], "values": [{"value": 99.6, "step": null, "ts": 1712258432.8239691}]}, "version": 897, "at": 1712258432.824278}
{"obj": {"type": "LogFloats", "path": ["monitoring", "4d72a671", "memory"], "values": [{"value": 9.003211975097656, "step": null, "ts": 1712258432.8239691}]}, "version": 898, "at": 1712258432.824587}
{"obj": {"type": "LogFloats", "path": ["monitoring", "4d72a671", "cpu"], "values": [{"value": 99.6, "step": null, "ts": 1712258442.8297222}]}, "version": 899, "at": 1712258442.8300421}
{"obj": {"type": "LogFloats", "path": ["monitoring", "4d72a671", "memory"], "values": [{"value": 9.159111022949219, "step": null, "ts": 1712258442.8297222}]}, "version": 900, "at": 1712258442.830351}
{"obj": {"type": "LogFloats", "path": ["monitoring", "4d72a671", "cpu"], "values": [{"value": 98.6, "step": null, "ts": 1712258452.830951}]}, "version": 901, "at": 1712258452.831303}
{"obj": {"type": "LogFloats", "path": ["monitoring", "4d72a671", "memory"], "values": [{"value": 9.064102172851562, "step": null, "ts": 1712258452.830951}]}, "version": 902, "at": 1712258452.831645}
{"obj": {"type": "LogFloats", "path": ["monitoring", "4d72a671", "cpu"], "values": [{"value": 98.9, "step": null, "ts": 1712258462.836805}]}, "version": 903, "at": 1712258462.837166}
{"obj": {"type": "LogFloats", "path": ["monitoring", "4d72a671", "memory"], "values": [{"value": 9.037273406982422, "step": null, "ts": 1712258462.836805}]}, "version": 904, "at": 1712258462.8375292}
{"obj": {"type": "LogFloats", "path": ["monitoring", "4d72a671", "cpu"], "values": [{"value": 98.9, "step": null, "ts": 1712258472.838627}]}, "version": 905, "at": 1712258472.839036}
{"obj": {"type": "LogFloats", "path": ["monitoring", "4d72a671", "memory"], "values": [{"value": 9.09664535522461, "step": null, "ts": 1712258472.838627}]}, "version": 906, "at": 1712258472.839406}
{"obj": {"type": "LogFloats", "path": ["monitoring", "4d72a671", "cpu"], "values": [{"value": 99.8, "step": null, "ts": 1712258482.844555}]}, "version": 907, "at": 1712258482.844875}
{"obj": {"type": "LogFloats", "path": ["monitoring", "4d72a671", "memory"], "values": [{"value": 9.16989517211914, "step": null, "ts": 1712258482.844555}]}, "version": 908, "at": 1712258482.8452082}
{"obj": {"type": "LogFloats", "path": ["monitoring", "4d72a671", "cpu"], "values": [{"value": 99.7, "step": null, "ts": 1712258492.847314}]}, "version": 909, "at": 1712258492.8477042}
{"obj": {"type": "LogFloats", "path": ["monitoring", "4d72a671", "memory"], "values": [{"value": 9.062068939208984, "step": null, "ts": 1712258492.847314}]}, "version": 910, "at": 1712258492.848074}
{"obj": {"type": "LogFloats", "path": ["monitoring", "4d72a671", "cpu"], "values": [{"value": 99.7, "step": null, "ts": 1712258502.849068}]}, "version": 911, "at": 1712258502.849505}
{"obj": {"type": "LogFloats", "path": ["monitoring", "4d72a671", "memory"], "values": [{"value": 9.131752014160156, "step": null, "ts": 1712258502.849068}]}, "version": 912, "at": 1712258502.849951}
{"obj": {"type": "LogFloats", "path": ["monitoring", "4d72a671", "cpu"], "values": [{"value": 97.2, "step": null, "ts": 1712258512.853654}]}, "version": 913, "at": 1712258512.853963}
{"obj": {"type": "LogFloats", "path": ["monitoring", "4d72a671", "memory"], "values": [{"value": 9.216411590576172, "step": null, "ts": 1712258512.853654}]}, "version": 914, "at": 1712258512.854283}
{"obj": {"type": "LogFloats", "path": ["monitoring", "4d72a671", "cpu"], "values": [{"value": 87.1, "step": null, "ts": 1712258522.859261}]}, "version": 915, "at": 1712258522.859555}
{"obj": {"type": "LogFloats", "path": ["monitoring", "4d72a671", "memory"], "values": [{"value": 9.382343292236328, "step": null, "ts": 1712258522.859261}]}, "version": 916, "at": 1712258522.862151}
{"obj": {"type": "LogFloats", "path": ["monitoring", "4d72a671", "cpu"], "values": [{"value": 95.1, "step": null, "ts": 1712258532.866007}]}, "version": 917, "at": 1712258532.8703291}
{"obj": {"type": "LogFloats", "path": ["monitoring", "4d72a671", "memory"], "values": [{"value": 9.323444366455078, "step": null, "ts": 1712258532.866007}]}, "version": 918, "at": 1712258532.870757}
{"obj": {"type": "LogFloats", "path": ["monitoring", "4d72a671", "cpu"], "values": [{"value": 99.6, "step": null, "ts": 1712258542.874722}]}, "version": 919, "at": 1712258542.875026}
{"obj": {"type": "LogFloats", "path": ["monitoring", "4d72a671", "memory"], "values": [{"value": 9.256332397460938, "step": null, "ts": 1712258542.874722}]}, "version": 920, "at": 1712258542.8753521}
{"obj": {"type": "LogFloats", "path": ["monitoring", "4d72a671", "cpu"], "values": [{"value": 99.3, "step": null, "ts": 1712258552.8800519}]}, "version": 921, "at": 1712258552.880353}
{"obj": {"type": "LogFloats", "path": ["monitoring", "4d72a671", "memory"], "values": [{"value": 9.256893157958984, "step": null, "ts": 1712258552.8800519}]}, "version": 922, "at": 1712258552.880658}
{"obj": {"type": "LogFloats", "path": ["monitoring", "4d72a671", "cpu"], "values": [{"value": 99.4, "step": null, "ts": 1712258562.8817852}]}, "version": 923, "at": 1712258562.882127}
{"obj": {"type": "LogFloats", "path": ["monitoring", "4d72a671", "memory"], "values": [{"value": 9.202007293701172, "step": null, "ts": 1712258562.8817852}]}, "version": 924, "at": 1712258562.882473}
{"obj": {"type": "LogFloats", "path": ["monitoring", "4d72a671", "cpu"], "values": [{"value": 99.6, "step": null, "ts": 1712258572.887198}]}, "version": 925, "at": 1712258572.887491}
{"obj": {"type": "LogFloats", "path": ["monitoring", "4d72a671", "memory"], "values": [{"value": 9.210494995117188, "step": null, "ts": 1712258572.887198}]}, "version": 926, "at": 1712258572.8877828}
{"obj": {"type": "LogFloats", "path": ["monitoring", "4d72a671", "cpu"], "values": [{"value": 98.9, "step": null, "ts": 1712258582.892928}]}, "version": 927, "at": 1712258582.893226}
{"obj": {"type": "LogFloats", "path": ["monitoring", "4d72a671", "memory"], "values": [{"value": 9.211040496826172, "step": null, "ts": 1712258582.892928}]}, "version": 928, "at": 1712258582.8935301}
{"obj": {"type": "LogFloats", "path": ["monitoring", "4d72a671", "cpu"], "values": [{"value": 99.4, "step": null, "ts": 1712258592.8953652}]}, "version": 929, "at": 1712258592.895701}
{"obj": {"type": "LogFloats", "path": ["monitoring", "4d72a671", "memory"], "values": [{"value": 9.378177642822266, "step": null, "ts": 1712258592.8953652}]}, "version": 930, "at": 1712258592.896064}
{"obj": {"type": "LogFloats", "path": ["monitoring", "4d72a671", "cpu"], "values": [{"value": 98.5, "step": null, "ts": 1712258602.8973372}]}, "version": 931, "at": 1712258602.89769}
{"obj": {"type": "LogFloats", "path": ["monitoring", "4d72a671", "memory"], "values": [{"value": 9.771743774414062, "step": null, "ts": 1712258602.8973372}]}, "version": 932, "at": 1712258602.898059}
{"obj": {"type": "LogFloats", "path": ["monitoring", "4d72a671", "cpu"], "values": [{"value": 99.7, "step": null, "ts": 1712258612.900471}]}, "version": 933, "at": 1712258612.9008}
{"obj": {"type": "LogFloats", "path": ["monitoring", "4d72a671", "memory"], "values": [{"value": 9.763439178466797, "step": null, "ts": 1712258612.900471}]}, "version": 934, "at": 1712258612.901143}
{"obj": {"type": "LogFloats", "path": ["monitoring", "4d72a671", "cpu"], "values": [{"value": 99.5, "step": null, "ts": 1712258622.9061499}]}, "version": 935, "at": 1712258622.906441}
{"obj": {"type": "LogFloats", "path": ["monitoring", "4d72a671", "memory"], "values": [{"value": 9.365150451660156, "step": null, "ts": 1712258622.9061499}]}, "version": 936, "at": 1712258622.906729}
{"obj": {"type": "LogFloats", "path": ["monitoring", "4d72a671", "cpu"], "values": [{"value": 99.6, "step": null, "ts": 1712258632.911697}]}, "version": 937, "at": 1712258632.9120278}
{"obj": {"type": "LogFloats", "path": ["monitoring", "4d72a671", "memory"], "values": [{"value": 9.392906188964844, "step": null, "ts": 1712258632.911697}]}, "version": 938, "at": 1712258632.912643}
{"obj": {"type": "LogFloats", "path": ["monitoring", "4d72a671", "cpu"], "values": [{"value": 96.4, "step": null, "ts": 1712258642.9158962}]}, "version": 939, "at": 1712258642.916186}
{"obj": {"type": "LogFloats", "path": ["monitoring", "4d72a671", "memory"], "values": [{"value": 9.300209045410156, "step": null, "ts": 1712258642.9158962}]}, "version": 940, "at": 1712258642.916484}
{"obj": {"type": "LogFloats", "path": ["monitoring", "4d72a671", "cpu"], "values": [{"value": 95.7, "step": null, "ts": 1712258652.916873}]}, "version": 941, "at": 1712258652.9172218}
{"obj": {"type": "LogFloats", "path": ["monitoring", "4d72a671", "memory"], "values": [{"value": 9.053165435791016, "step": null, "ts": 1712258652.916873}]}, "version": 942, "at": 1712258652.917585}
{"obj": {"type": "LogFloats", "path": ["monitoring", "4d72a671", "cpu"], "values": [{"value": 96.3, "step": null, "ts": 1712258662.917817}]}, "version": 943, "at": 1712258662.918133}
{"obj": {"type": "LogFloats", "path": ["monitoring", "4d72a671", "memory"], "values": [{"value": 9.189205169677734, "step": null, "ts": 1712258662.917817}]}, "version": 944, "at": 1712258662.918463}
{"obj": {"type": "LogFloats", "path": ["monitoring", "4d72a671", "cpu"], "values": [{"value": 90.8, "step": null, "ts": 1712258672.9186938}]}, "version": 945, "at": 1712258672.9190688}
{"obj": {"type": "LogFloats", "path": ["monitoring", "4d72a671", "memory"], "values": [{"value": 9.180347442626953, "step": null, "ts": 1712258672.9186938}]}, "version": 946, "at": 1712258672.919381}
{"obj": {"type": "LogFloats", "path": ["monitoring", "4d72a671", "cpu"], "values": [{"value": 97.5, "step": null, "ts": 1712258682.924002}]}, "version": 947, "at": 1712258682.924345}
{"obj": {"type": "LogFloats", "path": ["monitoring", "4d72a671", "memory"], "values": [{"value": 9.072261810302734, "step": null, "ts": 1712258682.924002}]}, "version": 948, "at": 1712258682.925032}
{"obj": {"type": "LogFloats", "path": ["monitoring", "4d72a671", "cpu"], "values": [{"value": 99.7, "step": null, "ts": 1712258692.928726}]}, "version": 949, "at": 1712258692.929077}
{"obj": {"type": "LogFloats", "path": ["monitoring", "4d72a671", "memory"], "values": [{"value": 9.113235473632812, "step": null, "ts": 1712258692.928726}]}, "version": 950, "at": 1712258692.929452}
{"obj": {"type": "LogFloats", "path": ["monitoring", "4d72a671", "cpu"], "values": [{"value": 98.6, "step": null, "ts": 1712258702.9334831}]}, "version": 951, "at": 1712258702.933783}
{"obj": {"type": "LogFloats", "path": ["monitoring", "4d72a671", "memory"], "values": [{"value": 9.13174819946289, "step": null, "ts": 1712258702.9334831}]}, "version": 952, "at": 1712258702.934127}
{"obj": {"type": "LogFloats", "path": ["monitoring", "4d72a671", "cpu"], "values": [{"value": 97.8, "step": null, "ts": 1712258712.934839}]}, "version": 953, "at": 1712258712.935149}
{"obj": {"type": "LogFloats", "path": ["monitoring", "4d72a671", "memory"], "values": [{"value": 9.17193603515625, "step": null, "ts": 1712258712.934839}]}, "version": 954, "at": 1712258712.935471}
{"obj": {"type": "LogFloats", "path": ["monitoring", "4d72a671", "cpu"], "values": [{"value": 99.6, "step": null, "ts": 1712258722.936589}]}, "version": 955, "at": 1712258722.93695}
{"obj": {"type": "LogFloats", "path": ["monitoring", "4d72a671", "memory"], "values": [{"value": 9.205501556396484, "step": null, "ts": 1712258722.936589}]}, "version": 956, "at": 1712258722.9372602}
{"obj": {"type": "LogFloats", "path": ["monitoring", "4d72a671", "cpu"], "values": [{"value": 92.6, "step": null, "ts": 1712258732.939639}]}, "version": 957, "at": 1712258732.9400241}
{"obj": {"type": "LogFloats", "path": ["monitoring", "4d72a671", "memory"], "values": [{"value": 9.496231079101562, "step": null, "ts": 1712258732.939639}]}, "version": 958, "at": 1712258732.940371}
{"obj": {"type": "LogFloats", "path": ["monitoring", "4d72a671", "cpu"], "values": [{"value": 90.4, "step": null, "ts": 1712258742.9427252}]}, "version": 959, "at": 1712258742.943082}
{"obj": {"type": "LogFloats", "path": ["monitoring", "4d72a671", "memory"], "values": [{"value": 9.610313415527344, "step": null, "ts": 1712258742.9427252}]}, "version": 960, "at": 1712258742.943475}
{"obj": {"type": "LogFloats", "path": ["monitoring", "4d72a671", "cpu"], "values": [{"value": 84.4, "step": null, "ts": 1712258752.9446871}]}, "version": 961, "at": 1712258752.944919}
{"obj": {"type": "LogFloats", "path": ["monitoring", "4d72a671", "memory"], "values": [{"value": 9.837844848632812, "step": null, "ts": 1712258752.9446871}]}, "version": 962, "at": 1712258752.94526}
{"obj": {"type": "LogFloats", "path": ["monitoring", "4d72a671", "cpu"], "values": [{"value": 84.8, "step": null, "ts": 1712258762.948854}]}, "version": 963, "at": 1712258762.94909}
{"obj": {"type": "LogFloats", "path": ["monitoring", "4d72a671", "memory"], "values": [{"value": 9.495479583740234, "step": null, "ts": 1712258762.948854}]}, "version": 964, "at": 1712258762.949424}
{"obj": {"type": "LogFloats", "path": ["monitoring", "4d72a671", "cpu"], "values": [{"value": 91.6, "step": null, "ts": 1712258772.9550772}]}, "version": 965, "at": 1712258772.955401}
{"obj": {"type": "LogFloats", "path": ["monitoring", "4d72a671", "memory"], "values": [{"value": 9.55728530883789, "step": null, "ts": 1712258772.9550772}]}, "version": 966, "at": 1712258772.955741}
{"obj": {"type": "LogFloats", "path": ["monitoring", "4d72a671", "cpu"], "values": [{"value": 93.4, "step": null, "ts": 1712258782.955915}]}, "version": 967, "at": 1712258782.956346}
{"obj": {"type": "LogFloats", "path": ["monitoring", "4d72a671", "memory"], "values": [{"value": 9.550384521484375, "step": null, "ts": 1712258782.955915}]}, "version": 968, "at": 1712258782.956747}
{"obj": {"type": "LogFloats", "path": ["monitoring", "4d72a671", "cpu"], "values": [{"value": 92.9, "step": null, "ts": 1712258792.961309}]}, "version": 969, "at": 1712258792.961615}
{"obj": {"type": "LogFloats", "path": ["monitoring", "4d72a671", "memory"], "values": [{"value": 9.62894058227539, "step": null, "ts": 1712258792.961309}]}, "version": 970, "at": 1712258792.961963}
{"obj": {"type": "LogFloats", "path": ["monitoring", "4d72a671", "cpu"], "values": [{"value": 92.6, "step": null, "ts": 1712258802.9638212}]}, "version": 971, "at": 1712258802.9641778}
{"obj": {"type": "LogFloats", "path": ["monitoring", "4d72a671", "memory"], "values": [{"value": 9.686649322509766, "step": null, "ts": 1712258802.9638212}]}, "version": 972, "at": 1712258802.964548}
{"obj": {"type": "LogFloats", "path": ["monitoring", "4d72a671", "cpu"], "values": [{"value": 93.1, "step": null, "ts": 1712258812.96874}]}, "version": 973, "at": 1712258812.969053}
{"obj": {"type": "LogFloats", "path": ["monitoring", "4d72a671", "memory"], "values": [{"value": 9.645843505859375, "step": null, "ts": 1712258812.96874}]}, "version": 974, "at": 1712258812.9693718}
{"obj": {"type": "LogFloats", "path": ["monitoring", "4d72a671", "cpu"], "values": [{"value": 93.7, "step": null, "ts": 1712258822.974773}]}, "version": 975, "at": 1712258822.975178}
{"obj": {"type": "LogFloats", "path": ["monitoring", "4d72a671", "memory"], "values": [{"value": 9.652301788330078, "step": null, "ts": 1712258822.974773}]}, "version": 976, "at": 1712258822.97552}
{"obj": {"type": "LogFloats", "path": ["monitoring", "4d72a671", "cpu"], "values": [{"value": 95.8, "step": null, "ts": 1712258832.9774358}]}, "version": 977, "at": 1712258832.977762}
{"obj": {"type": "LogFloats", "path": ["monitoring", "4d72a671", "memory"], "values": [{"value": 9.640277862548828, "step": null, "ts": 1712258832.9774358}]}, "version": 978, "at": 1712258832.978118}
{"obj": {"type": "LogFloats", "path": ["monitoring", "4d72a671", "cpu"], "values": [{"value": 95.6, "step": null, "ts": 1712258842.978726}]}, "version": 979, "at": 1712258842.979048}
{"obj": {"type": "LogFloats", "path": ["monitoring", "4d72a671", "memory"], "values": [{"value": 9.69528579711914, "step": null, "ts": 1712258842.978726}]}, "version": 980, "at": 1712258842.979383}
{"obj": {"type": "LogFloats", "path": ["monitoring", "4d72a671", "cpu"], "values": [{"value": 96.7, "step": null, "ts": 1712258852.982189}]}, "version": 981, "at": 1712258852.9824882}
{"obj": {"type": "LogFloats", "path": ["monitoring", "4d72a671", "memory"], "values": [{"value": 9.677921295166016, "step": null, "ts": 1712258852.982189}]}, "version": 982, "at": 1712258852.9827998}
{"obj": {"type": "LogFloats", "path": ["monitoring", "4d72a671", "cpu"], "values": [{"value": 87.8, "step": null, "ts": 1712258862.983916}]}, "version": 983, "at": 1712258862.984222}
{"obj": {"type": "LogFloats", "path": ["monitoring", "4d72a671", "memory"], "values": [{"value": 9.760982513427734, "step": null, "ts": 1712258862.983916}]}, "version": 984, "at": 1712258862.9845219}
{"obj": {"type": "LogFloats", "path": ["monitoring", "4d72a671", "cpu"], "values": [{"value": 95.1, "step": null, "ts": 1712258872.985933}]}, "version": 985, "at": 1712258872.986241}
{"obj": {"type": "LogFloats", "path": ["monitoring", "4d72a671", "memory"], "values": [{"value": 9.853378295898438, "step": null, "ts": 1712258872.985933}]}, "version": 986, "at": 1712258872.9865448}
{"obj": {"type": "LogFloats", "path": ["monitoring", "4d72a671", "cpu"], "values": [{"value": 87.5, "step": null, "ts": 1712258882.987778}]}, "version": 987, "at": 1712258882.9881332}
{"obj": {"type": "LogFloats", "path": ["monitoring", "4d72a671", "memory"], "values": [{"value": 9.95052719116211, "step": null, "ts": 1712258882.987778}]}, "version": 988, "at": 1712258882.988481}
{"obj": {"type": "LogFloats", "path": ["monitoring", "4d72a671", "cpu"], "values": [{"value": 94.4, "step": null, "ts": 1712258892.990976}]}, "version": 989, "at": 1712258892.991266}
{"obj": {"type": "LogFloats", "path": ["monitoring", "4d72a671", "memory"], "values": [{"value": 9.935615539550781, "step": null, "ts": 1712258892.990976}]}, "version": 990, "at": 1712258892.9915469}
{"obj": {"type": "LogFloats", "path": ["monitoring", "4d72a671", "cpu"], "values": [{"value": 91.6, "step": null, "ts": 1712258902.993164}]}, "version": 991, "at": 1712258902.9934568}
{"obj": {"type": "LogFloats", "path": ["monitoring", "4d72a671", "memory"], "values": [{"value": 9.971233367919922, "step": null, "ts": 1712258902.993164}]}, "version": 992, "at": 1712258902.993738}
{"obj": {"type": "LogFloats", "path": ["monitoring", "4d72a671", "cpu"], "values": [{"value": 89.0, "step": null, "ts": 1712258912.994179}]}, "version": 993, "at": 1712258912.994483}
{"obj": {"type": "LogFloats", "path": ["monitoring", "4d72a671", "memory"], "values": [{"value": 9.97408676147461, "step": null, "ts": 1712258912.994179}]}, "version": 994, "at": 1712258912.994807}
{"obj": {"type": "LogFloats", "path": ["monitoring", "4d72a671", "cpu"], "values": [{"value": 86.4, "step": null, "ts": 1712258922.997021}]}, "version": 995, "at": 1712258922.9973109}
{"obj": {"type": "LogFloats", "path": ["monitoring", "4d72a671", "memory"], "values": [{"value": 10.015068054199219, "step": null, "ts": 1712258922.997021}]}, "version": 996, "at": 1712258922.997599}
{"obj": {"type": "LogFloats", "path": ["monitoring", "4d72a671", "cpu"], "values": [{"value": 91.9, "step": null, "ts": 1712258932.997972}]}, "version": 997, "at": 1712258932.998299}
{"obj": {"type": "LogFloats", "path": ["monitoring", "4d72a671", "memory"], "values": [{"value": 9.889423370361328, "step": null, "ts": 1712258932.997972}]}, "version": 998, "at": 1712258932.998626}
{"obj": {"type": "LogFloats", "path": ["monitoring", "4d72a671", "cpu"], "values": [{"value": 90.5, "step": null, "ts": 1712258943.0021062}]}, "version": 999, "at": 1712258943.002421}
{"obj": {"type": "LogFloats", "path": ["monitoring", "4d72a671", "memory"], "values": [{"value": 9.602897644042969, "step": null, "ts": 1712258943.0021062}]}, "version": 1000, "at": 1712258943.00272}
{"obj": {"type": "LogFloats", "path": ["monitoring", "4d72a671", "cpu"], "values": [{"value": 93.7, "step": null, "ts": 1712258953.003755}]}, "version": 1001, "at": 1712258953.004079}
{"obj": {"type": "LogFloats", "path": ["monitoring", "4d72a671", "memory"], "values": [{"value": 9.478569030761719, "step": null, "ts": 1712258953.003755}]}, "version": 1002, "at": 1712258953.004388}
{"obj": {"type": "LogFloats", "path": ["monitoring", "4d72a671", "cpu"], "values": [{"value": 93.1, "step": null, "ts": 1712258963.0052211}]}, "version": 1003, "at": 1712258963.005516}
{"obj": {"type": "LogFloats", "path": ["monitoring", "4d72a671", "memory"], "values": [{"value": 9.540473937988281, "step": null, "ts": 1712258963.0052211}]}, "version": 1004, "at": 1712258963.005821}
{"obj": {"type": "LogFloats", "path": ["monitoring", "4d72a671", "cpu"], "values": [{"value": 92.9, "step": null, "ts": 1712258973.009658}]}, "version": 1005, "at": 1712258973.009996}
{"obj": {"type": "LogFloats", "path": ["monitoring", "4d72a671", "memory"], "values": [{"value": 9.559272766113281, "step": null, "ts": 1712258973.009658}]}, "version": 1006, "at": 1712258973.022826}
{"obj": {"type": "LogFloats", "path": ["monitoring", "4d72a671", "cpu"], "values": [{"value": 94.2, "step": null, "ts": 1712258983.026051}]}, "version": 1007, "at": 1712258983.026342}
{"obj": {"type": "LogFloats", "path": ["monitoring", "4d72a671", "memory"], "values": [{"value": 9.58254623413086, "step": null, "ts": 1712258983.026051}]}, "version": 1008, "at": 1712258983.026628}
{"obj": {"type": "LogFloats", "path": ["monitoring", "4d72a671", "cpu"], "values": [{"value": 95.2, "step": null, "ts": 1712258993.034178}]}, "version": 1009, "at": 1712258993.034505}
{"obj": {"type": "LogFloats", "path": ["monitoring", "4d72a671", "memory"], "values": [{"value": 9.623420715332031, "step": null, "ts": 1712258993.034178}]}, "version": 1010, "at": 1712258993.034865}
{"obj": {"type": "LogFloats", "path": ["monitoring", "4d72a671", "cpu"], "values": [{"value": 95.8, "step": null, "ts": 1712259003.035475}]}, "version": 1011, "at": 1712259003.0357828}
{"obj": {"type": "LogFloats", "path": ["monitoring", "4d72a671", "memory"], "values": [{"value": 9.65225601196289, "step": null, "ts": 1712259003.035475}]}, "version": 1012, "at": 1712259003.036248}
{"obj": {"type": "LogFloats", "path": ["monitoring", "4d72a671", "cpu"], "values": [{"value": 93.8, "step": null, "ts": 1712259013.036823}]}, "version": 1013, "at": 1712259013.037153}
{"obj": {"type": "LogFloats", "path": ["monitoring", "4d72a671", "memory"], "values": [{"value": 9.640735626220703, "step": null, "ts": 1712259013.036823}]}, "version": 1014, "at": 1712259013.0374882}
{"obj": {"type": "LogFloats", "path": ["monitoring", "4d72a671", "cpu"], "values": [{"value": 92.1, "step": null, "ts": 1712259023.041858}]}, "version": 1015, "at": 1712259023.042192}
{"obj": {"type": "LogFloats", "path": ["monitoring", "4d72a671", "memory"], "values": [{"value": 9.697689056396484, "step": null, "ts": 1712259023.041858}]}, "version": 1016, "at": 1712259023.042513}
{"obj": {"type": "LogFloats", "path": ["monitoring", "4d72a671", "cpu"], "values": [{"value": 95.3, "step": null, "ts": 1712259033.042788}]}, "version": 1017, "at": 1712259033.043134}
{"obj": {"type": "LogFloats", "path": ["monitoring", "4d72a671", "memory"], "values": [{"value": 9.904289245605469, "step": null, "ts": 1712259033.042788}]}, "version": 1018, "at": 1712259033.043469}
{"obj": {"type": "LogFloats", "path": ["monitoring", "4d72a671", "cpu"], "values": [{"value": 92.1, "step": null, "ts": 1712259043.045012}]}, "version": 1019, "at": 1712259043.045328}
{"obj": {"type": "LogFloats", "path": ["monitoring", "4d72a671", "memory"], "values": [{"value": 9.931480407714844, "step": null, "ts": 1712259043.045012}]}, "version": 1020, "at": 1712259043.0456698}
{"obj": {"type": "LogFloats", "path": ["monitoring", "4d72a671", "cpu"], "values": [{"value": 94.0, "step": null, "ts": 1712259053.0463722}]}, "version": 1021, "at": 1712259053.046711}
{"obj": {"type": "LogFloats", "path": ["monitoring", "4d72a671", "memory"], "values": [{"value": 9.70992660522461, "step": null, "ts": 1712259053.0463722}]}, "version": 1022, "at": 1712259053.047062}
{"obj": {"type": "LogFloats", "path": ["monitoring", "4d72a671", "cpu"], "values": [{"value": 94.4, "step": null, "ts": 1712259063.049443}]}, "version": 1023, "at": 1712259063.049779}
{"obj": {"type": "LogFloats", "path": ["monitoring", "4d72a671", "memory"], "values": [{"value": 9.71478271484375, "step": null, "ts": 1712259063.049443}]}, "version": 1024, "at": 1712259063.050138}
{"obj": {"type": "LogFloats", "path": ["monitoring", "4d72a671", "cpu"], "values": [{"value": 95.3, "step": null, "ts": 1712259073.053951}]}, "version": 1025, "at": 1712259073.054247}
{"obj": {"type": "LogFloats", "path": ["monitoring", "4d72a671", "memory"], "values": [{"value": 9.732219696044922, "step": null, "ts": 1712259073.053951}]}, "version": 1026, "at": 1712259073.054564}
{"obj": {"type": "LogFloats", "path": ["monitoring", "4d72a671", "cpu"], "values": [{"value": 92.8, "step": null, "ts": 1712259083.0586839}]}, "version": 1027, "at": 1712259083.0590432}
{"obj": {"type": "LogFloats", "path": ["monitoring", "4d72a671", "memory"], "values": [{"value": 9.833980560302734, "step": null, "ts": 1712259083.0586839}]}, "version": 1028, "at": 1712259083.0594492}
{"obj": {"type": "LogFloats", "path": ["monitoring", "4d72a671", "cpu"], "values": [{"value": 92.5, "step": null, "ts": 1712259093.0639832}]}, "version": 1029, "at": 1712259093.0642738}
{"obj": {"type": "LogFloats", "path": ["monitoring", "4d72a671", "memory"], "values": [{"value": 10.043495178222656, "step": null, "ts": 1712259093.0639832}]}, "version": 1030, "at": 1712259093.064598}
{"obj": {"type": "LogFloats", "path": ["monitoring", "4d72a671", "cpu"], "values": [{"value": 88.3, "step": null, "ts": 1712259103.066}]}, "version": 1031, "at": 1712259103.0663092}
{"obj": {"type": "LogFloats", "path": ["monitoring", "4d72a671", "memory"], "values": [{"value": 10.142021179199219, "step": null, "ts": 1712259103.066}]}, "version": 1032, "at": 1712259103.066656}
{"obj": {"type": "LogFloats", "path": ["monitoring", "4d72a671", "cpu"], "values": [{"value": 89.6, "step": null, "ts": 1712259113.0668852}]}, "version": 1033, "at": 1712259113.0671911}
{"obj": {"type": "LogFloats", "path": ["monitoring", "4d72a671", "memory"], "values": [{"value": 10.00259017944336, "step": null, "ts": 1712259113.0668852}]}, "version": 1034, "at": 1712259113.067811}
{"obj": {"type": "LogFloats", "path": ["monitoring", "4d72a671", "cpu"], "values": [{"value": 90.4, "step": null, "ts": 1712259123.07279}]}, "version": 1035, "at": 1712259123.0733151}
{"obj": {"type": "LogFloats", "path": ["monitoring", "4d72a671", "memory"], "values": [{"value": 10.010570526123047, "step": null, "ts": 1712259123.07279}]}, "version": 1036, "at": 1712259123.0737479}
{"obj": {"type": "LogFloats", "path": ["monitoring", "4d72a671", "cpu"], "values": [{"value": 87.9, "step": null, "ts": 1712259133.0746582}]}, "version": 1037, "at": 1712259133.0749598}
{"obj": {"type": "LogFloats", "path": ["monitoring", "4d72a671", "memory"], "values": [{"value": 10.215396881103516, "step": null, "ts": 1712259133.0746582}]}, "version": 1038, "at": 1712259133.075316}
{"obj": {"type": "LogFloats", "path": ["monitoring", "4d72a671", "cpu"], "values": [{"value": 90.0, "step": null, "ts": 1712259143.0759308}]}, "version": 1039, "at": 1712259143.076353}
{"obj": {"type": "LogFloats", "path": ["monitoring", "4d72a671", "memory"], "values": [{"value": 10.211353302001953, "step": null, "ts": 1712259143.0759308}]}, "version": 1040, "at": 1712259143.076684}
{"obj": {"type": "LogFloats", "path": ["monitoring", "4d72a671", "cpu"], "values": [{"value": 90.8, "step": null, "ts": 1712259153.0806148}]}, "version": 1041, "at": 1712259153.080936}
{"obj": {"type": "LogFloats", "path": ["monitoring", "4d72a671", "memory"], "values": [{"value": 10.377315521240234, "step": null, "ts": 1712259153.0806148}]}, "version": 1042, "at": 1712259153.0812852}
{"obj": {"type": "LogFloats", "path": ["monitoring", "4d72a671", "cpu"], "values": [{"value": 90.8, "step": null, "ts": 1712259163.082164}]}, "version": 1043, "at": 1712259163.0825}
{"obj": {"type": "LogFloats", "path": ["monitoring", "4d72a671", "memory"], "values": [{"value": 10.461109161376953, "step": null, "ts": 1712259163.082164}]}, "version": 1044, "at": 1712259163.0828779}
{"obj": {"type": "LogFloats", "path": ["monitoring", "4d72a671", "cpu"], "values": [{"value": 91.5, "step": null, "ts": 1712259173.0846689}]}, "version": 1045, "at": 1712259173.085011}
{"obj": {"type": "LogFloats", "path": ["monitoring", "4d72a671", "memory"], "values": [{"value": 10.482704162597656, "step": null, "ts": 1712259173.0846689}]}, "version": 1046, "at": 1712259173.085338}
{"obj": {"type": "LogFloats", "path": ["monitoring", "4d72a671", "cpu"], "values": [{"value": 93.6, "step": null, "ts": 1712259183.090517}]}, "version": 1047, "at": 1712259183.090869}
{"obj": {"type": "LogFloats", "path": ["monitoring", "4d72a671", "memory"], "values": [{"value": 10.253501892089844, "step": null, "ts": 1712259183.090517}]}, "version": 1048, "at": 1712259183.0911932}
{"obj": {"type": "LogFloats", "path": ["monitoring", "4d72a671", "cpu"], "values": [{"value": 92.9, "step": null, "ts": 1712259193.0915809}]}, "version": 1049, "at": 1712259193.09199}
{"obj": {"type": "LogFloats", "path": ["monitoring", "4d72a671", "memory"], "values": [{"value": 10.347347259521484, "step": null, "ts": 1712259193.0915809}]}, "version": 1050, "at": 1712259193.097227}
{"obj": {"type": "LogFloats", "path": ["monitoring", "4d72a671", "cpu"], "values": [{"value": 93.6, "step": null, "ts": 1712259203.101233}]}, "version": 1051, "at": 1712259203.101712}
{"obj": {"type": "LogFloats", "path": ["monitoring", "4d72a671", "memory"], "values": [{"value": 10.350303649902344, "step": null, "ts": 1712259203.101233}]}, "version": 1052, "at": 1712259203.102179}
{"obj": {"type": "LogFloats", "path": ["monitoring", "4d72a671", "cpu"], "values": [{"value": 96.3, "step": null, "ts": 1712259213.105126}]}, "version": 1053, "at": 1712259213.105433}
{"obj": {"type": "LogFloats", "path": ["monitoring", "4d72a671", "memory"], "values": [{"value": 10.305419921875, "step": null, "ts": 1712259213.105126}]}, "version": 1054, "at": 1712259213.105746}
{"obj": {"type": "LogFloats", "path": ["monitoring", "4d72a671", "cpu"], "values": [{"value": 96.0, "step": null, "ts": 1712259223.1073458}]}, "version": 1055, "at": 1712259223.107745}
{"obj": {"type": "LogFloats", "path": ["monitoring", "4d72a671", "memory"], "values": [{"value": 10.444038391113281, "step": null, "ts": 1712259223.1073458}]}, "version": 1056, "at": 1712259223.108066}
{"obj": {"type": "LogFloats", "path": ["monitoring", "4d72a671", "cpu"], "values": [{"value": 96.2, "step": null, "ts": 1712259233.108478}]}, "version": 1057, "at": 1712259233.108872}
{"obj": {"type": "LogFloats", "path": ["monitoring", "4d72a671", "memory"], "values": [{"value": 10.251625061035156, "step": null, "ts": 1712259233.108478}]}, "version": 1058, "at": 1712259233.109219}
{"obj": {"type": "LogFloats", "path": ["monitoring", "4d72a671", "cpu"], "values": [{"value": 91.7, "step": null, "ts": 1712259243.110077}]}, "version": 1059, "at": 1712259243.110417}
{"obj": {"type": "LogFloats", "path": ["monitoring", "4d72a671", "memory"], "values": [{"value": 10.157588958740234, "step": null, "ts": 1712259243.110077}]}, "version": 1060, "at": 1712259243.110761}
{"obj": {"type": "LogFloats", "path": ["monitoring", "4d72a671", "cpu"], "values": [{"value": 91.0, "step": null, "ts": 1712259253.1115}]}, "version": 1061, "at": 1712259253.1118279}
{"obj": {"type": "LogFloats", "path": ["monitoring", "4d72a671", "memory"], "values": [{"value": 10.060436248779297, "step": null, "ts": 1712259253.1115}]}, "version": 1062, "at": 1712259253.1122189}
{"obj": {"type": "LogFloats", "path": ["monitoring", "4d72a671", "cpu"], "values": [{"value": 94.6, "step": null, "ts": 1712259263.1140742}]}, "version": 1063, "at": 1712259263.1144161}
{"obj": {"type": "LogFloats", "path": ["monitoring", "4d72a671", "memory"], "values": [{"value": 9.787433624267578, "step": null, "ts": 1712259263.1140742}]}, "version": 1064, "at": 1712259263.114783}
{"obj": {"type": "LogFloats", "path": ["monitoring", "4d72a671", "cpu"], "values": [{"value": 93.3, "step": null, "ts": 1712259273.116946}]}, "version": 1065, "at": 1712259273.117356}
{"obj": {"type": "LogFloats", "path": ["monitoring", "4d72a671", "memory"], "values": [{"value": 9.314056396484375, "step": null, "ts": 1712259273.116946}]}, "version": 1066, "at": 1712259273.117698}
{"obj": {"type": "LogFloats", "path": ["monitoring", "4d72a671", "cpu"], "values": [{"value": 97.1, "step": null, "ts": 1712259283.120333}]}, "version": 1067, "at": 1712259283.120678}
{"obj": {"type": "LogFloats", "path": ["monitoring", "4d72a671", "memory"], "values": [{"value": 8.676532745361328, "step": null, "ts": 1712259283.120333}]}, "version": 1068, "at": 1712259283.121011}
{"obj": {"type": "LogFloats", "path": ["monitoring", "4d72a671", "cpu"], "values": [{"value": 95.7, "step": null, "ts": 1712259293.123195}]}, "version": 1069, "at": 1712259293.12353}
{"obj": {"type": "LogFloats", "path": ["monitoring", "4d72a671", "memory"], "values": [{"value": 8.825237274169922, "step": null, "ts": 1712259293.123195}]}, "version": 1070, "at": 1712259293.123873}
{"obj": {"type": "LogFloats", "path": ["monitoring", "4d72a671", "cpu"], "values": [{"value": 98.4, "step": null, "ts": 1712259303.126105}]}, "version": 1071, "at": 1712259303.1264052}
{"obj": {"type": "LogFloats", "path": ["monitoring", "4d72a671", "memory"], "values": [{"value": 8.9000244140625, "step": null, "ts": 1712259303.126105}]}, "version": 1072, "at": 1712259303.126739}
{"obj": {"type": "LogFloats", "path": ["monitoring", "4d72a671", "cpu"], "values": [{"value": 95.0, "step": null, "ts": 1712259313.126902}]}, "version": 1073, "at": 1712259313.127193}
{"obj": {"type": "LogFloats", "path": ["monitoring", "4d72a671", "memory"], "values": [{"value": 8.90096664428711, "step": null, "ts": 1712259313.126902}]}, "version": 1074, "at": 1712259313.145532}
{"obj": {"type": "LogFloats", "path": ["monitoring", "4d72a671", "cpu"], "values": [{"value": 93.4, "step": null, "ts": 1712259323.145844}]}, "version": 1075, "at": 1712259323.1461508}
{"obj": {"type": "LogFloats", "path": ["monitoring", "4d72a671", "memory"], "values": [{"value": 8.722198486328125, "step": null, "ts": 1712259323.145844}]}, "version": 1076, "at": 1712259323.146622}
{"obj": {"type": "LogFloats", "path": ["monitoring", "4d72a671", "cpu"], "values": [{"value": 88.1, "step": null, "ts": 1712259333.150262}]}, "version": 1077, "at": 1712259333.1506119}
{"obj": {"type": "LogFloats", "path": ["monitoring", "4d72a671", "memory"], "values": [{"value": 8.962574005126953, "step": null, "ts": 1712259333.150262}]}, "version": 1078, "at": 1712259333.151051}
{"obj": {"type": "LogFloats", "path": ["monitoring", "4d72a671", "cpu"], "values": [{"value": 93.6, "step": null, "ts": 1712259343.1562638}]}, "version": 1079, "at": 1712259343.156553}
{"obj": {"type": "LogFloats", "path": ["monitoring", "4d72a671", "memory"], "values": [{"value": 9.154930114746094, "step": null, "ts": 1712259343.1562638}]}, "version": 1080, "at": 1712259343.156845}
{"obj": {"type": "LogFloats", "path": ["monitoring", "4d72a671", "cpu"], "values": [{"value": 99.0, "step": null, "ts": 1712259353.1594849}]}, "version": 1081, "at": 1712259353.1598332}
{"obj": {"type": "LogFloats", "path": ["monitoring", "4d72a671", "memory"], "values": [{"value": 8.804710388183594, "step": null, "ts": 1712259353.1594849}]}, "version": 1082, "at": 1712259353.160171}
{"obj": {"type": "LogFloats", "path": ["monitoring", "4d72a671", "cpu"], "values": [{"value": 99.1, "step": null, "ts": 1712259363.162998}]}, "version": 1083, "at": 1712259363.163331}
{"obj": {"type": "LogFloats", "path": ["monitoring", "4d72a671", "memory"], "values": [{"value": 8.573074340820312, "step": null, "ts": 1712259363.162998}]}, "version": 1084, "at": 1712259363.1636841}
{"obj": {"type": "LogFloats", "path": ["monitoring", "4d72a671", "cpu"], "values": [{"value": 99.7, "step": null, "ts": 1712259373.16885}]}, "version": 1085, "at": 1712259373.1692128}
{"obj": {"type": "LogFloats", "path": ["monitoring", "4d72a671", "memory"], "values": [{"value": 8.537239074707031, "step": null, "ts": 1712259373.16885}]}, "version": 1086, "at": 1712259373.169601}
{"obj": {"type": "LogFloats", "path": ["monitoring", "4d72a671", "cpu"], "values": [{"value": 99.7, "step": null, "ts": 1712259383.172352}]}, "version": 1087, "at": 1712259383.172671}
{"obj": {"type": "LogFloats", "path": ["monitoring", "4d72a671", "memory"], "values": [{"value": 8.546333312988281, "step": null, "ts": 1712259383.172352}]}, "version": 1088, "at": 1712259383.1730099}
{"obj": {"type": "LogFloats", "path": ["monitoring", "4d72a671", "cpu"], "values": [{"value": 98.6, "step": null, "ts": 1712259393.179809}]}, "version": 1089, "at": 1712259393.1802628}
{"obj": {"type": "LogFloats", "path": ["monitoring", "4d72a671", "memory"], "values": [{"value": 8.62490463256836, "step": null, "ts": 1712259393.179809}]}, "version": 1090, "at": 1712259393.180748}
{"obj": {"type": "LogFloats", "path": ["monitoring", "4d72a671", "cpu"], "values": [{"value": 98.9, "step": null, "ts": 1712259403.185966}]}, "version": 1091, "at": 1712259403.186267}
{"obj": {"type": "LogFloats", "path": ["monitoring", "4d72a671", "memory"], "values": [{"value": 8.56430435180664, "step": null, "ts": 1712259403.185966}]}, "version": 1092, "at": 1712259403.1865659}
{"obj": {"type": "LogFloats", "path": ["monitoring", "4d72a671", "cpu"], "values": [{"value": 99.7, "step": null, "ts": 1712259413.189072}]}, "version": 1093, "at": 1712259413.19072}
{"obj": {"type": "LogFloats", "path": ["monitoring", "4d72a671", "memory"], "values": [{"value": 8.555961608886719, "step": null, "ts": 1712259413.189072}]}, "version": 1094, "at": 1712259413.191125}
{"obj": {"type": "LogFloats", "path": ["monitoring", "4d72a671", "cpu"], "values": [{"value": 96.0, "step": null, "ts": 1712259423.194091}]}, "version": 1095, "at": 1712259423.194416}
{"obj": {"type": "LogFloats", "path": ["monitoring", "4d72a671", "memory"], "values": [{"value": 8.693645477294922, "step": null, "ts": 1712259423.194091}]}, "version": 1096, "at": 1712259423.194766}
{"obj": {"type": "LogFloats", "path": ["monitoring", "4d72a671", "cpu"], "values": [{"value": 99.7, "step": null, "ts": 1712259433.195497}]}, "version": 1097, "at": 1712259433.195863}
{"obj": {"type": "LogFloats", "path": ["monitoring", "4d72a671", "memory"], "values": [{"value": 8.68377685546875, "step": null, "ts": 1712259433.195497}]}, "version": 1098, "at": 1712259433.1962008}
{"obj": {"type": "LogFloats", "path": ["monitoring", "4d72a671", "cpu"], "values": [{"value": 99.8, "step": null, "ts": 1712259443.1978838}]}, "version": 1099, "at": 1712259443.1982021}
{"obj": {"type": "LogFloats", "path": ["monitoring", "4d72a671", "memory"], "values": [{"value": 8.81710433959961, "step": null, "ts": 1712259443.1978838}]}, "version": 1100, "at": 1712259443.198515}
{"obj": {"type": "LogFloats", "path": ["monitoring", "4d72a671", "cpu"], "values": [{"value": 99.7, "step": null, "ts": 1712259453.202385}]}, "version": 1101, "at": 1712259453.202713}
{"obj": {"type": "LogFloats", "path": ["monitoring", "4d72a671", "memory"], "values": [{"value": 9.499412536621094, "step": null, "ts": 1712259453.202385}]}, "version": 1102, "at": 1712259453.203016}
{"obj": {"type": "LogFloats", "path": ["monitoring", "4d72a671", "cpu"], "values": [{"value": 99.7, "step": null, "ts": 1712259463.205686}]}, "version": 1103, "at": 1712259463.2060149}
{"obj": {"type": "LogFloats", "path": ["monitoring", "4d72a671", "memory"], "values": [{"value": 9.605476379394531, "step": null, "ts": 1712259463.205686}]}, "version": 1104, "at": 1712259463.206367}
{"obj": {"type": "LogFloats", "path": ["monitoring", "4d72a671", "cpu"], "values": [{"value": 99.8, "step": null, "ts": 1712259473.211541}]}, "version": 1105, "at": 1712259473.2118511}
{"obj": {"type": "LogFloats", "path": ["monitoring", "4d72a671", "memory"], "values": [{"value": 9.70003890991211, "step": null, "ts": 1712259473.211541}]}, "version": 1106, "at": 1712259473.2121441}
{"obj": {"type": "LogFloats", "path": ["monitoring", "4d72a671", "cpu"], "values": [{"value": 99.6, "step": null, "ts": 1712259483.214289}]}, "version": 1107, "at": 1712259483.214609}
{"obj": {"type": "LogFloats", "path": ["monitoring", "4d72a671", "memory"], "values": [{"value": 9.927989959716797, "step": null, "ts": 1712259483.214289}]}, "version": 1108, "at": 1712259483.2149172}
{"obj": {"type": "LogFloats", "path": ["monitoring", "4d72a671", "cpu"], "values": [{"value": 99.5, "step": null, "ts": 1712259493.218828}]}, "version": 1109, "at": 1712259493.219142}
{"obj": {"type": "LogFloats", "path": ["monitoring", "4d72a671", "memory"], "values": [{"value": 9.4080810546875, "step": null, "ts": 1712259493.218828}]}, "version": 1110, "at": 1712259493.21947}
{"obj": {"type": "LogFloats", "path": ["monitoring", "4d72a671", "cpu"], "values": [{"value": 98.9, "step": null, "ts": 1712259503.22126}]}, "version": 1111, "at": 1712259503.221628}
{"obj": {"type": "LogFloats", "path": ["monitoring", "4d72a671", "memory"], "values": [{"value": 8.805103302001953, "step": null, "ts": 1712259503.22126}]}, "version": 1112, "at": 1712259503.221985}
{"obj": {"type": "LogFloats", "path": ["monitoring", "4d72a671", "cpu"], "values": [{"value": 99.7, "step": null, "ts": 1712259513.222247}]}, "version": 1113, "at": 1712259513.222559}
{"obj": {"type": "LogFloats", "path": ["monitoring", "4d72a671", "memory"], "values": [{"value": 8.655624389648438, "step": null, "ts": 1712259513.222247}]}, "version": 1114, "at": 1712259513.222862}
{"obj": {"type": "LogFloats", "path": ["monitoring", "4d72a671", "cpu"], "values": [{"value": 99.8, "step": null, "ts": 1712259523.22526}]}, "version": 1115, "at": 1712259523.225566}
{"obj": {"type": "LogFloats", "path": ["monitoring", "4d72a671", "memory"], "values": [{"value": 8.66665267944336, "step": null, "ts": 1712259523.22526}]}, "version": 1116, "at": 1712259523.2258828}
{"obj": {"type": "LogFloats", "path": ["monitoring", "4d72a671", "cpu"], "values": [{"value": 99.5, "step": null, "ts": 1712259533.231147}]}, "version": 1117, "at": 1712259533.23146}
{"obj": {"type": "LogFloats", "path": ["monitoring", "4d72a671", "memory"], "values": [{"value": 8.652515411376953, "step": null, "ts": 1712259533.231147}]}, "version": 1118, "at": 1712259533.2317922}
{"obj": {"type": "LogFloats", "path": ["monitoring", "4d72a671", "cpu"], "values": [{"value": 99.7, "step": null, "ts": 1712259543.23432}]}, "version": 1119, "at": 1712259543.2346728}
{"obj": {"type": "LogFloats", "path": ["monitoring", "4d72a671", "memory"], "values": [{"value": 8.794227600097656, "step": null, "ts": 1712259543.23432}]}, "version": 1120, "at": 1712259543.235028}
{"obj": {"type": "LogFloats", "path": ["monitoring", "4d72a671", "cpu"], "values": [{"value": 98.5, "step": null, "ts": 1712259553.2401721}]}, "version": 1121, "at": 1712259553.240489}
{"obj": {"type": "LogFloats", "path": ["monitoring", "4d72a671", "memory"], "values": [{"value": 8.653430938720703, "step": null, "ts": 1712259553.2401721}]}, "version": 1122, "at": 1712259553.240808}
{"obj": {"type": "LogFloats", "path": ["monitoring", "4d72a671", "cpu"], "values": [{"value": 99.7, "step": null, "ts": 1712259563.2427762}]}, "version": 1123, "at": 1712259563.2430751}
{"obj": {"type": "LogFloats", "path": ["monitoring", "4d72a671", "memory"], "values": [{"value": 8.654098510742188, "step": null, "ts": 1712259563.2427762}]}, "version": 1124, "at": 1712259563.2433631}
{"obj": {"type": "LogFloats", "path": ["monitoring", "4d72a671", "cpu"], "values": [{"value": 99.0, "step": null, "ts": 1712259573.248319}]}, "version": 1125, "at": 1712259573.2486598}
{"obj": {"type": "LogFloats", "path": ["monitoring", "4d72a671", "memory"], "values": [{"value": 9.020740509033203, "step": null, "ts": 1712259573.248319}]}, "version": 1126, "at": 1712259573.249013}
{"obj": {"type": "LogFloats", "path": ["monitoring", "4d72a671", "cpu"], "values": [{"value": 99.8, "step": null, "ts": 1712259583.254007}]}, "version": 1127, "at": 1712259583.254323}
{"obj": {"type": "LogFloats", "path": ["monitoring", "4d72a671", "memory"], "values": [{"value": 8.647979736328125, "step": null, "ts": 1712259583.254007}]}, "version": 1128, "at": 1712259583.2546308}
{"obj": {"type": "LogFloats", "path": ["monitoring", "4d72a671", "cpu"], "values": [{"value": 99.7, "step": null, "ts": 1712259593.254952}]}, "version": 1129, "at": 1712259593.255388}
{"obj": {"type": "LogFloats", "path": ["monitoring", "4d72a671", "memory"], "values": [{"value": 8.667675018310547, "step": null, "ts": 1712259593.254952}]}, "version": 1130, "at": 1712259593.255818}
{"obj": {"type": "LogFloats", "path": ["monitoring", "4d72a671", "cpu"], "values": [{"value": 99.6, "step": null, "ts": 1712259603.258295}]}, "version": 1131, "at": 1712259603.2586071}
{"obj": {"type": "LogFloats", "path": ["monitoring", "4d72a671", "memory"], "values": [{"value": 8.673347473144531, "step": null, "ts": 1712259603.258295}]}, "version": 1132, "at": 1712259603.258942}
{"obj": {"type": "LogFloats", "path": ["monitoring", "4d72a671", "cpu"], "values": [{"value": 99.8, "step": null, "ts": 1712259613.259084}]}, "version": 1133, "at": 1712259613.2594292}
{"obj": {"type": "LogFloats", "path": ["monitoring", "4d72a671", "memory"], "values": [{"value": 8.754749298095703, "step": null, "ts": 1712259613.259084}]}, "version": 1134, "at": 1712259613.259789}
{"obj": {"type": "LogFloats", "path": ["monitoring", "4d72a671", "cpu"], "values": [{"value": 99.7, "step": null, "ts": 1712259623.2613819}]}, "version": 1135, "at": 1712259623.261759}
{"obj": {"type": "LogFloats", "path": ["monitoring", "4d72a671", "memory"], "values": [{"value": 8.80379867553711, "step": null, "ts": 1712259623.2613819}]}, "version": 1136, "at": 1712259623.2621288}
{"obj": {"type": "LogFloats", "path": ["monitoring", "4d72a671", "cpu"], "values": [{"value": 99.7, "step": null, "ts": 1712259633.267283}]}, "version": 1137, "at": 1712259633.267582}
{"obj": {"type": "LogFloats", "path": ["monitoring", "4d72a671", "memory"], "values": [{"value": 8.677452087402344, "step": null, "ts": 1712259633.267283}]}, "version": 1138, "at": 1712259633.267877}
{"obj": {"type": "LogFloats", "path": ["monitoring", "4d72a671", "cpu"], "values": [{"value": 99.7, "step": null, "ts": 1712259643.269953}]}, "version": 1139, "at": 1712259643.270276}
{"obj": {"type": "LogFloats", "path": ["monitoring", "4d72a671", "memory"], "values": [{"value": 8.673046112060547, "step": null, "ts": 1712259643.269953}]}, "version": 1140, "at": 1712259643.2706041}
{"obj": {"type": "LogFloats", "path": ["monitoring", "4d72a671", "cpu"], "values": [{"value": 99.7, "step": null, "ts": 1712259653.271478}]}, "version": 1141, "at": 1712259653.271842}
{"obj": {"type": "LogFloats", "path": ["monitoring", "4d72a671", "memory"], "values": [{"value": 8.68105697631836, "step": null, "ts": 1712259653.271478}]}, "version": 1142, "at": 1712259653.272207}
{"obj": {"type": "LogFloats", "path": ["monitoring", "4d72a671", "cpu"], "values": [{"value": 99.7, "step": null, "ts": 1712259663.2735732}]}, "version": 1143, "at": 1712259663.2738612}
{"obj": {"type": "LogFloats", "path": ["monitoring", "4d72a671", "memory"], "values": [{"value": 8.703292846679688, "step": null, "ts": 1712259663.2735732}]}, "version": 1144, "at": 1712259663.2741382}
{"obj": {"type": "LogFloats", "path": ["monitoring", "4d72a671", "cpu"], "values": [{"value": 99.8, "step": null, "ts": 1712259673.277798}]}, "version": 1145, "at": 1712259673.278144}
{"obj": {"type": "LogFloats", "path": ["monitoring", "4d72a671", "memory"], "values": [{"value": 8.703132629394531, "step": null, "ts": 1712259673.277798}]}, "version": 1146, "at": 1712259673.278501}
{"obj": {"type": "LogFloats", "path": ["monitoring", "4d72a671", "cpu"], "values": [{"value": 99.6, "step": null, "ts": 1712259683.280519}]}, "version": 1147, "at": 1712259683.280834}
{"obj": {"type": "LogFloats", "path": ["monitoring", "4d72a671", "memory"], "values": [{"value": 9.202911376953125, "step": null, "ts": 1712259683.280519}]}, "version": 1148, "at": 1712259683.281169}
{"obj": {"type": "LogFloats", "path": ["monitoring", "4d72a671", "cpu"], "values": [{"value": 99.7, "step": null, "ts": 1712259693.28455}]}, "version": 1149, "at": 1712259693.284838}
{"obj": {"type": "LogFloats", "path": ["monitoring", "4d72a671", "memory"], "values": [{"value": 9.720279693603516, "step": null, "ts": 1712259693.28455}]}, "version": 1150, "at": 1712259693.285116}
{"obj": {"type": "LogFloats", "path": ["monitoring", "4d72a671", "cpu"], "values": [{"value": 99.7, "step": null, "ts": 1712259703.2923388}]}, "version": 1151, "at": 1712259703.292649}
{"obj": {"type": "LogFloats", "path": ["monitoring", "4d72a671", "memory"], "values": [{"value": 9.9122314453125, "step": null, "ts": 1712259703.2923388}]}, "version": 1152, "at": 1712259703.293}
{"obj": {"type": "LogFloats", "path": ["monitoring", "4d72a671", "cpu"], "values": [{"value": 99.7, "step": null, "ts": 1712259713.302806}]}, "version": 1153, "at": 1712259713.303099}
{"obj": {"type": "LogFloats", "path": ["monitoring", "4d72a671", "memory"], "values": [{"value": 9.819805145263672, "step": null, "ts": 1712259713.302806}]}, "version": 1154, "at": 1712259713.303383}
{"obj": {"type": "LogFloats", "path": ["monitoring", "4d72a671", "cpu"], "values": [{"value": 99.6, "step": null, "ts": 1712259723.3128052}]}, "version": 1155, "at": 1712259723.313109}
{"obj": {"type": "LogFloats", "path": ["monitoring", "4d72a671", "memory"], "values": [{"value": 9.615192413330078, "step": null, "ts": 1712259723.3128052}]}, "version": 1156, "at": 1712259723.31343}
{"obj": {"type": "LogFloats", "path": ["monitoring", "4d72a671", "cpu"], "values": [{"value": 99.7, "step": null, "ts": 1712259733.3191192}]}, "version": 1157, "at": 1712259733.319436}
{"obj": {"type": "LogFloats", "path": ["monitoring", "4d72a671", "memory"], "values": [{"value": 9.253864288330078, "step": null, "ts": 1712259733.3191192}]}, "version": 1158, "at": 1712259733.319768}
{"obj": {"type": "LogFloats", "path": ["monitoring", "4d72a671", "cpu"], "values": [{"value": 99.7, "step": null, "ts": 1712259743.3286788}]}, "version": 1159, "at": 1712259743.3289878}
{"obj": {"type": "LogFloats", "path": ["monitoring", "4d72a671", "memory"], "values": [{"value": 8.881061553955078, "step": null, "ts": 1712259743.3286788}]}, "version": 1160, "at": 1712259743.329314}
{"obj": {"type": "LogFloats", "path": ["monitoring", "4d72a671", "cpu"], "values": [{"value": 99.7, "step": null, "ts": 1712259753.3314078}]}, "version": 1161, "at": 1712259753.331709}
{"obj": {"type": "LogFloats", "path": ["monitoring", "4d72a671", "memory"], "values": [{"value": 8.694538116455078, "step": null, "ts": 1712259753.3314078}]}, "version": 1162, "at": 1712259753.33202}
{"obj": {"type": "LogFloats", "path": ["monitoring", "4d72a671", "cpu"], "values": [{"value": 99.8, "step": null, "ts": 1712259763.335973}]}, "version": 1163, "at": 1712259763.336318}
{"obj": {"type": "LogFloats", "path": ["monitoring", "4d72a671", "memory"], "values": [{"value": 8.67343521118164, "step": null, "ts": 1712259763.335973}]}, "version": 1164, "at": 1712259763.336661}
{"obj": {"type": "LogFloats", "path": ["monitoring", "4d72a671", "cpu"], "values": [{"value": 99.8, "step": null, "ts": 1712259773.3429718}]}, "version": 1165, "at": 1712259773.3432682}
{"obj": {"type": "LogFloats", "path": ["monitoring", "4d72a671", "memory"], "values": [{"value": 8.677215576171875, "step": null, "ts": 1712259773.3429718}]}, "version": 1166, "at": 1712259773.343585}
{"obj": {"type": "LogFloats", "path": ["monitoring", "4d72a671", "cpu"], "values": [{"value": 99.6, "step": null, "ts": 1712259783.3521569}]}, "version": 1167, "at": 1712259783.352491}
{"obj": {"type": "LogFloats", "path": ["monitoring", "4d72a671", "memory"], "values": [{"value": 8.679130554199219, "step": null, "ts": 1712259783.3521569}]}, "version": 1168, "at": 1712259783.352822}
{"obj": {"type": "LogFloats", "path": ["monitoring", "4d72a671", "cpu"], "values": [{"value": 99.7, "step": null, "ts": 1712259793.356839}]}, "version": 1169, "at": 1712259793.357171}
{"obj": {"type": "LogFloats", "path": ["monitoring", "4d72a671", "memory"], "values": [{"value": 8.881149291992188, "step": null, "ts": 1712259793.356839}]}, "version": 1170, "at": 1712259793.357486}
{"obj": {"type": "LogFloats", "path": ["monitoring", "4d72a671", "cpu"], "values": [{"value": 99.7, "step": null, "ts": 1712259803.366347}]}, "version": 1171, "at": 1712259803.366681}
{"obj": {"type": "LogFloats", "path": ["monitoring", "4d72a671", "memory"], "values": [{"value": 8.880455017089844, "step": null, "ts": 1712259803.366347}]}, "version": 1172, "at": 1712259803.367038}
{"obj": {"type": "LogFloats", "path": ["monitoring", "4d72a671", "cpu"], "values": [{"value": 99.8, "step": null, "ts": 1712259813.368397}]}, "version": 1173, "at": 1712259813.368746}
{"obj": {"type": "LogFloats", "path": ["monitoring", "4d72a671", "memory"], "values": [{"value": 8.811203002929688, "step": null, "ts": 1712259813.368397}]}, "version": 1174, "at": 1712259813.369118}
{"obj": {"type": "LogFloats", "path": ["monitoring", "4d72a671", "cpu"], "values": [{"value": 98.4, "step": null, "ts": 1712259823.3695529}]}, "version": 1175, "at": 1712259823.369895}
{"obj": {"type": "LogFloats", "path": ["monitoring", "4d72a671", "memory"], "values": [{"value": 8.700733184814453, "step": null, "ts": 1712259823.3695529}]}, "version": 1176, "at": 1712259823.3703198}
{"obj": {"type": "LogFloats", "path": ["monitoring", "4d72a671", "cpu"], "values": [{"value": 99.8, "step": null, "ts": 1712259833.372896}]}, "version": 1177, "at": 1712259833.373205}
{"obj": {"type": "LogFloats", "path": ["monitoring", "4d72a671", "memory"], "values": [{"value": 8.712303161621094, "step": null, "ts": 1712259833.372896}]}, "version": 1178, "at": 1712259833.3735292}
{"obj": {"type": "LogFloats", "path": ["monitoring", "4d72a671", "cpu"], "values": [{"value": 98.4, "step": null, "ts": 1712259843.381662}]}, "version": 1179, "at": 1712259843.3820019}
{"obj": {"type": "LogFloats", "path": ["monitoring", "4d72a671", "memory"], "values": [{"value": 8.79098129272461, "step": null, "ts": 1712259843.381662}]}, "version": 1180, "at": 1712259843.382348}
{"obj": {"type": "LogFloats", "path": ["monitoring", "4d72a671", "cpu"], "values": [{"value": 83.0, "step": null, "ts": 1712259853.3920908}]}, "version": 1181, "at": 1712259853.392388}
{"obj": {"type": "LogFloats", "path": ["monitoring", "4d72a671", "memory"], "values": [{"value": 8.722129821777344, "step": null, "ts": 1712259853.3920908}]}, "version": 1182, "at": 1712259853.392683}
{"obj": {"type": "LogFloats", "path": ["monitoring", "4d72a671", "cpu"], "values": [{"value": 65.1, "step": null, "ts": 1712259863.40144}]}, "version": 1183, "at": 1712259863.401698}
{"obj": {"type": "LogFloats", "path": ["monitoring", "4d72a671", "memory"], "values": [{"value": 8.71786880493164, "step": null, "ts": 1712259863.40144}]}, "version": 1184, "at": 1712259863.401939}
{"obj": {"type": "LogFloats", "path": ["monitoring", "4d72a671", "cpu"], "values": [{"value": 65.4, "step": null, "ts": 1712259873.405677}]}, "version": 1185, "at": 1712259873.405959}
{"obj": {"type": "LogFloats", "path": ["monitoring", "4d72a671", "memory"], "values": [{"value": 8.73531723022461, "step": null, "ts": 1712259873.405677}]}, "version": 1186, "at": 1712259873.406244}
{"obj": {"type": "LogFloats", "path": ["monitoring", "4d72a671", "cpu"], "values": [{"value": 65.5, "step": null, "ts": 1712259883.4162402}]}, "version": 1187, "at": 1712259883.4165142}
{"obj": {"type": "LogFloats", "path": ["monitoring", "4d72a671", "memory"], "values": [{"value": 8.94534683227539, "step": null, "ts": 1712259883.4162402}]}, "version": 1188, "at": 1712259883.416766}
{"obj": {"type": "LogFloats", "path": ["monitoring", "4d72a671", "cpu"], "values": [{"value": 65.3, "step": null, "ts": 1712259893.4255009}]}, "version": 1189, "at": 1712259893.425778}
{"obj": {"type": "LogFloats", "path": ["monitoring", "4d72a671", "memory"], "values": [{"value": 9.444168090820312, "step": null, "ts": 1712259893.4255009}]}, "version": 1190, "at": 1712259893.42605}
{"obj": {"type": "LogFloats", "path": ["monitoring", "4d72a671", "cpu"], "values": [{"value": 65.4, "step": null, "ts": 1712259903.430569}]}, "version": 1191, "at": 1712259903.4307919}
{"obj": {"type": "LogFloats", "path": ["monitoring", "4d72a671", "memory"], "values": [{"value": 9.739471435546875, "step": null, "ts": 1712259903.430569}]}, "version": 1192, "at": 1712259903.431005}
{"obj": {"type": "LogFloats", "path": ["monitoring", "4d72a671", "cpu"], "values": [{"value": 66.7, "step": null, "ts": 1712259913.4408362}]}, "version": 1193, "at": 1712259913.441113}
{"obj": {"type": "LogFloats", "path": ["monitoring", "4d72a671", "memory"], "values": [{"value": 9.721107482910156, "step": null, "ts": 1712259913.4408362}]}, "version": 1194, "at": 1712259913.4413161}
{"obj": {"type": "LogFloats", "path": ["monitoring", "4d72a671", "cpu"], "values": [{"value": 52.1, "step": null, "ts": 1712259923.450851}]}, "version": 1195, "at": 1712259923.451064}
{"obj": {"type": "LogFloats", "path": ["monitoring", "4d72a671", "memory"], "values": [{"value": 9.129745483398438, "step": null, "ts": 1712259923.450851}]}, "version": 1196, "at": 1712259923.451412}
{"obj": {"type": "LogFloats", "path": ["monitoring", "4d72a671", "cpu"], "values": [{"value": 18.0, "step": null, "ts": 1712259933.461547}]}, "version": 1197, "at": 1712259933.461731}
{"obj": {"type": "LogFloats", "path": ["monitoring", "4d72a671", "memory"], "values": [{"value": 8.834354400634766, "step": null, "ts": 1712259933.461547}]}, "version": 1198, "at": 1712259933.4619641}
{"obj": {"type": "LogFloats", "path": ["monitoring", "4d72a671", "cpu"], "values": [{"value": 15.4, "step": null, "ts": 1712259943.467197}]}, "version": 1199, "at": 1712259943.467415}
{"obj": {"type": "LogFloats", "path": ["monitoring", "4d72a671", "memory"], "values": [{"value": 8.867130279541016, "step": null, "ts": 1712259943.467197}]}, "version": 1200, "at": 1712259943.4675682}
{"obj": {"type": "LogFloats", "path": ["monitoring", "4d72a671", "cpu"], "values": [{"value": 14.9, "step": null, "ts": 1712259953.469725}]}, "version": 1201, "at": 1712259953.469962}
{"obj": {"type": "LogFloats", "path": ["monitoring", "4d72a671", "memory"], "values": [{"value": 9.044326782226562, "step": null, "ts": 1712259953.469725}]}, "version": 1202, "at": 1712259953.470165}
{"obj": {"type": "LogStrings", "path": ["monitoring", "4d72a671", "stdout"], "values": [{"value": "svm_cross_validation_with_cm():/ grid_search fit() Done...", "step": null, "ts": 1712259960.501628}]}, "version": 1203, "at": 1712259960.5029519}
{"obj": {"type": "LogStrings", "path": ["monitoring", "4d72a671", "stdout"], "values": [{"value": "\n", "step": null, "ts": 1712259960.507406}]}, "version": 1204, "at": 1712259960.507432}
{"obj": {"type": "LogStrings", "path": ["monitoring", "4d72a671", "stdout"], "values": [{"value": "X_train_fold: ", "step": null, "ts": 1712259960.5096588}]}, "version": 1205, "at": 1712259960.509682}
{"obj": {"type": "LogStrings", "path": ["monitoring", "4d72a671", "stdout"], "values": [{"value": " ", "step": null, "ts": 1712259960.509781}]}, "version": 1206, "at": 1712259960.5097952}
{"obj": {"type": "LogStrings", "path": ["monitoring", "4d72a671", "stdout"], "values": [{"value": "(8868, 48)", "step": null, "ts": 1712259960.509853}]}, "version": 1207, "at": 1712259960.5098639}
{"obj": {"type": "LogStrings", "path": ["monitoring", "4d72a671", "stdout"], "values": [{"value": " ", "step": null, "ts": 1712259960.5099149}]}, "version": 1208, "at": 1712259960.509932}
{"obj": {"type": "LogStrings", "path": ["monitoring", "4d72a671", "stdout"], "values": [{"value": "y_train_fold: ", "step": null, "ts": 1712259960.5099761}]}, "version": 1209, "at": 1712259960.5099862}
{"obj": {"type": "LogStrings", "path": ["monitoring", "4d72a671", "stdout"], "values": [{"value": " ", "step": null, "ts": 1712259960.510029}]}, "version": 1210, "at": 1712259960.510038}
{"obj": {"type": "LogStrings", "path": ["monitoring", "4d72a671", "stdout"], "values": [{"value": "(8868,)", "step": null, "ts": 1712259960.510082}]}, "version": 1211, "at": 1712259960.510091}
{"obj": {"type": "LogStrings", "path": ["monitoring", "4d72a671", "stdout"], "values": [{"value": "\n", "step": null, "ts": 1712259960.510135}]}, "version": 1212, "at": 1712259960.510144}
{"obj": {"type": "LogFloats", "path": ["monitoring", "4d72a671", "cpu"], "values": [{"value": 15.3, "step": null, "ts": 1712259963.477943}]}, "version": 1213, "at": 1712259963.47816}
{"obj": {"type": "LogFloats", "path": ["monitoring", "4d72a671", "memory"], "values": [{"value": 8.964920043945312, "step": null, "ts": 1712259963.477943}]}, "version": 1214, "at": 1712259963.478312}
{"obj": {"type": "LogFloats", "path": ["monitoring", "4d72a671", "cpu"], "values": [{"value": 17.5, "step": null, "ts": 1712259973.483197}]}, "version": 1215, "at": 1712259973.4835699}
{"obj": {"type": "LogFloats", "path": ["monitoring", "4d72a671", "memory"], "values": [{"value": 9.01968002319336, "step": null, "ts": 1712259973.483197}]}, "version": 1216, "at": 1712259973.4839349}
{"obj": {"type": "LogStrings", "path": ["monitoring", "4d72a671", "stdout"], "values": [{"value": "TP: ", "step": null, "ts": 1712259981.4102762}]}, "version": 1217, "at": 1712259981.410304}
{"obj": {"type": "LogStrings", "path": ["monitoring", "4d72a671", "stdout"], "values": [{"value": " ", "step": null, "ts": 1712259981.412287}]}, "version": 1218, "at": 1712259981.412311}
{"obj": {"type": "LogStrings", "path": ["monitoring", "4d72a671", "stdout"], "values": [{"value": "930", "step": null, "ts": 1712259981.412422}]}, "version": 1219, "at": 1712259981.412435}
{"obj": {"type": "LogStrings", "path": ["monitoring", "4d72a671", "stdout"], "values": [{"value": " ", "step": null, "ts": 1712259981.412491}]}, "version": 1220, "at": 1712259981.412501}
{"obj": {"type": "LogStrings", "path": ["monitoring", "4d72a671", "stdout"], "values": [{"value": "TN: ", "step": null, "ts": 1712259981.412807}]}, "version": 1221, "at": 1712259981.4128242}
{"obj": {"type": "LogStrings", "path": ["monitoring", "4d72a671", "stdout"], "values": [{"value": " ", "step": null, "ts": 1712259981.412883}]}, "version": 1222, "at": 1712259981.412894}
{"obj": {"type": "LogStrings", "path": ["monitoring", "4d72a671", "stdout"], "values": [{"value": "950", "step": null, "ts": 1712259981.413017}]}, "version": 1223, "at": 1712259981.413058}
{"obj": {"type": "LogStrings", "path": ["monitoring", "4d72a671", "stdout"], "values": [{"value": " ", "step": null, "ts": 1712259981.4131389}]}, "version": 1224, "at": 1712259981.4131489}
{"obj": {"type": "LogStrings", "path": ["monitoring", "4d72a671", "stdout"], "values": [{"value": "FP: ", "step": null, "ts": 1712259981.413265}]}, "version": 1225, "at": 1712259981.413274}
{"obj": {"type": "LogStrings", "path": ["monitoring", "4d72a671", "stdout"], "values": [{"value": " ", "step": null, "ts": 1712259981.413395}]}, "version": 1226, "at": 1712259981.413437}
{"obj": {"type": "LogStrings", "path": ["monitoring", "4d72a671", "stdout"], "values": [{"value": "137", "step": null, "ts": 1712259981.4135182}]}, "version": 1227, "at": 1712259981.413526}
{"obj": {"type": "LogStrings", "path": ["monitoring", "4d72a671", "stdout"], "values": [{"value": " ", "step": null, "ts": 1712259981.4136431}]}, "version": 1228, "at": 1712259981.413652}
{"obj": {"type": "LogStrings", "path": ["monitoring", "4d72a671", "stdout"], "values": [{"value": "FN: ", "step": null, "ts": 1712259981.413764}]}, "version": 1229, "at": 1712259981.413774}
{"obj": {"type": "LogStrings", "path": ["monitoring", "4d72a671", "stdout"], "values": [{"value": " ", "step": null, "ts": 1712259981.4138849}]}, "version": 1230, "at": 1712259981.413894}
{"obj": {"type": "LogStrings", "path": ["monitoring", "4d72a671", "stdout"], "values": [{"value": "201", "step": null, "ts": 1712259981.414017}]}, "version": 1231, "at": 1712259981.41406}
{"obj": {"type": "LogStrings", "path": ["monitoring", "4d72a671", "stdout"], "values": [{"value": "\n", "step": null, "ts": 1712259981.414138}]}, "version": 1232, "at": 1712259981.4141471}
{"obj": {"type": "LogStrings", "path": ["monitoring", "4d72a671", "stdout"], "values": [{"value": "sensitivity: ", "step": null, "ts": 1712259981.414261}]}, "version": 1233, "at": 1712259981.41427}
{"obj": {"type": "LogStrings", "path": ["monitoring", "4d72a671", "stdout"], "values": [{"value": " ", "step": null, "ts": 1712259981.4143841}]}, "version": 1234, "at": 1712259981.4143932}
{"obj": {"type": "LogStrings", "path": ["monitoring", "4d72a671", "stdout"], "values": [{"value": "0.8222811671087533", "step": null, "ts": 1712259981.414517}]}, "version": 1235, "at": 1712259981.414525}
{"obj": {"type": "LogStrings", "path": ["monitoring", "4d72a671", "stdout"], "values": [{"value": " ", "step": null, "ts": 1712259981.414639}]}, "version": 1236, "at": 1712259981.414648}
{"obj": {"type": "LogStrings", "path": ["monitoring", "4d72a671", "stdout"], "values": [{"value": "specificity: ", "step": null, "ts": 1712259981.4147599}]}, "version": 1237, "at": 1712259981.414769}
{"obj": {"type": "LogStrings", "path": ["monitoring", "4d72a671", "stdout"], "values": [{"value": " ", "step": null, "ts": 1712259981.414881}]}, "version": 1238, "at": 1712259981.41489}
{"obj": {"type": "LogStrings", "path": ["monitoring", "4d72a671", "stdout"], "values": [{"value": "0.8739650413983441", "step": null, "ts": 1712259981.415189}]}, "version": 1239, "at": 1712259981.415205}
{"obj": {"type": "LogStrings", "path": ["monitoring", "4d72a671", "stdout"], "values": [{"value": "\n", "step": null, "ts": 1712259981.415264}]}, "version": 1240, "at": 1712259981.415274}
{"obj": {"type": "LogFloats", "path": ["monitoring", "4d72a671", "cpu"], "values": [{"value": 20.8, "step": null, "ts": 1712259983.488965}]}, "version": 1241, "at": 1712259983.489148}
{"obj": {"type": "LogFloats", "path": ["monitoring", "4d72a671", "memory"], "values": [{"value": 9.05584716796875, "step": null, "ts": 1712259983.488965}]}, "version": 1242, "at": 1712259983.4893062}
{"obj": {"type": "LogStrings", "path": ["monitoring", "4d72a671", "stdout"], "values": [{"value": "X_train_fold: ", "step": null, "ts": 1712259988.264158}]}, "version": 1243, "at": 1712259988.264184}
{"obj": {"type": "LogStrings", "path": ["monitoring", "4d72a671", "stdout"], "values": [{"value": " ", "step": null, "ts": 1712259988.2643352}]}, "version": 1244, "at": 1712259988.26435}
{"obj": {"type": "LogStrings", "path": ["monitoring", "4d72a671", "stdout"], "values": [{"value": "(8868, 48)", "step": null, "ts": 1712259988.2644491}]}, "version": 1245, "at": 1712259988.264464}
{"obj": {"type": "LogStrings", "path": ["monitoring", "4d72a671", "stdout"], "values": [{"value": " ", "step": null, "ts": 1712259988.26453}]}, "version": 1246, "at": 1712259988.26454}
{"obj": {"type": "LogStrings", "path": ["monitoring", "4d72a671", "stdout"], "values": [{"value": "y_train_fold: ", "step": null, "ts": 1712259988.264592}]}, "version": 1247, "at": 1712259988.2646022}
{"obj": {"type": "LogStrings", "path": ["monitoring", "4d72a671", "stdout"], "values": [{"value": " ", "step": null, "ts": 1712259988.264887}]}, "version": 1248, "at": 1712259988.2649019}
{"obj": {"type": "LogStrings", "path": ["monitoring", "4d72a671", "stdout"], "values": [{"value": "(8868,)", "step": null, "ts": 1712259988.264962}]}, "version": 1249, "at": 1712259988.264972}
{"obj": {"type": "LogStrings", "path": ["monitoring", "4d72a671", "stdout"], "values": [{"value": "\n", "step": null, "ts": 1712259988.265024}]}, "version": 1250, "at": 1712259988.265033}
{"obj": {"type": "LogFloats", "path": ["monitoring", "4d72a671", "cpu"], "values": [{"value": 15.4, "step": null, "ts": 1712259993.494391}]}, "version": 1251, "at": 1712259993.494606}
{"obj": {"type": "LogFloats", "path": ["monitoring", "4d72a671", "memory"], "values": [{"value": 9.061767578125, "step": null, "ts": 1712259993.494391}]}, "version": 1252, "at": 1712259993.494802}
{"obj": {"type": "LogFloats", "path": ["monitoring", "4d72a671", "cpu"], "values": [{"value": 15.2, "step": null, "ts": 1712260003.498658}]}, "version": 1253, "at": 1712260003.49895}
{"obj": {"type": "LogFloats", "path": ["monitoring", "4d72a671", "memory"], "values": [{"value": 9.074466705322266, "step": null, "ts": 1712260003.498658}]}, "version": 1254, "at": 1712260003.499119}
{"obj": {"type": "LogStrings", "path": ["monitoring", "4d72a671", "stdout"], "values": [{"value": "TP: ", "step": null, "ts": 1712260008.598263}]}, "version": 1255, "at": 1712260008.598326}
{"obj": {"type": "LogStrings", "path": ["monitoring", "4d72a671", "stdout"], "values": [{"value": " ", "step": null, "ts": 1712260008.5996559}]}, "version": 1256, "at": 1712260008.5996768}
{"obj": {"type": "LogStrings", "path": ["monitoring", "4d72a671", "stdout"], "values": [{"value": "968", "step": null, "ts": 1712260008.5997598}]}, "version": 1257, "at": 1712260008.599773}
{"obj": {"type": "LogStrings", "path": ["monitoring", "4d72a671", "stdout"], "values": [{"value": " ", "step": null, "ts": 1712260008.599825}]}, "version": 1258, "at": 1712260008.5998342}
{"obj": {"type": "LogStrings", "path": ["monitoring", "4d72a671", "stdout"], "values": [{"value": "TN: ", "step": null, "ts": 1712260008.600115}]}, "version": 1259, "at": 1712260008.600132}
{"obj": {"type": "LogStrings", "path": ["monitoring", "4d72a671", "stdout"], "values": [{"value": " ", "step": null, "ts": 1712260008.6002119}]}, "version": 1260, "at": 1712260008.600224}
{"obj": {"type": "LogStrings", "path": ["monitoring", "4d72a671", "stdout"], "values": [{"value": "945", "step": null, "ts": 1712260008.600511}]}, "version": 1261, "at": 1712260008.60053}
{"obj": {"type": "LogStrings", "path": ["monitoring", "4d72a671", "stdout"], "values": [{"value": " ", "step": null, "ts": 1712260008.6006021}]}, "version": 1262, "at": 1712260008.600615}
{"obj": {"type": "LogStrings", "path": ["monitoring", "4d72a671", "stdout"], "values": [{"value": "FP: ", "step": null, "ts": 1712260008.600669}]}, "version": 1263, "at": 1712260008.6006799}
{"obj": {"type": "LogStrings", "path": ["monitoring", "4d72a671", "stdout"], "values": [{"value": " ", "step": null, "ts": 1712260008.600729}]}, "version": 1264, "at": 1712260008.600739}
{"obj": {"type": "LogStrings", "path": ["monitoring", "4d72a671", "stdout"], "values": [{"value": "135", "step": null, "ts": 1712260008.600787}]}, "version": 1265, "at": 1712260008.600796}
{"obj": {"type": "LogStrings", "path": ["monitoring", "4d72a671", "stdout"], "values": [{"value": " ", "step": null, "ts": 1712260008.600843}]}, "version": 1266, "at": 1712260008.600852}
{"obj": {"type": "LogStrings", "path": ["monitoring", "4d72a671", "stdout"], "values": [{"value": "FN: ", "step": null, "ts": 1712260008.6009002}]}, "version": 1267, "at": 1712260008.6009102}
{"obj": {"type": "LogStrings", "path": ["monitoring", "4d72a671", "stdout"], "values": [{"value": " ", "step": null, "ts": 1712260008.600956}]}, "version": 1268, "at": 1712260008.600966}
{"obj": {"type": "LogStrings", "path": ["monitoring", "4d72a671", "stdout"], "values": [{"value": "170", "step": null, "ts": 1712260008.601013}]}, "version": 1269, "at": 1712260008.601022}
{"obj": {"type": "LogStrings", "path": ["monitoring", "4d72a671", "stdout"], "values": [{"value": "\n", "step": null, "ts": 1712260008.601069}]}, "version": 1270, "at": 1712260008.601079}
{"obj": {"type": "LogStrings", "path": ["monitoring", "4d72a671", "stdout"], "values": [{"value": "sensitivity: ", "step": null, "ts": 1712260008.601126}]}, "version": 1271, "at": 1712260008.6011362}
{"obj": {"type": "LogStrings", "path": ["monitoring", "4d72a671", "stdout"], "values": [{"value": " ", "step": null, "ts": 1712260008.601182}]}, "version": 1272, "at": 1712260008.601192}
{"obj": {"type": "LogStrings", "path": ["monitoring", "4d72a671", "stdout"], "values": [{"value": "0.8506151142355008", "step": null, "ts": 1712260008.601238}]}, "version": 1273, "at": 1712260008.601247}
{"obj": {"type": "LogStrings", "path": ["monitoring", "4d72a671", "stdout"], "values": [{"value": " ", "step": null, "ts": 1712260008.601294}]}, "version": 1274, "at": 1712260008.601304}
{"obj": {"type": "LogStrings", "path": ["monitoring", "4d72a671", "stdout"], "values": [{"value": "specificity: ", "step": null, "ts": 1712260008.601349}]}, "version": 1275, "at": 1712260008.6013591}
{"obj": {"type": "LogStrings", "path": ["monitoring", "4d72a671", "stdout"], "values": [{"value": " ", "step": null, "ts": 1712260008.601405}]}, "version": 1276, "at": 1712260008.601415}
{"obj": {"type": "LogStrings", "path": ["monitoring", "4d72a671", "stdout"], "values": [{"value": "0.875", "step": null, "ts": 1712260008.601461}]}, "version": 1277, "at": 1712260008.60147}
{"obj": {"type": "LogStrings", "path": ["monitoring", "4d72a671", "stdout"], "values": [{"value": "\n", "step": null, "ts": 1712260008.601517}]}, "version": 1278, "at": 1712260008.601526}
{"obj": {"type": "LogFloats", "path": ["monitoring", "4d72a671", "cpu"], "values": [{"value": 26.2, "step": null, "ts": 1712260013.502662}]}, "version": 1279, "at": 1712260013.50287}
{"obj": {"type": "LogFloats", "path": ["monitoring", "4d72a671", "memory"], "values": [{"value": 9.720012664794922, "step": null, "ts": 1712260013.502662}]}, "version": 1280, "at": 1712260013.5030222}
{"obj": {"type": "LogStrings", "path": ["monitoring", "4d72a671", "stdout"], "values": [{"value": "X_train_fold: ", "step": null, "ts": 1712260015.7550552}]}, "version": 1281, "at": 1712260015.755082}
{"obj": {"type": "LogStrings", "path": ["monitoring", "4d72a671", "stdout"], "values": [{"value": " ", "step": null, "ts": 1712260015.755235}]}, "version": 1282, "at": 1712260015.755252}
{"obj": {"type": "LogStrings", "path": ["monitoring", "4d72a671", "stdout"], "values": [{"value": "(8868, 48)", "step": null, "ts": 1712260015.755449}]}, "version": 1283, "at": 1712260015.755466}
{"obj": {"type": "LogStrings", "path": ["monitoring", "4d72a671", "stdout"], "values": [{"value": " ", "step": null, "ts": 1712260015.7555342}]}, "version": 1284, "at": 1712260015.755546}
{"obj": {"type": "LogStrings", "path": ["monitoring", "4d72a671", "stdout"], "values": [{"value": "y_train_fold: ", "step": null, "ts": 1712260015.755602}]}, "version": 1285, "at": 1712260015.755612}
{"obj": {"type": "LogStrings", "path": ["monitoring", "4d72a671", "stdout"], "values": [{"value": " ", "step": null, "ts": 1712260015.7556999}]}, "version": 1286, "at": 1712260015.755714}
{"obj": {"type": "LogStrings", "path": ["monitoring", "4d72a671", "stdout"], "values": [{"value": "(8868,)", "step": null, "ts": 1712260015.75615}]}, "version": 1287, "at": 1712260015.756166}
{"obj": {"type": "LogStrings", "path": ["monitoring", "4d72a671", "stdout"], "values": [{"value": "\n", "step": null, "ts": 1712260015.756238}]}, "version": 1288, "at": 1712260015.7562501}
{"obj": {"type": "LogFloats", "path": ["monitoring", "4d72a671", "cpu"], "values": [{"value": 19.3, "step": null, "ts": 1712260023.506966}]}, "version": 1289, "at": 1712260023.507164}
{"obj": {"type": "LogFloats", "path": ["monitoring", "4d72a671", "memory"], "values": [{"value": 9.741397857666016, "step": null, "ts": 1712260023.506966}]}, "version": 1290, "at": 1712260023.507326}
{"obj": {"type": "LogFloats", "path": ["monitoring", "4d72a671", "cpu"], "values": [{"value": 17.0, "step": null, "ts": 1712260033.510976}]}, "version": 1291, "at": 1712260033.511198}
{"obj": {"type": "LogFloats", "path": ["monitoring", "4d72a671", "memory"], "values": [{"value": 9.901161193847656, "step": null, "ts": 1712260033.510976}]}, "version": 1292, "at": 1712260033.511373}
{"obj": {"type": "LogStrings", "path": ["monitoring", "4d72a671", "stdout"], "values": [{"value": "TP: ", "step": null, "ts": 1712260035.488949}]}, "version": 1293, "at": 1712260035.4889758}
{"obj": {"type": "LogStrings", "path": ["monitoring", "4d72a671", "stdout"], "values": [{"value": " ", "step": null, "ts": 1712260035.489121}]}, "version": 1294, "at": 1712260035.4891362}
{"obj": {"type": "LogStrings", "path": ["monitoring", "4d72a671", "stdout"], "values": [{"value": "903", "step": null, "ts": 1712260035.489325}]}, "version": 1295, "at": 1712260035.489341}
{"obj": {"type": "LogStrings", "path": ["monitoring", "4d72a671", "stdout"], "values": [{"value": " ", "step": null, "ts": 1712260035.489404}]}, "version": 1296, "at": 1712260035.489415}
{"obj": {"type": "LogStrings", "path": ["monitoring", "4d72a671", "stdout"], "values": [{"value": "TN: ", "step": null, "ts": 1712260035.489467}]}, "version": 1297, "at": 1712260035.4894772}
{"obj": {"type": "LogStrings", "path": ["monitoring", "4d72a671", "stdout"], "values": [{"value": " ", "step": null, "ts": 1712260035.4898949}]}, "version": 1298, "at": 1712260035.4899101}
{"obj": {"type": "LogStrings", "path": ["monitoring", "4d72a671", "stdout"], "values": [{"value": "987", "step": null, "ts": 1712260035.489971}]}, "version": 1299, "at": 1712260035.489981}
{"obj": {"type": "LogStrings", "path": ["monitoring", "4d72a671", "stdout"], "values": [{"value": " ", "step": null, "ts": 1712260035.490029}]}, "version": 1300, "at": 1712260035.490038}
{"obj": {"type": "LogStrings", "path": ["monitoring", "4d72a671", "stdout"], "values": [{"value": "FP: ", "step": null, "ts": 1712260035.4900842}]}, "version": 1301, "at": 1712260035.490093}
{"obj": {"type": "LogStrings", "path": ["monitoring", "4d72a671", "stdout"], "values": [{"value": " ", "step": null, "ts": 1712260035.4901361}]}, "version": 1302, "at": 1712260035.4901462}
{"obj": {"type": "LogStrings", "path": ["monitoring", "4d72a671", "stdout"], "values": [{"value": "138", "step": null, "ts": 1712260035.490189}]}, "version": 1303, "at": 1712260035.490198}
{"obj": {"type": "LogStrings", "path": ["monitoring", "4d72a671", "stdout"], "values": [{"value": " ", "step": null, "ts": 1712260035.49024}]}, "version": 1304, "at": 1712260035.490248}
{"obj": {"type": "LogStrings", "path": ["monitoring", "4d72a671", "stdout"], "values": [{"value": "FN: ", "step": null, "ts": 1712260035.49029}]}, "version": 1305, "at": 1712260035.490299}
{"obj": {"type": "LogStrings", "path": ["monitoring", "4d72a671", "stdout"], "values": [{"value": " ", "step": null, "ts": 1712260035.4903412}]}, "version": 1306, "at": 1712260035.490349}
{"obj": {"type": "LogStrings", "path": ["monitoring", "4d72a671", "stdout"], "values": [{"value": "190", "step": null, "ts": 1712260035.490389}]}, "version": 1307, "at": 1712260035.490397}
{"obj": {"type": "LogStrings", "path": ["monitoring", "4d72a671", "stdout"], "values": [{"value": "\n", "step": null, "ts": 1712260035.490439}]}, "version": 1308, "at": 1712260035.490447}
{"obj": {"type": "LogStrings", "path": ["monitoring", "4d72a671", "stdout"], "values": [{"value": "sensitivity: ", "step": null, "ts": 1712260035.490488}]}, "version": 1309, "at": 1712260035.490496}
{"obj": {"type": "LogStrings", "path": ["monitoring", "4d72a671", "stdout"], "values": [{"value": " ", "step": null, "ts": 1712260035.490538}]}, "version": 1310, "at": 1712260035.490546}
{"obj": {"type": "LogStrings", "path": ["monitoring", "4d72a671", "stdout"], "values": [{"value": "0.8261665141811528", "step": null, "ts": 1712260035.490588}]}, "version": 1311, "at": 1712260035.490596}
{"obj": {"type": "LogStrings", "path": ["monitoring", "4d72a671", "stdout"], "values": [{"value": " ", "step": null, "ts": 1712260035.490638}]}, "version": 1312, "at": 1712260035.490647}
{"obj": {"type": "LogStrings", "path": ["monitoring", "4d72a671", "stdout"], "values": [{"value": "specificity: ", "step": null, "ts": 1712260035.490688}]}, "version": 1313, "at": 1712260035.490696}
{"obj": {"type": "LogStrings", "path": ["monitoring", "4d72a671", "stdout"], "values": [{"value": " ", "step": null, "ts": 1712260035.490738}]}, "version": 1314, "at": 1712260035.490746}
{"obj": {"type": "LogStrings", "path": ["monitoring", "4d72a671", "stdout"], "values": [{"value": "0.8773333333333333", "step": null, "ts": 1712260035.490787}]}, "version": 1315, "at": 1712260035.490796}
{"obj": {"type": "LogStrings", "path": ["monitoring", "4d72a671", "stdout"], "values": [{"value": "\n", "step": null, "ts": 1712260035.490837}]}, "version": 1316, "at": 1712260035.490846}
{"obj": {"type": "LogStrings", "path": ["monitoring", "4d72a671", "stdout"], "values": [{"value": "X_train_fold: ", "step": null, "ts": 1712260042.1555562}]}, "version": 1317, "at": 1712260042.155581}
{"obj": {"type": "LogStrings", "path": ["monitoring", "4d72a671", "stdout"], "values": [{"value": " ", "step": null, "ts": 1712260042.1557271}]}, "version": 1318, "at": 1712260042.155742}
{"obj": {"type": "LogStrings", "path": ["monitoring", "4d72a671", "stdout"], "values": [{"value": "(8868, 48)", "step": null, "ts": 1712260042.155802}]}, "version": 1319, "at": 1712260042.155811}
{"obj": {"type": "LogStrings", "path": ["monitoring", "4d72a671", "stdout"], "values": [{"value": " ", "step": null, "ts": 1712260042.155939}]}, "version": 1320, "at": 1712260042.155982}
{"obj": {"type": "LogStrings", "path": ["monitoring", "4d72a671", "stdout"], "values": [{"value": "y_train_fold: ", "step": null, "ts": 1712260042.156064}]}, "version": 1321, "at": 1712260042.1560729}
{"obj": {"type": "LogStrings", "path": ["monitoring", "4d72a671", "stdout"], "values": [{"value": " ", "step": null, "ts": 1712260042.1561868}]}, "version": 1322, "at": 1712260042.1561952}
{"obj": {"type": "LogStrings", "path": ["monitoring", "4d72a671", "stdout"], "values": [{"value": "(8868,)", "step": null, "ts": 1712260042.1563132}]}, "version": 1323, "at": 1712260042.156322}
{"obj": {"type": "LogStrings", "path": ["monitoring", "4d72a671", "stdout"], "values": [{"value": "\n", "step": null, "ts": 1712260042.156439}]}, "version": 1324, "at": 1712260042.156481}
{"obj": {"type": "LogFloats", "path": ["monitoring", "4d72a671", "cpu"], "values": [{"value": 15.4, "step": null, "ts": 1712260043.5162828}]}, "version": 1325, "at": 1712260043.516474}
{"obj": {"type": "LogFloats", "path": ["monitoring", "4d72a671", "memory"], "values": [{"value": 9.765792846679688, "step": null, "ts": 1712260043.5162828}]}, "version": 1326, "at": 1712260043.5166678}
{"obj": {"type": "LogFloats", "path": ["monitoring", "4d72a671", "cpu"], "values": [{"value": 15.6, "step": null, "ts": 1712260053.518502}]}, "version": 1327, "at": 1712260053.518744}
{"obj": {"type": "LogFloats", "path": ["monitoring", "4d72a671", "memory"], "values": [{"value": 9.770034790039062, "step": null, "ts": 1712260053.518502}]}, "version": 1328, "at": 1712260053.518946}
{"obj": {"type": "LogStrings", "path": ["monitoring", "4d72a671", "stdout"], "values": [{"value": "TP: ", "step": null, "ts": 1712260062.0259058}]}, "version": 1329, "at": 1712260062.025933}
{"obj": {"type": "LogStrings", "path": ["monitoring", "4d72a671", "stdout"], "values": [{"value": " ", "step": null, "ts": 1712260062.0271192}]}, "version": 1330, "at": 1712260062.027145}
{"obj": {"type": "LogStrings", "path": ["monitoring", "4d72a671", "stdout"], "values": [{"value": "929", "step": null, "ts": 1712260062.027263}]}, "version": 1331, "at": 1712260062.0272791}
{"obj": {"type": "LogStrings", "path": ["monitoring", "4d72a671", "stdout"], "values": [{"value": " ", "step": null, "ts": 1712260062.027342}]}, "version": 1332, "at": 1712260062.027353}
{"obj": {"type": "LogStrings", "path": ["monitoring", "4d72a671", "stdout"], "values": [{"value": "TN: ", "step": null, "ts": 1712260062.0275981}]}, "version": 1333, "at": 1712260062.027616}
{"obj": {"type": "LogStrings", "path": ["monitoring", "4d72a671", "stdout"], "values": [{"value": " ", "step": null, "ts": 1712260062.02768}]}, "version": 1334, "at": 1712260062.0276911}
{"obj": {"type": "LogStrings", "path": ["monitoring", "4d72a671", "stdout"], "values": [{"value": "972", "step": null, "ts": 1712260062.0278242}]}, "version": 1335, "at": 1712260062.0278342}
{"obj": {"type": "LogStrings", "path": ["monitoring", "4d72a671", "stdout"], "values": [{"value": " ", "step": null, "ts": 1712260062.027906}]}, "version": 1336, "at": 1712260062.027926}
{"obj": {"type": "LogStrings", "path": ["monitoring", "4d72a671", "stdout"], "values": [{"value": "FP: ", "step": null, "ts": 1712260062.0282712}]}, "version": 1337, "at": 1712260062.028289}
{"obj": {"type": "LogStrings", "path": ["monitoring", "4d72a671", "stdout"], "values": [{"value": " ", "step": null, "ts": 1712260062.02836}]}, "version": 1338, "at": 1712260062.028372}
{"obj": {"type": "LogStrings", "path": ["monitoring", "4d72a671", "stdout"], "values": [{"value": "121", "step": null, "ts": 1712260062.028425}]}, "version": 1339, "at": 1712260062.028436}
{"obj": {"type": "LogStrings", "path": ["monitoring", "4d72a671", "stdout"], "values": [{"value": " ", "step": null, "ts": 1712260062.028485}]}, "version": 1340, "at": 1712260062.028495}
{"obj": {"type": "LogStrings", "path": ["monitoring", "4d72a671", "stdout"], "values": [{"value": "FN: ", "step": null, "ts": 1712260062.028544}]}, "version": 1341, "at": 1712260062.028553}
{"obj": {"type": "LogStrings", "path": ["monitoring", "4d72a671", "stdout"], "values": [{"value": " ", "step": null, "ts": 1712260062.0286012}]}, "version": 1342, "at": 1712260062.02861}
{"obj": {"type": "LogStrings", "path": ["monitoring", "4d72a671", "stdout"], "values": [{"value": "196", "step": null, "ts": 1712260062.0286562}]}, "version": 1343, "at": 1712260062.028666}
{"obj": {"type": "LogStrings", "path": ["monitoring", "4d72a671", "stdout"], "values": [{"value": "\n", "step": null, "ts": 1712260062.028712}]}, "version": 1344, "at": 1712260062.0287218}
{"obj": {"type": "LogStrings", "path": ["monitoring", "4d72a671", "stdout"], "values": [{"value": "sensitivity: ", "step": null, "ts": 1712260062.028769}]}, "version": 1345, "at": 1712260062.028778}
{"obj": {"type": "LogStrings", "path": ["monitoring", "4d72a671", "stdout"], "values": [{"value": " ", "step": null, "ts": 1712260062.028825}]}, "version": 1346, "at": 1712260062.028834}
{"obj": {"type": "LogStrings", "path": ["monitoring", "4d72a671", "stdout"], "values": [{"value": "0.8257777777777778", "step": null, "ts": 1712260062.0288808}]}, "version": 1347, "at": 1712260062.0288901}
{"obj": {"type": "LogStrings", "path": ["monitoring", "4d72a671", "stdout"], "values": [{"value": " ", "step": null, "ts": 1712260062.028938}]}, "version": 1348, "at": 1712260062.0289469}
{"obj": {"type": "LogStrings", "path": ["monitoring", "4d72a671", "stdout"], "values": [{"value": "specificity: ", "step": null, "ts": 1712260062.028995}]}, "version": 1349, "at": 1712260062.029005}
{"obj": {"type": "LogStrings", "path": ["monitoring", "4d72a671", "stdout"], "values": [{"value": " ", "step": null, "ts": 1712260062.029053}]}, "version": 1350, "at": 1712260062.029063}
{"obj": {"type": "LogStrings", "path": ["monitoring", "4d72a671", "stdout"], "values": [{"value": "0.889295516925892", "step": null, "ts": 1712260062.02911}]}, "version": 1351, "at": 1712260062.029119}
{"obj": {"type": "LogStrings", "path": ["monitoring", "4d72a671", "stdout"], "values": [{"value": "\n", "step": null, "ts": 1712260062.0291681}]}, "version": 1352, "at": 1712260062.0291781}
{"obj": {"type": "LogFloats", "path": ["monitoring", "4d72a671", "cpu"], "values": [{"value": 15.4, "step": null, "ts": 1712260063.520721}]}, "version": 1353, "at": 1712260063.5209332}
{"obj": {"type": "LogFloats", "path": ["monitoring", "4d72a671", "memory"], "values": [{"value": 9.755409240722656, "step": null, "ts": 1712260063.520721}]}, "version": 1354, "at": 1712260063.521086}
{"obj": {"type": "LogStrings", "path": ["monitoring", "4d72a671", "stdout"], "values": [{"value": "X_train_fold: ", "step": null, "ts": 1712260068.875167}]}, "version": 1355, "at": 1712260068.8751948}
{"obj": {"type": "LogStrings", "path": ["monitoring", "4d72a671", "stdout"], "values": [{"value": " ", "step": null, "ts": 1712260068.875338}]}, "version": 1356, "at": 1712260068.875354}
{"obj": {"type": "LogStrings", "path": ["monitoring", "4d72a671", "stdout"], "values": [{"value": "(8868, 48)", "step": null, "ts": 1712260068.875415}]}, "version": 1357, "at": 1712260068.875424}
{"obj": {"type": "LogStrings", "path": ["monitoring", "4d72a671", "stdout"], "values": [{"value": " ", "step": null, "ts": 1712260068.875475}]}, "version": 1358, "at": 1712260068.875484}
{"obj": {"type": "LogStrings", "path": ["monitoring", "4d72a671", "stdout"], "values": [{"value": "y_train_fold: ", "step": null, "ts": 1712260068.875757}]}, "version": 1359, "at": 1712260068.875814}
{"obj": {"type": "LogStrings", "path": ["monitoring", "4d72a671", "stdout"], "values": [{"value": " ", "step": null, "ts": 1712260068.875919}]}, "version": 1360, "at": 1712260068.875929}
{"obj": {"type": "LogStrings", "path": ["monitoring", "4d72a671", "stdout"], "values": [{"value": "(8868,)", "step": null, "ts": 1712260068.875982}]}, "version": 1361, "at": 1712260068.875991}
{"obj": {"type": "LogStrings", "path": ["monitoring", "4d72a671", "stdout"], "values": [{"value": "\n", "step": null, "ts": 1712260068.876526}]}, "version": 1362, "at": 1712260068.876541}
{"obj": {"type": "LogFloats", "path": ["monitoring", "4d72a671", "cpu"], "values": [{"value": 15.6, "step": null, "ts": 1712260073.52479}]}, "version": 1363, "at": 1712260073.5250099}
{"obj": {"type": "LogFloats", "path": ["monitoring", "4d72a671", "memory"], "values": [{"value": 9.755805969238281, "step": null, "ts": 1712260073.52479}]}, "version": 1364, "at": 1712260073.525185}
{"obj": {"type": "LogFloats", "path": ["monitoring", "4d72a671", "cpu"], "values": [{"value": 16.8, "step": null, "ts": 1712260083.5288682}]}, "version": 1365, "at": 1712260083.529078}
{"obj": {"type": "LogFloats", "path": ["monitoring", "4d72a671", "memory"], "values": [{"value": 9.782848358154297, "step": null, "ts": 1712260083.5288682}]}, "version": 1366, "at": 1712260083.5292318}
{"obj": {"type": "LogStrings", "path": ["monitoring", "4d72a671", "stdout"], "values": [{"value": "TP: ", "step": null, "ts": 1712260088.6828392}]}, "version": 1367, "at": 1712260088.682873}
{"obj": {"type": "LogStrings", "path": ["monitoring", "4d72a671", "stdout"], "values": [{"value": " ", "step": null, "ts": 1712260088.683073}]}, "version": 1368, "at": 1712260088.6830971}
{"obj": {"type": "LogStrings", "path": ["monitoring", "4d72a671", "stdout"], "values": [{"value": "915", "step": null, "ts": 1712260088.683242}]}, "version": 1369, "at": 1712260088.683254}
{"obj": {"type": "LogStrings", "path": ["monitoring", "4d72a671", "stdout"], "values": [{"value": " ", "step": null, "ts": 1712260088.683362}]}, "version": 1370, "at": 1712260088.683373}
{"obj": {"type": "LogStrings", "path": ["monitoring", "4d72a671", "stdout"], "values": [{"value": "TN: ", "step": null, "ts": 1712260088.6834261}]}, "version": 1371, "at": 1712260088.683436}
{"obj": {"type": "LogStrings", "path": ["monitoring", "4d72a671", "stdout"], "values": [{"value": " ", "step": null, "ts": 1712260088.6835158}]}, "version": 1372, "at": 1712260088.68355}
{"obj": {"type": "LogStrings", "path": ["monitoring", "4d72a671", "stdout"], "values": [{"value": "989", "step": null, "ts": 1712260088.683724}]}, "version": 1373, "at": 1712260088.683738}
{"obj": {"type": "LogStrings", "path": ["monitoring", "4d72a671", "stdout"], "values": [{"value": " ", "step": null, "ts": 1712260088.6838028}]}, "version": 1374, "at": 1712260088.6838138}
{"obj": {"type": "LogStrings", "path": ["monitoring", "4d72a671", "stdout"], "values": [{"value": "FP: ", "step": null, "ts": 1712260088.683864}]}, "version": 1375, "at": 1712260088.683873}
{"obj": {"type": "LogStrings", "path": ["monitoring", "4d72a671", "stdout"], "values": [{"value": " ", "step": null, "ts": 1712260088.6839838}]}, "version": 1376, "at": 1712260088.683994}
{"obj": {"type": "LogStrings", "path": ["monitoring", "4d72a671", "stdout"], "values": [{"value": "129", "step": null, "ts": 1712260088.6841128}]}, "version": 1377, "at": 1712260088.684139}
{"obj": {"type": "LogStrings", "path": ["monitoring", "4d72a671", "stdout"], "values": [{"value": " ", "step": null, "ts": 1712260088.684258}]}, "version": 1378, "at": 1712260088.6842701}
{"obj": {"type": "LogStrings", "path": ["monitoring", "4d72a671", "stdout"], "values": [{"value": "FN: ", "step": null, "ts": 1712260088.684329}]}, "version": 1379, "at": 1712260088.68434}
{"obj": {"type": "LogStrings", "path": ["monitoring", "4d72a671", "stdout"], "values": [{"value": " ", "step": null, "ts": 1712260088.684392}]}, "version": 1380, "at": 1712260088.6844008}
{"obj": {"type": "LogStrings", "path": ["monitoring", "4d72a671", "stdout"], "values": [{"value": "185", "step": null, "ts": 1712260088.684675}]}, "version": 1381, "at": 1712260088.684692}
{"obj": {"type": "LogStrings", "path": ["monitoring", "4d72a671", "stdout"], "values": [{"value": "\n", "step": null, "ts": 1712260088.684757}]}, "version": 1382, "at": 1712260088.684769}
{"obj": {"type": "LogStrings", "path": ["monitoring", "4d72a671", "stdout"], "values": [{"value": "sensitivity: ", "step": null, "ts": 1712260088.684821}]}, "version": 1383, "at": 1712260088.684832}
{"obj": {"type": "LogStrings", "path": ["monitoring", "4d72a671", "stdout"], "values": [{"value": " ", "step": null, "ts": 1712260088.6848798}]}, "version": 1384, "at": 1712260088.68489}
{"obj": {"type": "LogStrings", "path": ["monitoring", "4d72a671", "stdout"], "values": [{"value": "0.8318181818181818", "step": null, "ts": 1712260088.6849651}]}, "version": 1385, "at": 1712260088.6849742}
{"obj": {"type": "LogStrings", "path": ["monitoring", "4d72a671", "stdout"], "values": [{"value": " ", "step": null, "ts": 1712260088.685036}]}, "version": 1386, "at": 1712260088.685046}
{"obj": {"type": "LogStrings", "path": ["monitoring", "4d72a671", "stdout"], "values": [{"value": "specificity: ", "step": null, "ts": 1712260088.685091}]}, "version": 1387, "at": 1712260088.6851}
{"obj": {"type": "LogStrings", "path": ["monitoring", "4d72a671", "stdout"], "values": [{"value": " ", "step": null, "ts": 1712260088.685146}]}, "version": 1388, "at": 1712260088.685156}
{"obj": {"type": "LogStrings", "path": ["monitoring", "4d72a671", "stdout"], "values": [{"value": "0.8846153846153846", "step": null, "ts": 1712260088.685202}]}, "version": 1389, "at": 1712260088.685211}
{"obj": {"type": "LogStrings", "path": ["monitoring", "4d72a671", "stdout"], "values": [{"value": "\n", "step": null, "ts": 1712260088.685257}]}, "version": 1390, "at": 1712260088.685266}
{"obj": {"type": "LogFloats", "path": ["monitoring", "4d72a671", "cpu"], "values": [{"value": 15.6, "step": null, "ts": 1712260093.533092}]}, "version": 1391, "at": 1712260093.533304}
{"obj": {"type": "LogFloats", "path": ["monitoring", "4d72a671", "memory"], "values": [{"value": 9.760467529296875, "step": null, "ts": 1712260093.533092}]}, "version": 1392, "at": 1712260093.533453}
{"obj": {"type": "LogFloats", "path": ["monitoring", "4d72a671", "cpu"], "values": [{"value": 17.1, "step": null, "ts": 1712260103.538572}]}, "version": 1393, "at": 1712260103.538804}
{"obj": {"type": "LogFloats", "path": ["monitoring", "4d72a671", "memory"], "values": [{"value": 9.835411071777344, "step": null, "ts": 1712260103.538572}]}, "version": 1394, "at": 1712260103.5390651}
{"obj": {"type": "AssignString", "path": ["cls_summary", "all_params", "memory"], "value": "None"}, "version": 1395, "at": 1712260111.902981}
{"obj": {"type": "AssignString", "path": ["cls_summary", "all_params", "steps"], "value": "[('svm', SVC(C=40, decision_function_shape='ovo', probability=True))]"}, "version": 1396, "at": 1712260111.907269}
{"obj": {"type": "AssignBool", "path": ["cls_summary", "all_params", "verbose"], "value": false}, "version": 1397, "at": 1712260111.907446}
{"obj": {"type": "AssignString", "path": ["cls_summary", "all_params", "svm"], "value": "SVC(C=40, decision_function_shape='ovo', probability=True)"}, "version": 1398, "at": 1712260111.9077399}
{"obj": {"type": "AssignInt", "path": ["cls_summary", "all_params", "svm__C"], "value": 40}, "version": 1399, "at": 1712260111.9078898}
{"obj": {"type": "AssignBool", "path": ["cls_summary", "all_params", "svm__break_ties"], "value": false}, "version": 1400, "at": 1712260111.907962}
{"obj": {"type": "AssignInt", "path": ["cls_summary", "all_params", "svm__cache_size"], "value": 200}, "version": 1401, "at": 1712260111.908027}
{"obj": {"type": "AssignString", "path": ["cls_summary", "all_params", "svm__class_weight"], "value": "None"}, "version": 1402, "at": 1712260111.908097}
{"obj": {"type": "AssignFloat", "path": ["cls_summary", "all_params", "svm__coef0"], "value": 0.0}, "version": 1403, "at": 1712260111.9081862}
{"obj": {"type": "AssignString", "path": ["cls_summary", "all_params", "svm__decision_function_shape"], "value": "ovo"}, "version": 1404, "at": 1712260111.908263}
{"obj": {"type": "AssignInt", "path": ["cls_summary", "all_params", "svm__degree"], "value": 3}, "version": 1405, "at": 1712260111.908322}
{"obj": {"type": "AssignString", "path": ["cls_summary", "all_params", "svm__gamma"], "value": "scale"}, "version": 1406, "at": 1712260111.908383}
{"obj": {"type": "AssignString", "path": ["cls_summary", "all_params", "svm__kernel"], "value": "rbf"}, "version": 1407, "at": 1712260111.908441}
{"obj": {"type": "AssignInt", "path": ["cls_summary", "all_params", "svm__max_iter"], "value": -1}, "version": 1408, "at": 1712260111.908496}
{"obj": {"type": "AssignBool", "path": ["cls_summary", "all_params", "svm__probability"], "value": true}, "version": 1409, "at": 1712260111.908554}
{"obj": {"type": "AssignString", "path": ["cls_summary", "all_params", "svm__random_state"], "value": "None"}, "version": 1410, "at": 1712260111.908624}
{"obj": {"type": "AssignBool", "path": ["cls_summary", "all_params", "svm__shrinking"], "value": true}, "version": 1411, "at": 1712260111.908683}
{"obj": {"type": "AssignFloat", "path": ["cls_summary", "all_params", "svm__tol"], "value": 0.001}, "version": 1412, "at": 1712260111.908742}
{"obj": {"type": "AssignBool", "path": ["cls_summary", "all_params", "svm__verbose"], "value": false}, "version": 1413, "at": 1712260111.908799}
{"obj": {"type": "UploadFile", "path": ["cls_summary", "pickled_model"], "ext": "pkl", "file_path": null, "tmp_file_name": "cls_summary_pickled_model-1712260111.908933-2024-04-04_15.48.31.908933.pkl", "clean_after_upload": false}, "version": 1414, "at": 1712260111.910669}
{"obj": {"type": "UploadFile", "path": ["cls_summary", "test", "preds"], "ext": "html", "file_path": null, "tmp_file_name": "cls_summary_test_preds-1712260111.910834-2024-04-04_15.48.31.910834.html", "clean_after_upload": false}, "version": 1415, "at": 1712260111.911103}
{"obj": {"type": "UploadFile", "path": ["cls_summary", "test", "preds_proba"], "ext": "html", "file_path": null, "tmp_file_name": "cls_summary_test_preds_proba-1712260111.911189-2024-04-04_15.48.31.911189.html", "clean_after_upload": false}, "version": 1416, "at": 1712260111.911411}
{"obj": {"type": "AssignFloat", "path": ["cls_summary", "test", "scores", "class_0", "precision"], "value": 0.7635087719298246}, "version": 1417, "at": 1712260111.911582}
{"obj": {"type": "AssignFloat", "path": ["cls_summary", "test", "scores", "class_0", "recall"], "value": 0.9810640216411182}, "version": 1418, "at": 1712260111.911653}
{"obj": {"type": "AssignFloat", "path": ["cls_summary", "test", "scores", "class_0", "fbeta_score"], "value": 0.8587213891081296}, "version": 1419, "at": 1712260111.911715}
{"obj": {"type": "AssignFloat", "path": ["cls_summary", "test", "scores", "class_0", "support"], "value": 1109.0}, "version": 1420, "at": 1712260111.9117901}
{"obj": {"type": "AssignFloat", "path": ["cls_summary", "test", "scores", "class_1", "precision"], "value": 0.9735182849936949}, "version": 1421, "at": 1712260111.91188}
{"obj": {"type": "AssignFloat", "path": ["cls_summary", "test", "scores", "class_1", "recall"], "value": 0.6961226330027052}, "version": 1422, "at": 1712260111.911958}
{"obj": {"type": "AssignFloat", "path": ["cls_summary", "test", "scores", "class_1", "fbeta_score"], "value": 0.811777076761304}, "version": 1423, "at": 1712260111.912025}
{"obj": {"type": "AssignFloat", "path": ["cls_summary", "test", "scores", "class_1", "support"], "value": 1109.0}, "version": 1424, "at": 1712260111.9120839}
{"obj": {"type": "AssignString", "path": ["cls_summary", "integration", "about", "neptune-sklearn"], "value": "2.1.2"}, "version": 1425, "at": 1712260111.912184}
{"obj": {"type": "UploadFile", "path": ["cls_summary", "diagnostics_charts", "classification_report"], "ext": "png", "file_path": null, "tmp_file_name": "cls_summary_diagnostics_charts_classification_report-1712260111.912247-2024-04-04_15.48.31.912247.png", "clean_after_upload": false}, "version": 1426, "at": 1712260111.912452}
{"obj": {"type": "UploadFile", "path": ["cls_summary", "diagnostics_charts", "confusion_matrix"], "ext": "png", "file_path": null, "tmp_file_name": "cls_summary_diagnostics_charts_confusion_matrix-1712260111.912547-2024-04-04_15.48.31.912547.png", "clean_after_upload": false}, "version": 1427, "at": 1712260111.912778}
{"obj": {"type": "UploadFile", "path": ["cls_summary", "diagnostics_charts", "ROC_AUC"], "ext": "png", "file_path": null, "tmp_file_name": "cls_summary_diagnostics_charts_ROC_AUC-1712260111.912859-2024-04-04_15.48.31.912859.png", "clean_after_upload": false}, "version": 1428, "at": 1712260111.913756}
{"obj": {"type": "UploadFile", "path": ["cls_summary", "diagnostics_charts", "precision_recall"], "ext": "png", "file_path": null, "tmp_file_name": "cls_summary_diagnostics_charts_precision_recall-1712260111.913886-2024-04-04_15.48.31.913886.png", "clean_after_upload": false}, "version": 1429, "at": 1712260111.9141371}
{"obj": {"type": "UploadFile", "path": ["cls_summary", "diagnostics_charts", "class_prediction_error"], "ext": "png", "file_path": null, "tmp_file_name": "cls_summary_diagnostics_charts_class_prediction_error-1712260111.914244-2024-04-04_15.48.31.914244.png", "clean_after_upload": false}, "version": 1430, "at": 1712260111.914464}
{"obj": {"type": "AssignInt", "path": ["params", "svm__C"], "value": 40}, "version": 1431, "at": 1712260111.914677}
{"obj": {"type": "AssignString", "path": ["params", "svm__gamma"], "value": "scale"}, "version": 1432, "at": 1712260111.914763}
{"obj": {"type": "AssignString", "path": ["params", "svm__kernel"], "value": "rbf"}, "version": 1433, "at": 1712260111.91483}
{"obj": {"type": "LogFloats", "path": ["monitoring", "4d72a671", "cpu"], "values": [{"value": 17.9, "step": null, "ts": 1712260113.55197}]}, "version": 1434, "at": 1712260113.552212}
{"obj": {"type": "LogFloats", "path": ["monitoring", "4d72a671", "memory"], "values": [{"value": 9.854129791259766, "step": null, "ts": 1712260113.55197}]}, "version": 1435, "at": 1712260113.569726}
{"obj": {"type": "UploadFile", "path": ["data", "test_data"], "ext": "html", "file_path": null, "tmp_file_name": "data_test_data-1712260114.260353-2024-04-04_15.48.34.260353.html", "clean_after_upload": false}, "version": 1436, "at": 1712260114.26411}
{"obj": {"type": "LogFloats", "path": ["monitoring", "4d72a671", "cpu"], "values": [{"value": 20.5, "step": null, "ts": 1712260123.466756}]}, "version": 1437, "at": 1712260123.467049}
{"obj": {"type": "LogFloats", "path": ["monitoring", "4d72a671", "memory"], "values": [{"value": 9.957202911376953, "step": null, "ts": 1712260123.466756}]}, "version": 1438, "at": 1712260123.467226}
{"obj": {"type": "LogFloats", "path": ["monitoring", "4d72a671", "cpu"], "values": [{"value": 24.6, "step": null, "ts": 1712260133.472429}]}, "version": 1439, "at": 1712260133.47264}
{"obj": {"type": "LogFloats", "path": ["monitoring", "4d72a671", "memory"], "values": [{"value": 9.971023559570312, "step": null, "ts": 1712260133.472429}]}, "version": 1440, "at": 1712260133.4728162}
{"obj": {"type": "LogFloats", "path": ["monitoring", "4d72a671", "cpu"], "values": [{"value": 16.4, "step": null, "ts": 1712260143.47327}]}, "version": 1441, "at": 1712260143.473546}
{"obj": {"type": "LogFloats", "path": ["monitoring", "4d72a671", "memory"], "values": [{"value": 9.84976577758789, "step": null, "ts": 1712260143.47327}]}, "version": 1442, "at": 1712260143.473969}
{"obj": {"type": "LogFloats", "path": ["monitoring", "4d72a671", "cpu"], "values": [{"value": 16.1, "step": null, "ts": 1712260153.479341}]}, "version": 1443, "at": 1712260153.479543}
{"obj": {"type": "LogFloats", "path": ["monitoring", "4d72a671", "memory"], "values": [{"value": 9.625816345214844, "step": null, "ts": 1712260153.479341}]}, "version": 1444, "at": 1712260153.479721}
{"obj": {"type": "LogFloats", "path": ["monitoring", "4d72a671", "cpu"], "values": [{"value": 14.7, "step": null, "ts": 1712260163.485158}]}, "version": 1445, "at": 1712260163.485333}
{"obj": {"type": "LogFloats", "path": ["monitoring", "4d72a671", "memory"], "values": [{"value": 9.549419403076172, "step": null, "ts": 1712260163.485158}]}, "version": 1446, "at": 1712260163.4854898}
{"obj": {"type": "LogFloats", "path": ["monitoring", "4d72a671", "cpu"], "values": [{"value": 17.0, "step": null, "ts": 1712260173.487241}]}, "version": 1447, "at": 1712260173.487486}
{"obj": {"type": "LogFloats", "path": ["monitoring", "4d72a671", "memory"], "values": [{"value": 9.59271240234375, "step": null, "ts": 1712260173.487241}]}, "version": 1448, "at": 1712260173.4877381}
{"obj": {"type": "LogFloats", "path": ["monitoring", "4d72a671", "cpu"], "values": [{"value": 27.2, "step": null, "ts": 1712260183.488346}]}, "version": 1449, "at": 1712260183.488537}
{"obj": {"type": "LogFloats", "path": ["monitoring", "4d72a671", "memory"], "values": [{"value": 9.779327392578125, "step": null, "ts": 1712260183.488346}]}, "version": 1450, "at": 1712260183.4887109}
{"obj": {"type": "LogFloats", "path": ["monitoring", "4d72a671", "cpu"], "values": [{"value": 29.0, "step": null, "ts": 1712260193.493557}]}, "version": 1451, "at": 1712260193.4938219}
{"obj": {"type": "LogFloats", "path": ["monitoring", "4d72a671", "memory"], "values": [{"value": 10.24160385131836, "step": null, "ts": 1712260193.493557}]}, "version": 1452, "at": 1712260193.4939961}
{"obj": {"type": "LogFloats", "path": ["monitoring", "4d72a671", "cpu"], "values": [{"value": 33.9, "step": null, "ts": 1712260203.495117}]}, "version": 1453, "at": 1712260203.4954119}
{"obj": {"type": "LogFloats", "path": ["monitoring", "4d72a671", "memory"], "values": [{"value": 8.790618896484375, "step": null, "ts": 1712260203.495117}]}, "version": 1454, "at": 1712260203.495682}
{"obj": {"type": "LogFloats", "path": ["monitoring", "4d72a671", "cpu"], "values": [{"value": 25.3, "step": null, "ts": 1712260213.4992561}]}, "version": 1455, "at": 1712260213.499435}
{"obj": {"type": "LogFloats", "path": ["monitoring", "4d72a671", "memory"], "values": [{"value": 8.794330596923828, "step": null, "ts": 1712260213.4992561}]}, "version": 1456, "at": 1712260213.499608}
{"obj": {"type": "LogFloats", "path": ["monitoring", "4d72a671", "cpu"], "values": [{"value": 21.9, "step": null, "ts": 1712260223.5017111}]}, "version": 1457, "at": 1712260223.50192}
{"obj": {"type": "LogFloats", "path": ["monitoring", "4d72a671", "memory"], "values": [{"value": 8.380287170410156, "step": null, "ts": 1712260223.5017111}]}, "version": 1458, "at": 1712260223.502221}
{"obj": {"type": "LogFloats", "path": ["monitoring", "4d72a671", "cpu"], "values": [{"value": 29.8, "step": null, "ts": 1712260233.506515}]}, "version": 1459, "at": 1712260233.506837}
{"obj": {"type": "LogFloats", "path": ["monitoring", "4d72a671", "memory"], "values": [{"value": 7.363368988037109, "step": null, "ts": 1712260233.506515}]}, "version": 1460, "at": 1712260233.5075488}
{"obj": {"type": "LogFloats", "path": ["monitoring", "4d72a671", "cpu"], "values": [{"value": 28.8, "step": null, "ts": 1712260243.512044}]}, "version": 1461, "at": 1712260243.512259}
{"obj": {"type": "LogFloats", "path": ["monitoring", "4d72a671", "memory"], "values": [{"value": 7.5809173583984375, "step": null, "ts": 1712260243.512044}]}, "version": 1462, "at": 1712260243.531303}
{"obj": {"type": "LogFloats", "path": ["monitoring", "4d72a671", "cpu"], "values": [{"value": 17.4, "step": null, "ts": 1712260253.535033}]}, "version": 1463, "at": 1712260253.535362}
{"obj": {"type": "LogFloats", "path": ["monitoring", "4d72a671", "memory"], "values": [{"value": 7.566959381103516, "step": null, "ts": 1712260253.535033}]}, "version": 1464, "at": 1712260253.535639}
{"obj": {"type": "LogFloats", "path": ["monitoring", "4d72a671", "cpu"], "values": [{"value": 21.7, "step": null, "ts": 1712260263.536128}]}, "version": 1465, "at": 1712260263.536313}
{"obj": {"type": "LogFloats", "path": ["monitoring", "4d72a671", "memory"], "values": [{"value": 7.624790191650391, "step": null, "ts": 1712260263.536128}]}, "version": 1466, "at": 1712260263.53668}
{"obj": {"type": "LogFloats", "path": ["monitoring", "4d72a671", "cpu"], "values": [{"value": 29.9, "step": null, "ts": 1712260273.5409741}]}, "version": 1467, "at": 1712260273.541162}
{"obj": {"type": "LogFloats", "path": ["monitoring", "4d72a671", "memory"], "values": [{"value": 7.764488220214844, "step": null, "ts": 1712260273.5409741}]}, "version": 1468, "at": 1712260273.541395}
{"obj": {"type": "LogFloats", "path": ["monitoring", "4d72a671", "cpu"], "values": [{"value": 40.2, "step": null, "ts": 1712260283.545536}]}, "version": 1469, "at": 1712260283.545745}
{"obj": {"type": "LogFloats", "path": ["monitoring", "4d72a671", "memory"], "values": [{"value": 7.750068664550781, "step": null, "ts": 1712260283.545536}]}, "version": 1470, "at": 1712260283.545913}
{"obj": {"type": "LogFloats", "path": ["monitoring", "4d72a671", "cpu"], "values": [{"value": 30.3, "step": null, "ts": 1712260293.555457}]}, "version": 1471, "at": 1712260293.555718}
{"obj": {"type": "LogFloats", "path": ["monitoring", "4d72a671", "memory"], "values": [{"value": 7.7295684814453125, "step": null, "ts": 1712260293.555457}]}, "version": 1472, "at": 1712260293.555983}
{"obj": {"type": "LogFloats", "path": ["monitoring", "4d72a671", "cpu"], "values": [{"value": 31.3, "step": null, "ts": 1712260303.560769}]}, "version": 1473, "at": 1712260303.56096}
{"obj": {"type": "LogFloats", "path": ["monitoring", "4d72a671", "memory"], "values": [{"value": 8.224502563476562, "step": null, "ts": 1712260303.560769}]}, "version": 1474, "at": 1712260303.561132}
{"obj": {"type": "LogFloats", "path": ["monitoring", "4d72a671", "cpu"], "values": [{"value": 31.3, "step": null, "ts": 1712260313.5631318}]}, "version": 1475, "at": 1712260313.5633469}
{"obj": {"type": "LogFloats", "path": ["monitoring", "4d72a671", "memory"], "values": [{"value": 8.301673889160156, "step": null, "ts": 1712260313.5631318}]}, "version": 1476, "at": 1712260313.5636108}
{"obj": {"type": "LogFloats", "path": ["monitoring", "4d72a671", "cpu"], "values": [{"value": 33.5, "step": null, "ts": 1712260323.564245}]}, "version": 1477, "at": 1712260323.5645561}
{"obj": {"type": "LogFloats", "path": ["monitoring", "4d72a671", "memory"], "values": [{"value": 8.325096130371094, "step": null, "ts": 1712260323.564245}]}, "version": 1478, "at": 1712260323.564973}
{"obj": {"type": "LogFloats", "path": ["monitoring", "4d72a671", "cpu"], "values": [{"value": 21.7, "step": null, "ts": 1712260333.565782}]}, "version": 1479, "at": 1712260333.565975}
{"obj": {"type": "LogFloats", "path": ["monitoring", "4d72a671", "memory"], "values": [{"value": 7.9606170654296875, "step": null, "ts": 1712260333.565782}]}, "version": 1480, "at": 1712260333.5661418}
{"obj": {"type": "LogFloats", "path": ["monitoring", "4d72a671", "cpu"], "values": [{"value": 15.0, "step": null, "ts": 1712260343.571542}]}, "version": 1481, "at": 1712260343.571723}
{"obj": {"type": "LogFloats", "path": ["monitoring", "4d72a671", "memory"], "values": [{"value": 7.945430755615234, "step": null, "ts": 1712260343.571542}]}, "version": 1482, "at": 1712260343.571882}
{"obj": {"type": "LogFloats", "path": ["monitoring", "4d72a671", "cpu"], "values": [{"value": 16.2, "step": null, "ts": 1712260353.572574}]}, "version": 1483, "at": 1712260353.572779}
{"obj": {"type": "LogFloats", "path": ["monitoring", "4d72a671", "memory"], "values": [{"value": 7.937076568603516, "step": null, "ts": 1712260353.572574}]}, "version": 1484, "at": 1712260353.572948}
{"obj": {"type": "LogFloats", "path": ["monitoring", "4d72a671", "cpu"], "values": [{"value": 14.8, "step": null, "ts": 1712260363.5760572}]}, "version": 1485, "at": 1712260363.57624}
{"obj": {"type": "LogFloats", "path": ["monitoring", "4d72a671", "memory"], "values": [{"value": 7.9301910400390625, "step": null, "ts": 1712260363.5760572}]}, "version": 1486, "at": 1712260363.576406}
{"obj": {"type": "LogFloats", "path": ["monitoring", "4d72a671", "cpu"], "values": [{"value": 14.6, "step": null, "ts": 1712260373.5817752}]}, "version": 1487, "at": 1712260373.581986}
{"obj": {"type": "LogFloats", "path": ["monitoring", "4d72a671", "memory"], "values": [{"value": 7.934959411621094, "step": null, "ts": 1712260373.5817752}]}, "version": 1488, "at": 1712260373.582145}
{"obj": {"type": "LogFloats", "path": ["monitoring", "4d72a671", "cpu"], "values": [{"value": 15.3, "step": null, "ts": 1712260383.5839841}]}, "version": 1489, "at": 1712260383.5842009}
{"obj": {"type": "LogFloats", "path": ["monitoring", "4d72a671", "memory"], "values": [{"value": 7.750129699707031, "step": null, "ts": 1712260383.5839841}]}, "version": 1490, "at": 1712260383.584362}
{"obj": {"type": "LogFloats", "path": ["monitoring", "4d72a671", "cpu"], "values": [{"value": 15.0, "step": null, "ts": 1712260393.589729}]}, "version": 1491, "at": 1712260393.589936}
{"obj": {"type": "LogFloats", "path": ["monitoring", "4d72a671", "memory"], "values": [{"value": 7.7907562255859375, "step": null, "ts": 1712260393.589729}]}, "version": 1492, "at": 1712260393.590097}
{"obj": {"type": "LogFloats", "path": ["monitoring", "4d72a671", "cpu"], "values": [{"value": 16.4, "step": null, "ts": 1712260403.592829}]}, "version": 1493, "at": 1712260403.5930371}
{"obj": {"type": "LogFloats", "path": ["monitoring", "4d72a671", "memory"], "values": [{"value": 7.7643585205078125, "step": null, "ts": 1712260403.592829}]}, "version": 1494, "at": 1712260403.593194}
{"obj": {"type": "LogFloats", "path": ["monitoring", "4d72a671", "cpu"], "values": [{"value": 16.2, "step": null, "ts": 1712260413.598517}]}, "version": 1495, "at": 1712260413.598712}
{"obj": {"type": "LogFloats", "path": ["monitoring", "4d72a671", "memory"], "values": [{"value": 7.772556304931641, "step": null, "ts": 1712260413.598517}]}, "version": 1496, "at": 1712260413.598888}
{"obj": {"type": "LogFloats", "path": ["monitoring", "4d72a671", "cpu"], "values": [{"value": 15.5, "step": null, "ts": 1712260423.604338}]}, "version": 1497, "at": 1712260423.6045141}
{"obj": {"type": "LogFloats", "path": ["monitoring", "4d72a671", "memory"], "values": [{"value": 7.779354095458984, "step": null, "ts": 1712260423.604338}]}, "version": 1498, "at": 1712260423.604674}
{"obj": {"type": "LogFloats", "path": ["monitoring", "4d72a671", "cpu"], "values": [{"value": 14.9, "step": null, "ts": 1712260433.606175}]}, "version": 1499, "at": 1712260433.606349}
{"obj": {"type": "LogFloats", "path": ["monitoring", "4d72a671", "memory"], "values": [{"value": 7.796588897705078, "step": null, "ts": 1712260433.606175}]}, "version": 1500, "at": 1712260433.6065059}
{"obj": {"type": "LogFloats", "path": ["monitoring", "4d72a671", "cpu"], "values": [{"value": 15.6, "step": null, "ts": 1712260443.611754}]}, "version": 1501, "at": 1712260443.611972}
{"obj": {"type": "LogFloats", "path": ["monitoring", "4d72a671", "memory"], "values": [{"value": 7.906455993652344, "step": null, "ts": 1712260443.611754}]}, "version": 1502, "at": 1712260443.6121469}
{"obj": {"type": "LogFloats", "path": ["monitoring", "4d72a671", "cpu"], "values": [{"value": 15.2, "step": null, "ts": 1712260453.6158268}]}, "version": 1503, "at": 1712260453.616008}
{"obj": {"type": "LogFloats", "path": ["monitoring", "4d72a671", "memory"], "values": [{"value": 7.869983673095703, "step": null, "ts": 1712260453.6158268}]}, "version": 1504, "at": 1712260453.616161}
{"obj": {"type": "LogFloats", "path": ["monitoring", "4d72a671", "cpu"], "values": [{"value": 15.7, "step": null, "ts": 1712260463.620333}]}, "version": 1505, "at": 1712260463.620569}
{"obj": {"type": "LogFloats", "path": ["monitoring", "4d72a671", "memory"], "values": [{"value": 7.889156341552734, "step": null, "ts": 1712260463.620333}]}, "version": 1506, "at": 1712260463.6207309}
{"obj": {"type": "LogFloats", "path": ["monitoring", "4d72a671", "cpu"], "values": [{"value": 15.1, "step": null, "ts": 1712260473.623101}]}, "version": 1507, "at": 1712260473.62332}
{"obj": {"type": "LogFloats", "path": ["monitoring", "4d72a671", "memory"], "values": [{"value": 7.906650543212891, "step": null, "ts": 1712260473.623101}]}, "version": 1508, "at": 1712260473.623551}
{"obj": {"type": "LogFloats", "path": ["monitoring", "4d72a671", "cpu"], "values": [{"value": 14.4, "step": null, "ts": 1712260483.628971}]}, "version": 1509, "at": 1712260483.629156}
{"obj": {"type": "LogFloats", "path": ["monitoring", "4d72a671", "memory"], "values": [{"value": 7.914394378662109, "step": null, "ts": 1712260483.628971}]}, "version": 1510, "at": 1712260483.629343}
{"obj": {"type": "LogFloats", "path": ["monitoring", "4d72a671", "cpu"], "values": [{"value": 17.6, "step": null, "ts": 1712260493.633715}]}, "version": 1511, "at": 1712260493.633897}
{"obj": {"type": "LogFloats", "path": ["monitoring", "4d72a671", "memory"], "values": [{"value": 7.963100433349609, "step": null, "ts": 1712260493.633715}]}, "version": 1512, "at": 1712260493.634065}
{"obj": {"type": "LogFloats", "path": ["monitoring", "4d72a671", "cpu"], "values": [{"value": 32.6, "step": null, "ts": 1712260503.639473}]}, "version": 1513, "at": 1712260503.6397572}
{"obj": {"type": "LogFloats", "path": ["monitoring", "4d72a671", "memory"], "values": [{"value": 8.063480377197266, "step": null, "ts": 1712260503.639473}]}, "version": 1514, "at": 1712260503.640091}
{"obj": {"type": "LogFloats", "path": ["monitoring", "4d72a671", "cpu"], "values": [{"value": 34.7, "step": null, "ts": 1712260513.643787}]}, "version": 1515, "at": 1712260513.643973}
{"obj": {"type": "LogFloats", "path": ["monitoring", "4d72a671", "memory"], "values": [{"value": 8.178565979003906, "step": null, "ts": 1712260513.643787}]}, "version": 1516, "at": 1712260513.644138}
{"obj": {"type": "LogFloats", "path": ["monitoring", "4d72a671", "cpu"], "values": [{"value": 16.0, "step": null, "ts": 1712260523.644556}]}, "version": 1517, "at": 1712260523.644865}
{"obj": {"type": "LogFloats", "path": ["monitoring", "4d72a671", "memory"], "values": [{"value": 8.162887573242188, "step": null, "ts": 1712260523.644556}]}, "version": 1518, "at": 1712260523.6450639}
{"obj": {"type": "LogFloats", "path": ["monitoring", "4d72a671", "cpu"], "values": [{"value": 16.5, "step": null, "ts": 1712260533.648015}]}, "version": 1519, "at": 1712260533.6482282}
{"obj": {"type": "LogFloats", "path": ["monitoring", "4d72a671", "memory"], "values": [{"value": 8.07626724243164, "step": null, "ts": 1712260533.648015}]}, "version": 1520, "at": 1712260533.648393}
{"obj": {"type": "LogFloats", "path": ["monitoring", "4d72a671", "cpu"], "values": [{"value": 34.6, "step": null, "ts": 1712260543.6513631}]}, "version": 1521, "at": 1712260543.6516008}
{"obj": {"type": "LogFloats", "path": ["monitoring", "4d72a671", "memory"], "values": [{"value": 8.116897583007812, "step": null, "ts": 1712260543.6513631}]}, "version": 1522, "at": 1712260543.651946}
{"obj": {"type": "LogFloats", "path": ["monitoring", "4d72a671", "cpu"], "values": [{"value": 19.6, "step": null, "ts": 1712260553.654903}]}, "version": 1523, "at": 1712260553.655164}
{"obj": {"type": "LogFloats", "path": ["monitoring", "4d72a671", "memory"], "values": [{"value": 8.120742797851562, "step": null, "ts": 1712260553.654903}]}, "version": 1524, "at": 1712260553.655427}
{"obj": {"type": "LogFloats", "path": ["monitoring", "4d72a671", "cpu"], "values": [{"value": 17.9, "step": null, "ts": 1712260563.656503}]}, "version": 1525, "at": 1712260563.656693}
{"obj": {"type": "LogFloats", "path": ["monitoring", "4d72a671", "memory"], "values": [{"value": 8.163528442382812, "step": null, "ts": 1712260563.656503}]}, "version": 1526, "at": 1712260563.656856}
{"obj": {"type": "LogFloats", "path": ["monitoring", "4d72a671", "cpu"], "values": [{"value": 33.7, "step": null, "ts": 1712260573.6601589}]}, "version": 1527, "at": 1712260573.660485}
{"obj": {"type": "LogFloats", "path": ["monitoring", "4d72a671", "memory"], "values": [{"value": 8.759376525878906, "step": null, "ts": 1712260573.6601589}]}, "version": 1528, "at": 1712260573.660703}
{"obj": {"type": "LogFloats", "path": ["monitoring", "4d72a671", "cpu"], "values": [{"value": 48.4, "step": null, "ts": 1712260583.664304}]}, "version": 1529, "at": 1712260583.664524}
{"obj": {"type": "LogFloats", "path": ["monitoring", "4d72a671", "memory"], "values": [{"value": 10.175472259521484, "step": null, "ts": 1712260583.664304}]}, "version": 1530, "at": 1712260583.664712}
{"obj": {"type": "LogFloats", "path": ["monitoring", "4d72a671", "cpu"], "values": [{"value": 22.3, "step": null, "ts": 1712260593.669013}]}, "version": 1531, "at": 1712260593.669218}
{"obj": {"type": "LogFloats", "path": ["monitoring", "4d72a671", "memory"], "values": [{"value": 9.952003479003906, "step": null, "ts": 1712260593.669013}]}, "version": 1532, "at": 1712260593.669396}
{"obj": {"type": "LogFloats", "path": ["monitoring", "4d72a671", "cpu"], "values": [{"value": 19.1, "step": null, "ts": 1712260603.6698291}]}, "version": 1533, "at": 1712260603.670112}
{"obj": {"type": "LogFloats", "path": ["monitoring", "4d72a671", "memory"], "values": [{"value": 9.676490783691406, "step": null, "ts": 1712260603.6698291}]}, "version": 1534, "at": 1712260603.6702778}
{"obj": {"type": "LogFloats", "path": ["monitoring", "4d72a671", "cpu"], "values": [{"value": 15.5, "step": null, "ts": 1712260613.670934}]}, "version": 1535, "at": 1712260613.671138}
{"obj": {"type": "LogFloats", "path": ["monitoring", "4d72a671", "memory"], "values": [{"value": 9.630416870117188, "step": null, "ts": 1712260613.670934}]}, "version": 1536, "at": 1712260613.678814}
{"obj": {"type": "LogFloats", "path": ["monitoring", "4d72a671", "cpu"], "values": [{"value": 16.2, "step": null, "ts": 1712260623.68151}]}, "version": 1537, "at": 1712260623.681749}
{"obj": {"type": "LogFloats", "path": ["monitoring", "4d72a671", "memory"], "values": [{"value": 9.626750946044922, "step": null, "ts": 1712260623.68151}]}, "version": 1538, "at": 1712260623.698405}
{"obj": {"type": "LogFloats", "path": ["monitoring", "4d72a671", "cpu"], "values": [{"value": 16.3, "step": null, "ts": 1712260633.72348}]}, "version": 1539, "at": 1712260633.723707}
{"obj": {"type": "LogFloats", "path": ["monitoring", "4d72a671", "memory"], "values": [{"value": 9.685420989990234, "step": null, "ts": 1712260633.72348}]}, "version": 1540, "at": 1712260633.7238998}
{"obj": {"type": "LogFloats", "path": ["monitoring", "4d72a671", "cpu"], "values": [{"value": 14.9, "step": null, "ts": 1712260643.729293}]}, "version": 1541, "at": 1712260643.729509}
{"obj": {"type": "LogFloats", "path": ["monitoring", "4d72a671", "memory"], "values": [{"value": 9.66019058227539, "step": null, "ts": 1712260643.729293}]}, "version": 1542, "at": 1712260643.729681}
{"obj": {"type": "LogFloats", "path": ["monitoring", "4d72a671", "cpu"], "values": [{"value": 15.0, "step": null, "ts": 1712260653.731453}]}, "version": 1543, "at": 1712260653.731663}
{"obj": {"type": "LogFloats", "path": ["monitoring", "4d72a671", "memory"], "values": [{"value": 9.59603500366211, "step": null, "ts": 1712260653.731453}]}, "version": 1544, "at": 1712260653.7318459}
{"obj": {"type": "LogFloats", "path": ["monitoring", "4d72a671", "cpu"], "values": [{"value": 15.1, "step": null, "ts": 1712260663.732416}]}, "version": 1545, "at": 1712260663.7326982}
{"obj": {"type": "LogFloats", "path": ["monitoring", "4d72a671", "memory"], "values": [{"value": 9.597206115722656, "step": null, "ts": 1712260663.732416}]}, "version": 1546, "at": 1712260663.7328792}
{"obj": {"type": "LogFloats", "path": ["monitoring", "4d72a671", "cpu"], "values": [{"value": 15.1, "step": null, "ts": 1712260673.733804}]}, "version": 1547, "at": 1712260673.7340212}
{"obj": {"type": "LogFloats", "path": ["monitoring", "4d72a671", "memory"], "values": [{"value": 9.585037231445312, "step": null, "ts": 1712260673.733804}]}, "version": 1548, "at": 1712260673.739543}
{"obj": {"type": "LogFloats", "path": ["monitoring", "4d72a671", "cpu"], "values": [{"value": 15.3, "step": null, "ts": 1712260683.743266}]}, "version": 1549, "at": 1712260683.7435038}
{"obj": {"type": "LogFloats", "path": ["monitoring", "4d72a671", "memory"], "values": [{"value": 9.590591430664062, "step": null, "ts": 1712260683.743266}]}, "version": 1550, "at": 1712260683.749553}
{"obj": {"type": "LogFloats", "path": ["monitoring", "4d72a671", "cpu"], "values": [{"value": 15.9, "step": null, "ts": 1712260693.754727}]}, "version": 1551, "at": 1712260693.754975}
{"obj": {"type": "LogFloats", "path": ["monitoring", "4d72a671", "memory"], "values": [{"value": 9.66530990600586, "step": null, "ts": 1712260693.754727}]}, "version": 1552, "at": 1712260693.759017}
{"obj": {"type": "LogFloats", "path": ["monitoring", "4d72a671", "cpu"], "values": [{"value": 14.8, "step": null, "ts": 1712260703.7597399}]}, "version": 1553, "at": 1712260703.759958}
{"obj": {"type": "LogFloats", "path": ["monitoring", "4d72a671", "memory"], "values": [{"value": 9.662372589111328, "step": null, "ts": 1712260703.7597399}]}, "version": 1554, "at": 1712260703.769013}
{"obj": {"type": "LogFloats", "path": ["monitoring", "4d72a671", "cpu"], "values": [{"value": 15.5, "step": null, "ts": 1712260713.771691}]}, "version": 1555, "at": 1712260713.7718961}
{"obj": {"type": "LogFloats", "path": ["monitoring", "4d72a671", "memory"], "values": [{"value": 9.598926544189453, "step": null, "ts": 1712260713.771691}]}, "version": 1556, "at": 1712260713.77967}
{"obj": {"type": "LogFloats", "path": ["monitoring", "4d72a671", "cpu"], "values": [{"value": 16.3, "step": null, "ts": 1712260723.783517}]}, "version": 1557, "at": 1712260723.783731}
{"obj": {"type": "LogFloats", "path": ["monitoring", "4d72a671", "memory"], "values": [{"value": 9.593681335449219, "step": null, "ts": 1712260723.783517}]}, "version": 1558, "at": 1712260723.791274}
{"obj": {"type": "LogFloats", "path": ["monitoring", "4d72a671", "cpu"], "values": [{"value": 14.9, "step": null, "ts": 1712260733.791856}]}, "version": 1559, "at": 1712260733.792096}
{"obj": {"type": "LogFloats", "path": ["monitoring", "4d72a671", "memory"], "values": [{"value": 9.592781066894531, "step": null, "ts": 1712260733.791856}]}, "version": 1560, "at": 1712260733.801358}
{"obj": {"type": "LogFloats", "path": ["monitoring", "4d72a671", "cpu"], "values": [{"value": 15.0, "step": null, "ts": 1712260743.805807}]}, "version": 1561, "at": 1712260743.806018}
{"obj": {"type": "LogFloats", "path": ["monitoring", "4d72a671", "memory"], "values": [{"value": 9.593215942382812, "step": null, "ts": 1712260743.805807}]}, "version": 1562, "at": 1712260743.8091252}
{"obj": {"type": "LogFloats", "path": ["monitoring", "4d72a671", "cpu"], "values": [{"value": 15.6, "step": null, "ts": 1712260753.812257}]}, "version": 1563, "at": 1712260753.812553}
{"obj": {"type": "LogFloats", "path": ["monitoring", "4d72a671", "memory"], "values": [{"value": 9.591487884521484, "step": null, "ts": 1712260753.812257}]}, "version": 1564, "at": 1712260753.8210938}
{"obj": {"type": "LogFloats", "path": ["monitoring", "4d72a671", "cpu"], "values": [{"value": 18.8, "step": null, "ts": 1712260763.8228061}]}, "version": 1565, "at": 1712260763.8230882}
{"obj": {"type": "LogFloats", "path": ["monitoring", "4d72a671", "memory"], "values": [{"value": 9.67352294921875, "step": null, "ts": 1712260763.8228061}]}, "version": 1566, "at": 1712260763.831572}
{"obj": {"type": "LogFloats", "path": ["monitoring", "4d72a671", "cpu"], "values": [{"value": 18.7, "step": null, "ts": 1712260773.832719}]}, "version": 1567, "at": 1712260773.833036}
{"obj": {"type": "LogFloats", "path": ["monitoring", "4d72a671", "memory"], "values": [{"value": 9.684303283691406, "step": null, "ts": 1712260773.832719}]}, "version": 1568, "at": 1712260773.8399518}
{"obj": {"type": "LogFloats", "path": ["monitoring", "4d72a671", "cpu"], "values": [{"value": 15.4, "step": null, "ts": 1712260783.841059}]}, "version": 1569, "at": 1712260783.841262}
{"obj": {"type": "LogFloats", "path": ["monitoring", "4d72a671", "memory"], "values": [{"value": 9.627044677734375, "step": null, "ts": 1712260783.841059}]}, "version": 1570, "at": 1712260783.849459}
{"obj": {"type": "LogFloats", "path": ["monitoring", "4d72a671", "cpu"], "values": [{"value": 16.1, "step": null, "ts": 1712260793.8544488}]}, "version": 1571, "at": 1712260793.8547}
{"obj": {"type": "LogFloats", "path": ["monitoring", "4d72a671", "memory"], "values": [{"value": 9.70107650756836, "step": null, "ts": 1712260793.8544488}]}, "version": 1572, "at": 1712260793.858667}
{"obj": {"type": "LogFloats", "path": ["monitoring", "4d72a671", "cpu"], "values": [{"value": 19.0, "step": null, "ts": 1712260803.8630168}]}, "version": 1573, "at": 1712260803.863221}
{"obj": {"type": "LogFloats", "path": ["monitoring", "4d72a671", "memory"], "values": [{"value": 9.73617935180664, "step": null, "ts": 1712260803.8630168}]}, "version": 1574, "at": 1712260803.868526}
{"obj": {"type": "LogFloats", "path": ["monitoring", "4d72a671", "cpu"], "values": [{"value": 15.7, "step": null, "ts": 1712260813.873912}]}, "version": 1575, "at": 1712260813.8741279}
{"obj": {"type": "LogFloats", "path": ["monitoring", "4d72a671", "memory"], "values": [{"value": 9.775936126708984, "step": null, "ts": 1712260813.873912}]}, "version": 1576, "at": 1712260813.880113}
{"obj": {"type": "LogFloats", "path": ["monitoring", "4d72a671", "cpu"], "values": [{"value": 16.0, "step": null, "ts": 1712260823.8812008}]}, "version": 1577, "at": 1712260823.881427}
{"obj": {"type": "LogFloats", "path": ["monitoring", "4d72a671", "memory"], "values": [{"value": 9.771522521972656, "step": null, "ts": 1712260823.8812008}]}, "version": 1578, "at": 1712260823.8896189}
{"obj": {"type": "LogFloats", "path": ["monitoring", "4d72a671", "cpu"], "values": [{"value": 15.7, "step": null, "ts": 1712260833.8913338}]}, "version": 1579, "at": 1712260833.891574}
{"obj": {"type": "LogFloats", "path": ["monitoring", "4d72a671", "memory"], "values": [{"value": 9.725852966308594, "step": null, "ts": 1712260833.8913338}]}, "version": 1580, "at": 1712260833.897654}
{"obj": {"type": "LogFloats", "path": ["monitoring", "4d72a671", "cpu"], "values": [{"value": 17.8, "step": null, "ts": 1712260843.902613}]}, "version": 1581, "at": 1712260843.902828}
{"obj": {"type": "LogFloats", "path": ["monitoring", "4d72a671", "memory"], "values": [{"value": 9.72943115234375, "step": null, "ts": 1712260843.902613}]}, "version": 1582, "at": 1712260843.911237}
{"obj": {"type": "LogFloats", "path": ["monitoring", "4d72a671", "cpu"], "values": [{"value": 22.6, "step": null, "ts": 1712260853.9166908}]}, "version": 1583, "at": 1712260853.916975}
{"obj": {"type": "LogFloats", "path": ["monitoring", "4d72a671", "memory"], "values": [{"value": 9.84454345703125, "step": null, "ts": 1712260853.9166908}]}, "version": 1584, "at": 1712260853.920162}
{"obj": {"type": "LogFloats", "path": ["monitoring", "4d72a671", "cpu"], "values": [{"value": 20.9, "step": null, "ts": 1712260863.925138}]}, "version": 1585, "at": 1712260863.925345}
{"obj": {"type": "LogFloats", "path": ["monitoring", "4d72a671", "memory"], "values": [{"value": 9.883880615234375, "step": null, "ts": 1712260863.925138}]}, "version": 1586, "at": 1712260863.9269571}
{"obj": {"type": "LogFloats", "path": ["monitoring", "4d72a671", "cpu"], "values": [{"value": 17.8, "step": null, "ts": 1712260873.930864}]}, "version": 1587, "at": 1712260873.93111}
{"obj": {"type": "LogFloats", "path": ["monitoring", "4d72a671", "memory"], "values": [{"value": 9.936832427978516, "step": null, "ts": 1712260873.930864}]}, "version": 1588, "at": 1712260873.93943}
{"obj": {"type": "LogFloats", "path": ["monitoring", "4d72a671", "cpu"], "values": [{"value": 20.9, "step": null, "ts": 1712260883.942048}]}, "version": 1589, "at": 1712260883.942288}
{"obj": {"type": "LogFloats", "path": ["monitoring", "4d72a671", "memory"], "values": [{"value": 9.945587158203125, "step": null, "ts": 1712260883.942048}]}, "version": 1590, "at": 1712260883.949926}
{"obj": {"type": "LogFloats", "path": ["monitoring", "4d72a671", "cpu"], "values": [{"value": 19.3, "step": null, "ts": 1712260893.959255}]}, "version": 1591, "at": 1712260893.959467}
{"obj": {"type": "LogFloats", "path": ["monitoring", "4d72a671", "memory"], "values": [{"value": 9.873794555664062, "step": null, "ts": 1712260893.959255}]}, "version": 1592, "at": 1712260893.96574}
{"obj": {"type": "LogFloats", "path": ["monitoring", "4d72a671", "cpu"], "values": [{"value": 18.0, "step": null, "ts": 1712260903.975917}]}, "version": 1593, "at": 1712260903.9761019}
{"obj": {"type": "LogFloats", "path": ["monitoring", "4d72a671", "memory"], "values": [{"value": 9.86920166015625, "step": null, "ts": 1712260903.975917}]}, "version": 1594, "at": 1712260903.982851}
{"obj": {"type": "LogFloats", "path": ["monitoring", "4d72a671", "cpu"], "values": [{"value": 15.4, "step": null, "ts": 1712260913.985198}]}, "version": 1595, "at": 1712260913.9855208}
{"obj": {"type": "LogFloats", "path": ["monitoring", "4d72a671", "memory"], "values": [{"value": 9.8690185546875, "step": null, "ts": 1712260913.985198}]}, "version": 1596, "at": 1712260913.993331}
{"obj": {"type": "LogStrings", "path": ["monitoring", "4d72a671", "stdout"], "values": [{"value": "Experiencing connection interruptions. Will try to reestablish communication with Neptune. Internal exception was: RequestsFutureAdapterConnectionError\n", "step": null, "ts": 1712260918.1349819}]}, "version": 1597, "at": 1712260918.135011}
{"obj": {"type": "LogFloats", "path": ["monitoring", "4d72a671", "cpu"], "values": [{"value": 18.7, "step": null, "ts": 1712260924.00051}]}, "version": 1598, "at": 1712260924.00074}
{"obj": {"type": "LogFloats", "path": ["monitoring", "4d72a671", "memory"], "values": [{"value": 9.892292022705078, "step": null, "ts": 1712260924.00051}]}, "version": 1599, "at": 1712260924.0086331}
{"obj": {"type": "LogStrings", "path": ["monitoring", "4d72a671", "stdout"], "values": [{"value": "Experiencing connection interruptions. Will try to reestablish communication with Neptune. Internal exception was: RequestsFutureAdapterConnectionError\n", "step": null, "ts": 1712260925.43966}]}, "version": 1600, "at": 1712260925.439692}
{"obj": {"type": "LogFloats", "path": ["monitoring", "4d72a671", "cpu"], "values": [{"value": 19.2, "step": null, "ts": 1712260934.0101602}]}, "version": 1601, "at": 1712260934.010389}
{"obj": {"type": "LogFloats", "path": ["monitoring", "4d72a671", "memory"], "values": [{"value": 9.96480941772461, "step": null, "ts": 1712260934.0101602}]}, "version": 1602, "at": 1712260934.029989}
{"obj": {"type": "LogFloats", "path": ["monitoring", "4d72a671", "cpu"], "values": [{"value": 15.2, "step": null, "ts": 1712260944.03672}]}, "version": 1603, "at": 1712260944.036958}
{"obj": {"type": "LogFloats", "path": ["monitoring", "4d72a671", "memory"], "values": [{"value": 9.960807800292969, "step": null, "ts": 1712260944.03672}]}, "version": 1604, "at": 1712260944.044671}
{"obj": {"type": "LogFloats", "path": ["monitoring", "4d72a671", "cpu"], "values": [{"value": 16.1, "step": null, "ts": 1712260954.049354}]}, "version": 1605, "at": 1712260954.049599}
{"obj": {"type": "LogFloats", "path": ["monitoring", "4d72a671", "memory"], "values": [{"value": 9.869338989257812, "step": null, "ts": 1712260954.049354}]}, "version": 1606, "at": 1712260954.055845}
{"obj": {"type": "LogFloats", "path": ["monitoring", "4d72a671", "cpu"], "values": [{"value": 16.9, "step": null, "ts": 1712260964.0634198}]}, "version": 1607, "at": 1712260964.06364}
{"obj": {"type": "LogFloats", "path": ["monitoring", "4d72a671", "memory"], "values": [{"value": 9.86367416381836, "step": null, "ts": 1712260964.0634198}]}, "version": 1608, "at": 1712260964.080357}
{"obj": {"type": "LogFloats", "path": ["monitoring", "4d72a671", "cpu"], "values": [{"value": 14.6, "step": null, "ts": 1712260974.089164}]}, "version": 1609, "at": 1712260974.089401}
{"obj": {"type": "LogFloats", "path": ["monitoring", "4d72a671", "memory"], "values": [{"value": 9.897441864013672, "step": null, "ts": 1712260974.089164}]}, "version": 1610, "at": 1712260974.092723}
{"obj": {"type": "LogFloats", "path": ["monitoring", "4d72a671", "cpu"], "values": [{"value": 15.6, "step": null, "ts": 1712260984.0932999}]}, "version": 1611, "at": 1712260984.0936089}
{"obj": {"type": "LogFloats", "path": ["monitoring", "4d72a671", "memory"], "values": [{"value": 9.902328491210938, "step": null, "ts": 1712260984.0932999}]}, "version": 1612, "at": 1712260984.118135}
{"obj": {"type": "LogFloats", "path": ["monitoring", "4d72a671", "cpu"], "values": [{"value": 17.4, "step": null, "ts": 1712260994.127906}]}, "version": 1613, "at": 1712260994.128114}
{"obj": {"type": "LogFloats", "path": ["monitoring", "4d72a671", "memory"], "values": [{"value": 9.977584838867188, "step": null, "ts": 1712260994.127906}]}, "version": 1614, "at": 1712260994.132548}
{"obj": {"type": "LogFloats", "path": ["monitoring", "4d72a671", "cpu"], "values": [{"value": 14.6, "step": null, "ts": 1712261004.142734}]}, "version": 1615, "at": 1712261004.142951}
{"obj": {"type": "LogFloats", "path": ["monitoring", "4d72a671", "memory"], "values": [{"value": 9.977100372314453, "step": null, "ts": 1712261004.142734}]}, "version": 1616, "at": 1712261004.1481621}
{"obj": {"type": "LogFloats", "path": ["monitoring", "4d72a671", "cpu"], "values": [{"value": 15.7, "step": null, "ts": 1712261014.154623}]}, "version": 1617, "at": 1712261014.154874}
{"obj": {"type": "LogFloats", "path": ["monitoring", "4d72a671", "memory"], "values": [{"value": 10.004371643066406, "step": null, "ts": 1712261014.154623}]}, "version": 1618, "at": 1712261014.164983}
{"obj": {"type": "LogFloats", "path": ["monitoring", "4d72a671", "cpu"], "values": [{"value": 15.2, "step": null, "ts": 1712261024.174981}]}, "version": 1619, "at": 1712261024.175197}
{"obj": {"type": "LogFloats", "path": ["monitoring", "4d72a671", "memory"], "values": [{"value": 10.02248764038086, "step": null, "ts": 1712261024.174981}]}, "version": 1620, "at": 1712261024.182823}
{"obj": {"type": "LogFloats", "path": ["monitoring", "4d72a671", "cpu"], "values": [{"value": 15.3, "step": null, "ts": 1712261034.1917162}]}, "version": 1621, "at": 1712261034.191952}
{"obj": {"type": "LogFloats", "path": ["monitoring", "4d72a671", "memory"], "values": [{"value": 10.021961212158203, "step": null, "ts": 1712261034.1917162}]}, "version": 1622, "at": 1712261034.200474}
{"obj": {"type": "LogFloats", "path": ["monitoring", "4d72a671", "cpu"], "values": [{"value": 17.7, "step": null, "ts": 1712261044.211019}]}, "version": 1623, "at": 1712261044.211339}
{"obj": {"type": "LogFloats", "path": ["monitoring", "4d72a671", "memory"], "values": [{"value": 10.07376480102539, "step": null, "ts": 1712261044.211019}]}, "version": 1624, "at": 1712261044.218949}
{"obj": {"type": "LogFloats", "path": ["monitoring", "4d72a671", "cpu"], "values": [{"value": 19.0, "step": null, "ts": 1712261054.2293801}]}, "version": 1625, "at": 1712261054.229547}
{"obj": {"type": "LogFloats", "path": ["monitoring", "4d72a671", "memory"], "values": [{"value": 10.078800201416016, "step": null, "ts": 1712261054.2293801}]}, "version": 1626, "at": 1712261054.2361321}
{"obj": {"type": "LogFloats", "path": ["monitoring", "4d72a671", "cpu"], "values": [{"value": 20.2, "step": null, "ts": 1712261064.240337}]}, "version": 1627, "at": 1712261064.2405992}
{"obj": {"type": "LogFloats", "path": ["monitoring", "4d72a671", "memory"], "values": [{"value": 10.086231231689453, "step": null, "ts": 1712261064.240337}]}, "version": 1628, "at": 1712261064.2502458}
{"obj": {"type": "LogFloats", "path": ["monitoring", "4d72a671", "cpu"], "values": [{"value": 18.9, "step": null, "ts": 1712261074.259203}]}, "version": 1629, "at": 1712261074.2594361}
{"obj": {"type": "LogFloats", "path": ["monitoring", "4d72a671", "memory"], "values": [{"value": 10.063617706298828, "step": null, "ts": 1712261074.259203}]}, "version": 1630, "at": 1712261074.262509}
{"obj": {"type": "LogFloats", "path": ["monitoring", "4d72a671", "cpu"], "values": [{"value": 18.9, "step": null, "ts": 1712261084.265923}]}, "version": 1631, "at": 1712261084.26614}
{"obj": {"type": "LogFloats", "path": ["monitoring", "4d72a671", "memory"], "values": [{"value": 10.05258560180664, "step": null, "ts": 1712261084.265923}]}, "version": 1632, "at": 1712261084.283544}
{"obj": {"type": "LogFloats", "path": ["monitoring", "4d72a671", "cpu"], "values": [{"value": 18.8, "step": null, "ts": 1712261094.2928882}]}, "version": 1633, "at": 1712261094.2931159}
{"obj": {"type": "LogFloats", "path": ["monitoring", "4d72a671", "memory"], "values": [{"value": 10.062915802001953, "step": null, "ts": 1712261094.2928882}]}, "version": 1634, "at": 1712261094.30231}
{"obj": {"type": "LogFloats", "path": ["monitoring", "4d72a671", "cpu"], "values": [{"value": 19.0, "step": null, "ts": 1712261104.302866}]}, "version": 1635, "at": 1712261104.3031008}
{"obj": {"type": "LogFloats", "path": ["monitoring", "4d72a671", "memory"], "values": [{"value": 10.0609130859375, "step": null, "ts": 1712261104.302866}]}, "version": 1636, "at": 1712261104.322047}
{"obj": {"type": "LogFloats", "path": ["monitoring", "4d72a671", "cpu"], "values": [{"value": 18.6, "step": null, "ts": 1712261114.3306282}]}, "version": 1637, "at": 1712261114.3308318}
{"obj": {"type": "LogFloats", "path": ["monitoring", "4d72a671", "memory"], "values": [{"value": 10.13278579711914, "step": null, "ts": 1712261114.3306282}]}, "version": 1638, "at": 1712261114.340362}
{"obj": {"type": "LogFloats", "path": ["monitoring", "4d72a671", "cpu"], "values": [{"value": 19.0, "step": null, "ts": 1712261124.348802}]}, "version": 1639, "at": 1712261124.349018}
{"obj": {"type": "LogFloats", "path": ["monitoring", "4d72a671", "memory"], "values": [{"value": 10.140010833740234, "step": null, "ts": 1712261124.348802}]}, "version": 1640, "at": 1712261124.353266}
{"obj": {"type": "LogFloats", "path": ["monitoring", "4d72a671", "cpu"], "values": [{"value": 19.2, "step": null, "ts": 1712261134.35971}]}, "version": 1641, "at": 1712261134.359946}
{"obj": {"type": "LogFloats", "path": ["monitoring", "4d72a671", "memory"], "values": [{"value": 10.081058502197266, "step": null, "ts": 1712261134.35971}]}, "version": 1642, "at": 1712261134.371831}
{"obj": {"type": "LogFloats", "path": ["monitoring", "4d72a671", "cpu"], "values": [{"value": 19.3, "step": null, "ts": 1712261144.381301}]}, "version": 1643, "at": 1712261144.381509}
{"obj": {"type": "LogFloats", "path": ["monitoring", "4d72a671", "memory"], "values": [{"value": 10.175960540771484, "step": null, "ts": 1712261144.381301}]}, "version": 1644, "at": 1712261144.3973}
{"obj": {"type": "LogFloats", "path": ["monitoring", "4d72a671", "cpu"], "values": [{"value": 20.1, "step": null, "ts": 1712261154.4022012}]}, "version": 1645, "at": 1712261154.40241}
{"obj": {"type": "LogFloats", "path": ["monitoring", "4d72a671", "memory"], "values": [{"value": 10.228633880615234, "step": null, "ts": 1712261154.4022012}]}, "version": 1646, "at": 1712261154.415521}
{"obj": {"type": "LogFloats", "path": ["monitoring", "4d72a671", "cpu"], "values": [{"value": 19.4, "step": null, "ts": 1712261164.422175}]}, "version": 1647, "at": 1712261164.422452}
{"obj": {"type": "LogFloats", "path": ["monitoring", "4d72a671", "memory"], "values": [{"value": 10.128341674804688, "step": null, "ts": 1712261164.422175}]}, "version": 1648, "at": 1712261164.437514}
{"obj": {"type": "LogFloats", "path": ["monitoring", "4d72a671", "cpu"], "values": [{"value": 19.2, "step": null, "ts": 1712261174.445051}]}, "version": 1649, "at": 1712261174.445285}
{"obj": {"type": "LogFloats", "path": ["monitoring", "4d72a671", "memory"], "values": [{"value": 10.153789520263672, "step": null, "ts": 1712261174.445051}]}, "version": 1650, "at": 1712261174.453655}
{"obj": {"type": "LogFloats", "path": ["monitoring", "4d72a671", "cpu"], "values": [{"value": 19.2, "step": null, "ts": 1712261184.459687}]}, "version": 1651, "at": 1712261184.459898}
{"obj": {"type": "LogFloats", "path": ["monitoring", "4d72a671", "memory"], "values": [{"value": 10.098628997802734, "step": null, "ts": 1712261184.459687}]}, "version": 1652, "at": 1712261184.462511}
{"obj": {"type": "LogFloats", "path": ["monitoring", "4d72a671", "cpu"], "values": [{"value": 19.7, "step": null, "ts": 1712261194.470818}]}, "version": 1653, "at": 1712261194.4710321}
{"obj": {"type": "LogFloats", "path": ["monitoring", "4d72a671", "memory"], "values": [{"value": 9.964351654052734, "step": null, "ts": 1712261194.470818}]}, "version": 1654, "at": 1712261194.486047}
{"obj": {"type": "LogFloats", "path": ["monitoring", "4d72a671", "cpu"], "values": [{"value": 20.4, "step": null, "ts": 1712261204.4881668}]}, "version": 1655, "at": 1712261204.488598}
{"obj": {"type": "LogFloats", "path": ["monitoring", "4d72a671", "memory"], "values": [{"value": 10.024032592773438, "step": null, "ts": 1712261204.4881668}]}, "version": 1656, "at": 1712261204.497746}
{"obj": {"type": "LogFloats", "path": ["monitoring", "4d72a671", "cpu"], "values": [{"value": 19.0, "step": null, "ts": 1712261214.503722}]}, "version": 1657, "at": 1712261214.503943}
{"obj": {"type": "LogFloats", "path": ["monitoring", "4d72a671", "memory"], "values": [{"value": 10.250885009765625, "step": null, "ts": 1712261214.503722}]}, "version": 1658, "at": 1712261214.5125399}
{"obj": {"type": "LogFloats", "path": ["monitoring", "4d72a671", "cpu"], "values": [{"value": 19.6, "step": null, "ts": 1712261224.518698}]}, "version": 1659, "at": 1712261224.518911}
{"obj": {"type": "LogFloats", "path": ["monitoring", "4d72a671", "memory"], "values": [{"value": 10.455989837646484, "step": null, "ts": 1712261224.518698}]}, "version": 1660, "at": 1712261224.53599}
{"obj": {"type": "LogFloats", "path": ["monitoring", "4d72a671", "cpu"], "values": [{"value": 19.9, "step": null, "ts": 1712261234.5388439}]}, "version": 1661, "at": 1712261234.539177}
{"obj": {"type": "LogFloats", "path": ["monitoring", "4d72a671", "memory"], "values": [{"value": 10.833271026611328, "step": null, "ts": 1712261234.5388439}]}, "version": 1662, "at": 1712261234.547745}
{"obj": {"type": "LogFloats", "path": ["monitoring", "4d72a671", "cpu"], "values": [{"value": 19.6, "step": null, "ts": 1712261244.555521}]}, "version": 1663, "at": 1712261244.555797}
{"obj": {"type": "LogFloats", "path": ["monitoring", "4d72a671", "memory"], "values": [{"value": 11.001697540283203, "step": null, "ts": 1712261244.555521}]}, "version": 1664, "at": 1712261244.5649679}
{"obj": {"type": "LogFloats", "path": ["monitoring", "4d72a671", "cpu"], "values": [{"value": 19.6, "step": null, "ts": 1712261254.570092}]}, "version": 1665, "at": 1712261254.570378}
{"obj": {"type": "LogFloats", "path": ["monitoring", "4d72a671", "memory"], "values": [{"value": 11.038551330566406, "step": null, "ts": 1712261254.570092}]}, "version": 1666, "at": 1712261254.579571}
{"obj": {"type": "LogFloats", "path": ["monitoring", "4d72a671", "cpu"], "values": [{"value": 20.9, "step": null, "ts": 1712261264.5898528}]}, "version": 1667, "at": 1712261264.5900831}
{"obj": {"type": "LogFloats", "path": ["monitoring", "4d72a671", "memory"], "values": [{"value": 11.140079498291016, "step": null, "ts": 1712261264.5898528}]}, "version": 1668, "at": 1712261264.595129}
{"obj": {"type": "LogFloats", "path": ["monitoring", "4d72a671", "cpu"], "values": [{"value": 30.4, "step": null, "ts": 1712261274.6050801}]}, "version": 1669, "at": 1712261274.6053162}
{"obj": {"type": "LogFloats", "path": ["monitoring", "4d72a671", "memory"], "values": [{"value": 11.274471282958984, "step": null, "ts": 1712261274.6050801}]}, "version": 1670, "at": 1712261274.613827}
{"obj": {"type": "LogFloats", "path": ["monitoring", "4d72a671", "cpu"], "values": [{"value": 23.9, "step": null, "ts": 1712261284.617991}]}, "version": 1671, "at": 1712261284.618199}
{"obj": {"type": "LogFloats", "path": ["monitoring", "4d72a671", "memory"], "values": [{"value": 11.263439178466797, "step": null, "ts": 1712261284.617991}]}, "version": 1672, "at": 1712261284.636726}
{"obj": {"type": "LogFloats", "path": ["monitoring", "4d72a671", "cpu"], "values": [{"value": 21.3, "step": null, "ts": 1712261294.639869}]}, "version": 1673, "at": 1712261294.640092}
{"obj": {"type": "LogFloats", "path": ["monitoring", "4d72a671", "memory"], "values": [{"value": 11.422439575195312, "step": null, "ts": 1712261294.639869}]}, "version": 1674, "at": 1712261294.6496398}
{"obj": {"type": "LogFloats", "path": ["monitoring", "4d72a671", "cpu"], "values": [{"value": 20.0, "step": null, "ts": 1712261304.652968}]}, "version": 1675, "at": 1712261304.653267}
{"obj": {"type": "LogFloats", "path": ["monitoring", "4d72a671", "memory"], "values": [{"value": 11.5078125, "step": null, "ts": 1712261304.652968}]}, "version": 1676, "at": 1712261304.6586921}
{"obj": {"type": "LogFloats", "path": ["monitoring", "4d72a671", "cpu"], "values": [{"value": 19.5, "step": null, "ts": 1712261314.668724}]}, "version": 1677, "at": 1712261314.66896}
{"obj": {"type": "LogFloats", "path": ["monitoring", "4d72a671", "memory"], "values": [{"value": 11.524589538574219, "step": null, "ts": 1712261314.668724}]}, "version": 1678, "at": 1712261314.677674}
{"obj": {"type": "LogFloats", "path": ["monitoring", "4d72a671", "cpu"], "values": [{"value": 22.7, "step": null, "ts": 1712261324.685397}]}, "version": 1679, "at": 1712261324.68559}
{"obj": {"type": "LogFloats", "path": ["monitoring", "4d72a671", "memory"], "values": [{"value": 11.632556915283203, "step": null, "ts": 1712261324.685397}]}, "version": 1680, "at": 1712261324.685751}
{"obj": {"type": "LogFloats", "path": ["monitoring", "4d72a671", "cpu"], "values": [{"value": 29.5, "step": null, "ts": 1712261334.6912231}]}, "version": 1681, "at": 1712261334.691454}
{"obj": {"type": "LogFloats", "path": ["monitoring", "4d72a671", "memory"], "values": [{"value": 11.734413146972656, "step": null, "ts": 1712261334.6912231}]}, "version": 1682, "at": 1712261334.701022}
{"obj": {"type": "LogFloats", "path": ["monitoring", "4d72a671", "cpu"], "values": [{"value": 22.7, "step": null, "ts": 1712261344.703598}]}, "version": 1683, "at": 1712261344.703821}
{"obj": {"type": "LogFloats", "path": ["monitoring", "4d72a671", "memory"], "values": [{"value": 11.82989501953125, "step": null, "ts": 1712261344.703598}]}, "version": 1684, "at": 1712261344.721759}
{"obj": {"type": "LogFloats", "path": ["monitoring", "4d72a671", "cpu"], "values": [{"value": 37.6, "step": null, "ts": 1712261354.728359}]}, "version": 1685, "at": 1712261354.728662}
{"obj": {"type": "LogFloats", "path": ["monitoring", "4d72a671", "memory"], "values": [{"value": 12.177265167236328, "step": null, "ts": 1712261354.728359}]}, "version": 1686, "at": 1712261354.735446}
{"obj": {"type": "LogFloats", "path": ["monitoring", "4d72a671", "cpu"], "values": [{"value": 36.6, "step": null, "ts": 1712261364.72132}]}, "version": 1687, "at": 1712261364.7216809}
{"obj": {"type": "LogFloats", "path": ["monitoring", "4d72a671", "memory"], "values": [{"value": 10.469268798828125, "step": null, "ts": 1712261364.72132}]}, "version": 1688, "at": 1712261364.7293272}
{"obj": {"type": "LogStrings", "path": ["monitoring", "4d72a671", "stdout"], "values": [{"value": "Communication with Neptune restored!\n", "step": null, "ts": 1712261368.046016}]}, "version": 1689, "at": 1712261368.04606}
{"obj": {"type": "LogStrings", "path": ["monitoring", "4d72a671", "stdout"], "values": [{"value": "Communication with Neptune restored!\n", "step": null, "ts": 1712261368.2287931}]}, "version": 1690, "at": 1712261368.228832}
{"obj": {"type": "LogFloats", "path": ["monitoring", "4d72a671", "cpu"], "values": [{"value": 37.5, "step": null, "ts": 1712261374.7251341}]}, "version": 1691, "at": 1712261374.7254531}
{"obj": {"type": "LogFloats", "path": ["monitoring", "4d72a671", "memory"], "values": [{"value": 8.102977752685547, "step": null, "ts": 1712261374.7251341}]}, "version": 1692, "at": 1712261374.733488}
{"obj": {"type": "LogFloats", "path": ["monitoring", "4d72a671", "cpu"], "values": [{"value": 24.8, "step": null, "ts": 1712261384.7331}]}, "version": 1693, "at": 1712261384.733346}
{"obj": {"type": "LogFloats", "path": ["monitoring", "4d72a671", "memory"], "values": [{"value": 7.909099578857422, "step": null, "ts": 1712261384.7331}]}, "version": 1694, "at": 1712261384.7408352}
{"obj": {"type": "LogFloats", "path": ["monitoring", "4d72a671", "cpu"], "values": [{"value": 21.8, "step": null, "ts": 1712261394.7467608}]}, "version": 1695, "at": 1712261394.747006}
{"obj": {"type": "LogFloats", "path": ["monitoring", "4d72a671", "memory"], "values": [{"value": 7.902477264404297, "step": null, "ts": 1712261394.7467608}]}, "version": 1696, "at": 1712261394.752966}
{"obj": {"type": "LogFloats", "path": ["monitoring", "4d72a671", "cpu"], "values": [{"value": 17.7, "step": null, "ts": 1712261404.760427}]}, "version": 1697, "at": 1712261404.760759}
{"obj": {"type": "LogFloats", "path": ["monitoring", "4d72a671", "memory"], "values": [{"value": 7.9419708251953125, "step": null, "ts": 1712261404.760427}]}, "version": 1698, "at": 1712261404.7687821}
{"obj": {"type": "LogFloats", "path": ["monitoring", "4d72a671", "cpu"], "values": [{"value": 16.4, "step": null, "ts": 1712261414.778419}]}, "version": 1699, "at": 1712261414.778677}
{"obj": {"type": "LogFloats", "path": ["monitoring", "4d72a671", "memory"], "values": [{"value": 7.990943908691406, "step": null, "ts": 1712261414.778419}]}, "version": 1700, "at": 1712261414.780354}
{"obj": {"type": "LogFloats", "path": ["monitoring", "4d72a671", "cpu"], "values": [{"value": 16.6, "step": null, "ts": 1712261424.789557}]}, "version": 1701, "at": 1712261424.789804}
{"obj": {"type": "LogFloats", "path": ["monitoring", "4d72a671", "memory"], "values": [{"value": 8.002605438232422, "step": null, "ts": 1712261424.789557}]}, "version": 1702, "at": 1712261424.793819}
{"obj": {"type": "LogFloats", "path": ["monitoring", "4d72a671", "cpu"], "values": [{"value": 16.0, "step": null, "ts": 1712261434.801717}]}, "version": 1703, "at": 1712261434.80201}
{"obj": {"type": "LogFloats", "path": ["monitoring", "4d72a671", "memory"], "values": [{"value": 8.062908172607422, "step": null, "ts": 1712261434.801717}]}, "version": 1704, "at": 1712261434.8105228}
{"obj": {"type": "LogFloats", "path": ["monitoring", "4d72a671", "cpu"], "values": [{"value": 15.1, "step": null, "ts": 1712261444.817852}]}, "version": 1705, "at": 1712261444.818091}
{"obj": {"type": "LogFloats", "path": ["monitoring", "4d72a671", "memory"], "values": [{"value": 8.056507110595703, "step": null, "ts": 1712261444.817852}]}, "version": 1706, "at": 1712261444.824369}
{"obj": {"type": "LogFloats", "path": ["monitoring", "4d72a671", "cpu"], "values": [{"value": 16.4, "step": null, "ts": 1712261454.83285}]}, "version": 1707, "at": 1712261454.8331141}
{"obj": {"type": "LogFloats", "path": ["monitoring", "4d72a671", "memory"], "values": [{"value": 8.083065032958984, "step": null, "ts": 1712261454.83285}]}, "version": 1708, "at": 1712261454.840986}
{"obj": {"type": "LogFloats", "path": ["monitoring", "4d72a671", "cpu"], "values": [{"value": 15.8, "step": null, "ts": 1712261464.847397}]}, "version": 1709, "at": 1712261464.847659}
{"obj": {"type": "LogFloats", "path": ["monitoring", "4d72a671", "memory"], "values": [{"value": 8.077384948730469, "step": null, "ts": 1712261464.847397}]}, "version": 1710, "at": 1712261464.852559}
{"obj": {"type": "LogFloats", "path": ["monitoring", "4d72a671", "cpu"], "values": [{"value": 15.0, "step": null, "ts": 1712261474.862367}]}, "version": 1711, "at": 1712261474.862646}
{"obj": {"type": "LogFloats", "path": ["monitoring", "4d72a671", "memory"], "values": [{"value": 8.082386016845703, "step": null, "ts": 1712261474.862367}]}, "version": 1712, "at": 1712261474.871715}
{"obj": {"type": "LogFloats", "path": ["monitoring", "4d72a671", "cpu"], "values": [{"value": 16.8, "step": null, "ts": 1712261484.879148}]}, "version": 1713, "at": 1712261484.879362}
{"obj": {"type": "LogFloats", "path": ["monitoring", "4d72a671", "memory"], "values": [{"value": 8.108230590820312, "step": null, "ts": 1712261484.879148}]}, "version": 1714, "at": 1712261484.884598}
{"obj": {"type": "LogFloats", "path": ["monitoring", "4d72a671", "cpu"], "values": [{"value": 16.8, "step": null, "ts": 1712261494.891037}]}, "version": 1715, "at": 1712261494.8912482}
{"obj": {"type": "LogFloats", "path": ["monitoring", "4d72a671", "memory"], "values": [{"value": 8.146522521972656, "step": null, "ts": 1712261494.891037}]}, "version": 1716, "at": 1712261494.89975}
{"obj": {"type": "LogFloats", "path": ["monitoring", "4d72a671", "cpu"], "values": [{"value": 14.7, "step": null, "ts": 1712261504.908917}]}, "version": 1717, "at": 1712261504.90915}
{"obj": {"type": "LogFloats", "path": ["monitoring", "4d72a671", "memory"], "values": [{"value": 8.13290023803711, "step": null, "ts": 1712261504.908917}]}, "version": 1718, "at": 1712261504.920507}
{"obj": {"type": "LogFloats", "path": ["monitoring", "4d72a671", "cpu"], "values": [{"value": 14.8, "step": null, "ts": 1712261514.929837}]}, "version": 1719, "at": 1712261514.9301}
{"obj": {"type": "LogFloats", "path": ["monitoring", "4d72a671", "memory"], "values": [{"value": 8.13485336303711, "step": null, "ts": 1712261514.929837}]}, "version": 1720, "at": 1712261514.935723}
{"obj": {"type": "LogFloats", "path": ["monitoring", "4d72a671", "cpu"], "values": [{"value": 14.9, "step": null, "ts": 1712261524.94505}]}, "version": 1721, "at": 1712261524.945287}
{"obj": {"type": "LogFloats", "path": ["monitoring", "4d72a671", "memory"], "values": [{"value": 8.136688232421875, "step": null, "ts": 1712261524.94505}]}, "version": 1722, "at": 1712261524.95359}
{"obj": {"type": "LogFloats", "path": ["monitoring", "4d72a671", "cpu"], "values": [{"value": 14.8, "step": null, "ts": 1712261534.962108}]}, "version": 1723, "at": 1712261534.9623628}
{"obj": {"type": "LogFloats", "path": ["monitoring", "4d72a671", "memory"], "values": [{"value": 8.133121490478516, "step": null, "ts": 1712261534.962108}]}, "version": 1724, "at": 1712261534.971037}
{"obj": {"type": "LogFloats", "path": ["monitoring", "4d72a671", "cpu"], "values": [{"value": 15.0, "step": null, "ts": 1712261544.98051}]}, "version": 1725, "at": 1712261544.980778}
{"obj": {"type": "LogFloats", "path": ["monitoring", "4d72a671", "memory"], "values": [{"value": 8.134563446044922, "step": null, "ts": 1712261544.98051}]}, "version": 1726, "at": 1712261544.985258}
{"obj": {"type": "LogFloats", "path": ["monitoring", "4d72a671", "cpu"], "values": [{"value": 14.9, "step": null, "ts": 1712261554.98899}]}, "version": 1727, "at": 1712261554.9892402}
{"obj": {"type": "LogFloats", "path": ["monitoring", "4d72a671", "memory"], "values": [{"value": 8.133171081542969, "step": null, "ts": 1712261554.98899}]}, "version": 1728, "at": 1712261555.003356}
{"obj": {"type": "LogFloats", "path": ["monitoring", "4d72a671", "cpu"], "values": [{"value": 15.1, "step": null, "ts": 1712261565.004014}]}, "version": 1729, "at": 1712261565.004294}
{"obj": {"type": "LogFloats", "path": ["monitoring", "4d72a671", "memory"], "values": [{"value": 8.138526916503906, "step": null, "ts": 1712261565.004014}]}, "version": 1730, "at": 1712261565.004637}
{"obj": {"type": "LogFloats", "path": ["monitoring", "4d72a671", "cpu"], "values": [{"value": 15.7, "step": null, "ts": 1712261575.012649}]}, "version": 1731, "at": 1712261575.0128489}
{"obj": {"type": "LogFloats", "path": ["monitoring", "4d72a671", "memory"], "values": [{"value": 8.141681671142578, "step": null, "ts": 1712261575.012649}]}, "version": 1732, "at": 1712261575.0130181}
{"obj": {"type": "LogFloats", "path": ["monitoring", "4d72a671", "cpu"], "values": [{"value": 16.0, "step": null, "ts": 1712261585.017668}]}, "version": 1733, "at": 1712261585.017923}
{"obj": {"type": "LogFloats", "path": ["monitoring", "4d72a671", "memory"], "values": [{"value": 8.152687072753906, "step": null, "ts": 1712261585.017668}]}, "version": 1734, "at": 1712261585.018146}
{"obj": {"type": "LogFloats", "path": ["monitoring", "4d72a671", "cpu"], "values": [{"value": 15.0, "step": null, "ts": 1712261595.021425}]}, "version": 1735, "at": 1712261595.021676}
{"obj": {"type": "LogFloats", "path": ["monitoring", "4d72a671", "memory"], "values": [{"value": 8.152336120605469, "step": null, "ts": 1712261595.021425}]}, "version": 1736, "at": 1712261595.021888}
{"obj": {"type": "LogFloats", "path": ["monitoring", "4d72a671", "cpu"], "values": [{"value": 14.5, "step": null, "ts": 1712261605.031775}]}, "version": 1737, "at": 1712261605.0319989}
{"obj": {"type": "LogFloats", "path": ["monitoring", "4d72a671", "memory"], "values": [{"value": 8.1517333984375, "step": null, "ts": 1712261605.031775}]}, "version": 1738, "at": 1712261605.0321898}
{"obj": {"type": "LogFloats", "path": ["monitoring", "4d72a671", "cpu"], "values": [{"value": 14.9, "step": null, "ts": 1712261615.040499}]}, "version": 1739, "at": 1712261615.040705}
{"obj": {"type": "LogFloats", "path": ["monitoring", "4d72a671", "memory"], "values": [{"value": 8.149307250976562, "step": null, "ts": 1712261615.040499}]}, "version": 1740, "at": 1712261615.040928}
{"obj": {"type": "LogFloats", "path": ["monitoring", "4d72a671", "cpu"], "values": [{"value": 14.6, "step": null, "ts": 1712261625.048699}]}, "version": 1741, "at": 1712261625.048896}
{"obj": {"type": "LogFloats", "path": ["monitoring", "4d72a671", "memory"], "values": [{"value": 8.149723052978516, "step": null, "ts": 1712261625.048699}]}, "version": 1742, "at": 1712261625.049067}
{"obj": {"type": "LogFloats", "path": ["monitoring", "4d72a671", "cpu"], "values": [{"value": 14.6, "step": null, "ts": 1712261635.054935}]}, "version": 1743, "at": 1712261635.055167}
{"obj": {"type": "LogFloats", "path": ["monitoring", "4d72a671", "memory"], "values": [{"value": 8.14944076538086, "step": null, "ts": 1712261635.054935}]}, "version": 1744, "at": 1712261635.055338}
{"obj": {"type": "LogFloats", "path": ["monitoring", "4d72a671", "cpu"], "values": [{"value": 15.1, "step": null, "ts": 1712261645.0657358}]}, "version": 1745, "at": 1712261645.065974}
{"obj": {"type": "LogFloats", "path": ["monitoring", "4d72a671", "memory"], "values": [{"value": 8.158145904541016, "step": null, "ts": 1712261645.0657358}]}, "version": 1746, "at": 1712261645.066151}
{"obj": {"type": "LogFloats", "path": ["monitoring", "4d72a671", "cpu"], "values": [{"value": 14.9, "step": null, "ts": 1712261655.066946}]}, "version": 1747, "at": 1712261655.067146}
{"obj": {"type": "LogFloats", "path": ["monitoring", "4d72a671", "memory"], "values": [{"value": 8.173992156982422, "step": null, "ts": 1712261655.066946}]}, "version": 1748, "at": 1712261655.06732}
{"obj": {"type": "LogFloats", "path": ["monitoring", "4d72a671", "cpu"], "values": [{"value": 15.2, "step": null, "ts": 1712261665.0713038}]}, "version": 1749, "at": 1712261665.0715442}
{"obj": {"type": "LogFloats", "path": ["monitoring", "4d72a671", "memory"], "values": [{"value": 8.166549682617188, "step": null, "ts": 1712261665.0713038}]}, "version": 1750, "at": 1712261665.071759}
{"obj": {"type": "LogFloats", "path": ["monitoring", "4d72a671", "cpu"], "values": [{"value": 15.1, "step": null, "ts": 1712261675.076013}]}, "version": 1751, "at": 1712261675.076349}
{"obj": {"type": "LogFloats", "path": ["monitoring", "4d72a671", "memory"], "values": [{"value": 8.175785064697266, "step": null, "ts": 1712261675.076013}]}, "version": 1752, "at": 1712261675.076543}
{"obj": {"type": "LogFloats", "path": ["monitoring", "4d72a671", "cpu"], "values": [{"value": 14.7, "step": null, "ts": 1712261685.087026}]}, "version": 1753, "at": 1712261685.087251}
{"obj": {"type": "LogFloats", "path": ["monitoring", "4d72a671", "memory"], "values": [{"value": 8.17605972290039, "step": null, "ts": 1712261685.087026}]}, "version": 1754, "at": 1712261685.087451}
{"obj": {"type": "LogFloats", "path": ["monitoring", "4d72a671", "cpu"], "values": [{"value": 14.9, "step": null, "ts": 1712261695.091423}]}, "version": 1755, "at": 1712261695.091638}
{"obj": {"type": "LogFloats", "path": ["monitoring", "4d72a671", "memory"], "values": [{"value": 8.176738739013672, "step": null, "ts": 1712261695.091423}]}, "version": 1756, "at": 1712261695.091819}
{"obj": {"type": "LogFloats", "path": ["monitoring", "4d72a671", "cpu"], "values": [{"value": 14.8, "step": null, "ts": 1712261705.100584}]}, "version": 1757, "at": 1712261705.1008}
{"obj": {"type": "LogFloats", "path": ["monitoring", "4d72a671", "memory"], "values": [{"value": 8.181774139404297, "step": null, "ts": 1712261705.100584}]}, "version": 1758, "at": 1712261705.100995}
{"obj": {"type": "LogFloats", "path": ["monitoring", "4d72a671", "cpu"], "values": [{"value": 16.7, "step": null, "ts": 1712261715.106257}]}, "version": 1759, "at": 1712261715.1064608}
{"obj": {"type": "LogFloats", "path": ["monitoring", "4d72a671", "memory"], "values": [{"value": 8.181400299072266, "step": null, "ts": 1712261715.106257}]}, "version": 1760, "at": 1712261715.106635}
{"obj": {"type": "LogFloats", "path": ["monitoring", "4d72a671", "cpu"], "values": [{"value": 15.2, "step": null, "ts": 1712261725.114316}]}, "version": 1761, "at": 1712261725.114555}
{"obj": {"type": "LogFloats", "path": ["monitoring", "4d72a671", "memory"], "values": [{"value": 8.181804656982422, "step": null, "ts": 1712261725.114316}]}, "version": 1762, "at": 1712261725.114731}
{"obj": {"type": "LogFloats", "path": ["monitoring", "4d72a671", "cpu"], "values": [{"value": 15.3, "step": null, "ts": 1712261735.1186628}]}, "version": 1763, "at": 1712261735.118901}
{"obj": {"type": "LogFloats", "path": ["monitoring", "4d72a671", "memory"], "values": [{"value": 8.208881378173828, "step": null, "ts": 1712261735.1186628}]}, "version": 1764, "at": 1712261735.1190772}
{"obj": {"type": "LogFloats", "path": ["monitoring", "4d72a671", "cpu"], "values": [{"value": 14.8, "step": null, "ts": 1712261745.12948}]}, "version": 1765, "at": 1712261745.129726}
{"obj": {"type": "LogFloats", "path": ["monitoring", "4d72a671", "memory"], "values": [{"value": 8.21303939819336, "step": null, "ts": 1712261745.12948}]}, "version": 1766, "at": 1712261745.129898}
{"obj": {"type": "LogFloats", "path": ["monitoring", "4d72a671", "cpu"], "values": [{"value": 15.0, "step": null, "ts": 1712261755.135201}]}, "version": 1767, "at": 1712261755.1354089}
{"obj": {"type": "LogFloats", "path": ["monitoring", "4d72a671", "memory"], "values": [{"value": 8.216175079345703, "step": null, "ts": 1712261755.135201}]}, "version": 1768, "at": 1712261755.135593}
{"obj": {"type": "LogFloats", "path": ["monitoring", "4d72a671", "cpu"], "values": [{"value": 15.1, "step": null, "ts": 1712261765.1459908}]}, "version": 1769, "at": 1712261765.1461918}
{"obj": {"type": "LogFloats", "path": ["monitoring", "4d72a671", "memory"], "values": [{"value": 8.220161437988281, "step": null, "ts": 1712261765.1459908}]}, "version": 1770, "at": 1712261765.146368}
{"obj": {"type": "LogFloats", "path": ["monitoring", "4d72a671", "cpu"], "values": [{"value": 16.0, "step": null, "ts": 1712261775.1520588}]}, "version": 1771, "at": 1712261775.152265}
{"obj": {"type": "LogFloats", "path": ["monitoring", "4d72a671", "memory"], "values": [{"value": 8.234851837158203, "step": null, "ts": 1712261775.1520588}]}, "version": 1772, "at": 1712261775.152438}
{"obj": {"type": "LogFloats", "path": ["monitoring", "4d72a671", "cpu"], "values": [{"value": 14.6, "step": null, "ts": 1712261785.159065}]}, "version": 1773, "at": 1712261785.1592672}
{"obj": {"type": "LogFloats", "path": ["monitoring", "4d72a671", "memory"], "values": [{"value": 8.231319427490234, "step": null, "ts": 1712261785.159065}]}, "version": 1774, "at": 1712261785.159442}
{"obj": {"type": "LogFloats", "path": ["monitoring", "4d72a671", "cpu"], "values": [{"value": 15.1, "step": null, "ts": 1712261795.169845}]}, "version": 1775, "at": 1712261795.1700852}
{"obj": {"type": "LogFloats", "path": ["monitoring", "4d72a671", "memory"], "values": [{"value": 8.231201171875, "step": null, "ts": 1712261795.169845}]}, "version": 1776, "at": 1712261795.170269}
{"obj": {"type": "LogFloats", "path": ["monitoring", "4d72a671", "cpu"], "values": [{"value": 14.5, "step": null, "ts": 1712261805.180189}]}, "version": 1777, "at": 1712261805.1803908}
{"obj": {"type": "LogFloats", "path": ["monitoring", "4d72a671", "memory"], "values": [{"value": 8.231483459472656, "step": null, "ts": 1712261805.180189}]}, "version": 1778, "at": 1712261805.180651}
{"obj": {"type": "LogFloats", "path": ["monitoring", "4d72a671", "cpu"], "values": [{"value": 14.9, "step": null, "ts": 1712261815.1865559}]}, "version": 1779, "at": 1712261815.18676}
{"obj": {"type": "LogFloats", "path": ["monitoring", "4d72a671", "memory"], "values": [{"value": 8.229774475097656, "step": null, "ts": 1712261815.1865559}]}, "version": 1780, "at": 1712261815.186929}
{"obj": {"type": "LogFloats", "path": ["monitoring", "4d72a671", "cpu"], "values": [{"value": 15.3, "step": null, "ts": 1712261825.1972952}]}, "version": 1781, "at": 1712261825.1974988}
{"obj": {"type": "LogFloats", "path": ["monitoring", "4d72a671", "memory"], "values": [{"value": 8.230785369873047, "step": null, "ts": 1712261825.1972952}]}, "version": 1782, "at": 1712261825.197676}
{"obj": {"type": "LogFloats", "path": ["monitoring", "4d72a671", "cpu"], "values": [{"value": 14.9, "step": null, "ts": 1712261835.2034729}]}, "version": 1783, "at": 1712261835.203712}
{"obj": {"type": "LogFloats", "path": ["monitoring", "4d72a671", "memory"], "values": [{"value": 8.228809356689453, "step": null, "ts": 1712261835.2034729}]}, "version": 1784, "at": 1712261835.203896}
{"obj": {"type": "LogFloats", "path": ["monitoring", "4d72a671", "cpu"], "values": [{"value": 14.7, "step": null, "ts": 1712261845.205798}]}, "version": 1785, "at": 1712261845.206026}
{"obj": {"type": "LogFloats", "path": ["monitoring", "4d72a671", "memory"], "values": [{"value": 8.2283935546875, "step": null, "ts": 1712261845.205798}]}, "version": 1786, "at": 1712261845.206243}
{"obj": {"type": "LogFloats", "path": ["monitoring", "4d72a671", "cpu"], "values": [{"value": 15.0, "step": null, "ts": 1712261855.214171}]}, "version": 1787, "at": 1712261855.2144132}
{"obj": {"type": "LogFloats", "path": ["monitoring", "4d72a671", "memory"], "values": [{"value": 8.232002258300781, "step": null, "ts": 1712261855.214171}]}, "version": 1788, "at": 1712261855.214591}
{"obj": {"type": "LogFloats", "path": ["monitoring", "4d72a671", "cpu"], "values": [{"value": 14.6, "step": null, "ts": 1712261865.221678}]}, "version": 1789, "at": 1712261865.2219038}
{"obj": {"type": "LogFloats", "path": ["monitoring", "4d72a671", "memory"], "values": [{"value": 8.232219696044922, "step": null, "ts": 1712261865.221678}]}, "version": 1790, "at": 1712261865.222137}
{"obj": {"type": "LogFloats", "path": ["monitoring", "4d72a671", "cpu"], "values": [{"value": 14.9, "step": null, "ts": 1712261875.228561}]}, "version": 1791, "at": 1712261875.2288268}
{"obj": {"type": "LogFloats", "path": ["monitoring", "4d72a671", "memory"], "values": [{"value": 8.235637664794922, "step": null, "ts": 1712261875.228561}]}, "version": 1792, "at": 1712261875.229034}
{"obj": {"type": "LogFloats", "path": ["monitoring", "4d72a671", "cpu"], "values": [{"value": 15.5, "step": null, "ts": 1712261885.238081}]}, "version": 1793, "at": 1712261885.238315}
{"obj": {"type": "LogFloats", "path": ["monitoring", "4d72a671", "memory"], "values": [{"value": 8.23480224609375, "step": null, "ts": 1712261885.238081}]}, "version": 1794, "at": 1712261885.2385018}
{"obj": {"type": "LogFloats", "path": ["monitoring", "4d72a671", "cpu"], "values": [{"value": 15.4, "step": null, "ts": 1712261895.243705}]}, "version": 1795, "at": 1712261895.243943}
{"obj": {"type": "LogFloats", "path": ["monitoring", "4d72a671", "memory"], "values": [{"value": 8.235652923583984, "step": null, "ts": 1712261895.243705}]}, "version": 1796, "at": 1712261895.244116}
{"obj": {"type": "LogFloats", "path": ["monitoring", "4d72a671", "cpu"], "values": [{"value": 14.5, "step": null, "ts": 1712261905.254459}]}, "version": 1797, "at": 1712261905.254666}
{"obj": {"type": "LogFloats", "path": ["monitoring", "4d72a671", "memory"], "values": [{"value": 8.236011505126953, "step": null, "ts": 1712261905.254459}]}, "version": 1798, "at": 1712261905.2548501}
{"obj": {"type": "LogFloats", "path": ["monitoring", "4d72a671", "cpu"], "values": [{"value": 14.8, "step": null, "ts": 1712261915.259857}]}, "version": 1799, "at": 1712261915.260108}
{"obj": {"type": "LogFloats", "path": ["monitoring", "4d72a671", "memory"], "values": [{"value": 8.237449645996094, "step": null, "ts": 1712261915.259857}]}, "version": 1800, "at": 1712261915.2602959}
{"obj": {"type": "LogFloats", "path": ["monitoring", "4d72a671", "cpu"], "values": [{"value": 14.8, "step": null, "ts": 1712261925.2707572}]}, "version": 1801, "at": 1712261925.270968}
{"obj": {"type": "LogFloats", "path": ["monitoring", "4d72a671", "memory"], "values": [{"value": 8.238384246826172, "step": null, "ts": 1712261925.2707572}]}, "version": 1802, "at": 1712261925.271151}
{"obj": {"type": "LogFloats", "path": ["monitoring", "4d72a671", "cpu"], "values": [{"value": 14.5, "step": null, "ts": 1712261935.273393}]}, "version": 1803, "at": 1712261935.273611}
{"obj": {"type": "LogFloats", "path": ["monitoring", "4d72a671", "memory"], "values": [{"value": 8.243881225585938, "step": null, "ts": 1712261935.273393}]}, "version": 1804, "at": 1712261935.273818}
{"obj": {"type": "LogFloats", "path": ["monitoring", "4d72a671", "cpu"], "values": [{"value": 15.1, "step": null, "ts": 1712261945.284252}]}, "version": 1805, "at": 1712261945.28445}
{"obj": {"type": "LogFloats", "path": ["monitoring", "4d72a671", "memory"], "values": [{"value": 8.240100860595703, "step": null, "ts": 1712261945.284252}]}, "version": 1806, "at": 1712261945.284621}
{"obj": {"type": "LogFloats", "path": ["monitoring", "4d72a671", "cpu"], "values": [{"value": 14.9, "step": null, "ts": 1712261955.294077}]}, "version": 1807, "at": 1712261955.294345}
{"obj": {"type": "LogFloats", "path": ["monitoring", "4d72a671", "memory"], "values": [{"value": 8.24661636352539, "step": null, "ts": 1712261955.294077}]}, "version": 1808, "at": 1712261955.294535}
{"obj": {"type": "LogFloats", "path": ["monitoring", "4d72a671", "cpu"], "values": [{"value": 14.6, "step": null, "ts": 1712261965.3001459}]}, "version": 1809, "at": 1712261965.3003678}
{"obj": {"type": "LogFloats", "path": ["monitoring", "4d72a671", "memory"], "values": [{"value": 8.255142211914062, "step": null, "ts": 1712261965.3001459}]}, "version": 1810, "at": 1712261965.300558}
{"obj": {"type": "LogFloats", "path": ["monitoring", "4d72a671", "cpu"], "values": [{"value": 15.0, "step": null, "ts": 1712261975.3065689}]}, "version": 1811, "at": 1712261975.306782}
{"obj": {"type": "LogFloats", "path": ["monitoring", "4d72a671", "memory"], "values": [{"value": 8.254180908203125, "step": null, "ts": 1712261975.3065689}]}, "version": 1812, "at": 1712261975.306962}
{"obj": {"type": "LogFloats", "path": ["monitoring", "4d72a671", "cpu"], "values": [{"value": 14.8, "step": null, "ts": 1712261985.314401}]}, "version": 1813, "at": 1712261985.31461}
{"obj": {"type": "LogFloats", "path": ["monitoring", "4d72a671", "memory"], "values": [{"value": 8.256553649902344, "step": null, "ts": 1712261985.314401}]}, "version": 1814, "at": 1712261985.3147898}
{"obj": {"type": "LogFloats", "path": ["monitoring", "4d72a671", "cpu"], "values": [{"value": 14.6, "step": null, "ts": 1712261995.323669}]}, "version": 1815, "at": 1712261995.323946}
{"obj": {"type": "LogFloats", "path": ["monitoring", "4d72a671", "memory"], "values": [{"value": 8.257759094238281, "step": null, "ts": 1712261995.323669}]}, "version": 1816, "at": 1712261995.32412}
{"obj": {"type": "LogFloats", "path": ["monitoring", "4d72a671", "cpu"], "values": [{"value": 14.8, "step": null, "ts": 1712262005.32779}]}, "version": 1817, "at": 1712262005.3280158}
{"obj": {"type": "LogFloats", "path": ["monitoring", "4d72a671", "memory"], "values": [{"value": 8.254711151123047, "step": null, "ts": 1712262005.32779}]}, "version": 1818, "at": 1712262005.32823}
{"obj": {"type": "LogFloats", "path": ["monitoring", "4d72a671", "cpu"], "values": [{"value": 16.4, "step": null, "ts": 1712262015.335799}]}, "version": 1819, "at": 1712262015.3360388}
{"obj": {"type": "LogFloats", "path": ["monitoring", "4d72a671", "memory"], "values": [{"value": 8.254352569580078, "step": null, "ts": 1712262015.335799}]}, "version": 1820, "at": 1712262015.336229}
{"obj": {"type": "LogFloats", "path": ["monitoring", "4d72a671", "cpu"], "values": [{"value": 14.6, "step": null, "ts": 1712262025.3412962}]}, "version": 1821, "at": 1712262025.3415082}
{"obj": {"type": "LogFloats", "path": ["monitoring", "4d72a671", "memory"], "values": [{"value": 8.251075744628906, "step": null, "ts": 1712262025.3412962}]}, "version": 1822, "at": 1712262025.3416908}
{"obj": {"type": "LogFloats", "path": ["monitoring", "4d72a671", "cpu"], "values": [{"value": 14.6, "step": null, "ts": 1712262035.346892}]}, "version": 1823, "at": 1712262035.347096}
{"obj": {"type": "LogFloats", "path": ["monitoring", "4d72a671", "memory"], "values": [{"value": 8.256664276123047, "step": null, "ts": 1712262035.346892}]}, "version": 1824, "at": 1712262035.3472798}
{"obj": {"type": "LogFloats", "path": ["monitoring", "4d72a671", "cpu"], "values": [{"value": 14.7, "step": null, "ts": 1712262045.352126}]}, "version": 1825, "at": 1712262045.3523278}
{"obj": {"type": "LogFloats", "path": ["monitoring", "4d72a671", "memory"], "values": [{"value": 8.252265930175781, "step": null, "ts": 1712262045.352126}]}, "version": 1826, "at": 1712262045.352587}
{"obj": {"type": "LogFloats", "path": ["monitoring", "4d72a671", "cpu"], "values": [{"value": 14.6, "step": null, "ts": 1712262055.3583639}]}, "version": 1827, "at": 1712262055.358577}
{"obj": {"type": "LogFloats", "path": ["monitoring", "4d72a671", "memory"], "values": [{"value": 8.249183654785156, "step": null, "ts": 1712262055.3583639}]}, "version": 1828, "at": 1712262055.358763}
{"obj": {"type": "LogFloats", "path": ["monitoring", "4d72a671", "cpu"], "values": [{"value": 17.5, "step": null, "ts": 1712262065.362545}]}, "version": 1829, "at": 1712262065.3627882}
{"obj": {"type": "LogFloats", "path": ["monitoring", "4d72a671", "memory"], "values": [{"value": 8.298091888427734, "step": null, "ts": 1712262065.362545}]}, "version": 1830, "at": 1712262065.363038}
{"obj": {"type": "LogFloats", "path": ["monitoring", "4d72a671", "cpu"], "values": [{"value": 15.7, "step": null, "ts": 1712262075.364276}]}, "version": 1831, "at": 1712262075.3644989}
{"obj": {"type": "LogFloats", "path": ["monitoring", "4d72a671", "memory"], "values": [{"value": 8.298141479492188, "step": null, "ts": 1712262075.364276}]}, "version": 1832, "at": 1712262075.364683}
{"obj": {"type": "LogFloats", "path": ["monitoring", "4d72a671", "cpu"], "values": [{"value": 15.4, "step": null, "ts": 1712262085.3750982}]}, "version": 1833, "at": 1712262085.375333}
{"obj": {"type": "LogFloats", "path": ["monitoring", "4d72a671", "memory"], "values": [{"value": 8.29925537109375, "step": null, "ts": 1712262085.3750982}]}, "version": 1834, "at": 1712262085.375596}
{"obj": {"type": "LogFloats", "path": ["monitoring", "4d72a671", "cpu"], "values": [{"value": 14.9, "step": null, "ts": 1712262095.386063}]}, "version": 1835, "at": 1712262095.386267}
{"obj": {"type": "LogFloats", "path": ["monitoring", "4d72a671", "memory"], "values": [{"value": 8.297782897949219, "step": null, "ts": 1712262095.386063}]}, "version": 1836, "at": 1712262095.386442}
{"obj": {"type": "LogFloats", "path": ["monitoring", "4d72a671", "cpu"], "values": [{"value": 14.9, "step": null, "ts": 1712262105.393027}]}, "version": 1837, "at": 1712262105.3932421}
{"obj": {"type": "LogFloats", "path": ["monitoring", "4d72a671", "memory"], "values": [{"value": 8.300453186035156, "step": null, "ts": 1712262105.393027}]}, "version": 1838, "at": 1712262105.3934348}
{"obj": {"type": "LogFloats", "path": ["monitoring", "4d72a671", "cpu"], "values": [{"value": 14.6, "step": null, "ts": 1712262115.3983932}]}, "version": 1839, "at": 1712262115.398632}
{"obj": {"type": "LogFloats", "path": ["monitoring", "4d72a671", "memory"], "values": [{"value": 8.300361633300781, "step": null, "ts": 1712262115.3983932}]}, "version": 1840, "at": 1712262115.3988008}
{"obj": {"type": "LogFloats", "path": ["monitoring", "4d72a671", "cpu"], "values": [{"value": 15.1, "step": null, "ts": 1712262125.4002838}]}, "version": 1841, "at": 1712262125.4005299}
{"obj": {"type": "LogFloats", "path": ["monitoring", "4d72a671", "memory"], "values": [{"value": 8.298114776611328, "step": null, "ts": 1712262125.4002838}]}, "version": 1842, "at": 1712262125.4007099}
{"obj": {"type": "LogFloats", "path": ["monitoring", "4d72a671", "cpu"], "values": [{"value": 14.7, "step": null, "ts": 1712262135.410199}]}, "version": 1843, "at": 1712262135.410403}
{"obj": {"type": "LogFloats", "path": ["monitoring", "4d72a671", "memory"], "values": [{"value": 8.298564910888672, "step": null, "ts": 1712262135.410199}]}, "version": 1844, "at": 1712262135.410579}
{"obj": {"type": "LogFloats", "path": ["monitoring", "4d72a671", "cpu"], "values": [{"value": 14.8, "step": null, "ts": 1712262145.420461}]}, "version": 1845, "at": 1712262145.42068}
{"obj": {"type": "LogFloats", "path": ["monitoring", "4d72a671", "memory"], "values": [{"value": 8.30434799194336, "step": null, "ts": 1712262145.420461}]}, "version": 1846, "at": 1712262145.420869}
{"obj": {"type": "LogFloats", "path": ["monitoring", "4d72a671", "cpu"], "values": [{"value": 14.7, "step": null, "ts": 1712262155.4283059}]}, "version": 1847, "at": 1712262155.428551}
{"obj": {"type": "LogFloats", "path": ["monitoring", "4d72a671", "memory"], "values": [{"value": 8.302238464355469, "step": null, "ts": 1712262155.4283059}]}, "version": 1848, "at": 1712262155.428725}
{"obj": {"type": "LogFloats", "path": ["monitoring", "4d72a671", "cpu"], "values": [{"value": 15.4, "step": null, "ts": 1712262165.437473}]}, "version": 1849, "at": 1712262165.4376981}
{"obj": {"type": "LogFloats", "path": ["monitoring", "4d72a671", "memory"], "values": [{"value": 8.329601287841797, "step": null, "ts": 1712262165.437473}]}, "version": 1850, "at": 1712262165.4379032}
{"obj": {"type": "LogFloats", "path": ["monitoring", "4d72a671", "cpu"], "values": [{"value": 14.5, "step": null, "ts": 1712262175.444597}]}, "version": 1851, "at": 1712262175.444863}
{"obj": {"type": "LogFloats", "path": ["monitoring", "4d72a671", "memory"], "values": [{"value": 8.308700561523438, "step": null, "ts": 1712262175.444597}]}, "version": 1852, "at": 1712262175.4450822}
{"obj": {"type": "LogFloats", "path": ["monitoring", "4d72a671", "cpu"], "values": [{"value": 16.0, "step": null, "ts": 1712262185.447797}]}, "version": 1853, "at": 1712262185.448045}
{"obj": {"type": "LogFloats", "path": ["monitoring", "4d72a671", "memory"], "values": [{"value": 8.307186126708984, "step": null, "ts": 1712262185.447797}]}, "version": 1854, "at": 1712262185.448222}
{"obj": {"type": "LogFloats", "path": ["monitoring", "4d72a671", "cpu"], "values": [{"value": 15.5, "step": null, "ts": 1712262195.458581}]}, "version": 1855, "at": 1712262195.458784}
{"obj": {"type": "LogFloats", "path": ["monitoring", "4d72a671", "memory"], "values": [{"value": 8.308250427246094, "step": null, "ts": 1712262195.458581}]}, "version": 1856, "at": 1712262195.4589598}
{"obj": {"type": "LogFloats", "path": ["monitoring", "4d72a671", "cpu"], "values": [{"value": 14.6, "step": null, "ts": 1712262205.46177}]}, "version": 1857, "at": 1712262205.461975}
{"obj": {"type": "LogFloats", "path": ["monitoring", "4d72a671", "memory"], "values": [{"value": 8.309814453125, "step": null, "ts": 1712262205.46177}]}, "version": 1858, "at": 1712262205.462156}
{"obj": {"type": "LogFloats", "path": ["monitoring", "4d72a671", "cpu"], "values": [{"value": 14.8, "step": null, "ts": 1712262215.471309}]}, "version": 1859, "at": 1712262215.4715781}
{"obj": {"type": "LogFloats", "path": ["monitoring", "4d72a671", "memory"], "values": [{"value": 8.308818817138672, "step": null, "ts": 1712262215.471309}]}, "version": 1860, "at": 1712262215.471756}
{"obj": {"type": "LogFloats", "path": ["monitoring", "4d72a671", "cpu"], "values": [{"value": 14.8, "step": null, "ts": 1712262225.4793558}]}, "version": 1861, "at": 1712262225.4795709}
{"obj": {"type": "LogFloats", "path": ["monitoring", "4d72a671", "memory"], "values": [{"value": 8.318134307861328, "step": null, "ts": 1712262225.4793558}]}, "version": 1862, "at": 1712262225.4797928}
{"obj": {"type": "LogFloats", "path": ["monitoring", "4d72a671", "cpu"], "values": [{"value": 14.6, "step": null, "ts": 1712262235.4822552}]}, "version": 1863, "at": 1712262235.4824908}
{"obj": {"type": "LogFloats", "path": ["monitoring", "4d72a671", "memory"], "values": [{"value": 8.314071655273438, "step": null, "ts": 1712262235.4822552}]}, "version": 1864, "at": 1712262235.482669}
{"obj": {"type": "LogFloats", "path": ["monitoring", "4d72a671", "cpu"], "values": [{"value": 15.2, "step": null, "ts": 1712262245.493016}]}, "version": 1865, "at": 1712262245.4932349}
{"obj": {"type": "LogFloats", "path": ["monitoring", "4d72a671", "memory"], "values": [{"value": 8.316268920898438, "step": null, "ts": 1712262245.493016}]}, "version": 1866, "at": 1712262245.493461}
{"obj": {"type": "LogFloats", "path": ["monitoring", "4d72a671", "cpu"], "values": [{"value": 14.8, "step": null, "ts": 1712262255.4964092}]}, "version": 1867, "at": 1712262255.496629}
{"obj": {"type": "LogFloats", "path": ["monitoring", "4d72a671", "memory"], "values": [{"value": 8.3211669921875, "step": null, "ts": 1712262255.4964092}]}, "version": 1868, "at": 1712262255.496819}
{"obj": {"type": "LogFloats", "path": ["monitoring", "4d72a671", "cpu"], "values": [{"value": 28.9, "step": null, "ts": 1712262265.497633}]}, "version": 1869, "at": 1712262265.497965}
{"obj": {"type": "LogFloats", "path": ["monitoring", "4d72a671", "memory"], "values": [{"value": 8.760894775390625, "step": null, "ts": 1712262265.497633}]}, "version": 1870, "at": 1712262265.506805}
{"obj": {"type": "LogFloats", "path": ["monitoring", "4d72a671", "cpu"], "values": [{"value": 40.0, "step": null, "ts": 1712262275.511494}]}, "version": 1871, "at": 1712262275.511728}
{"obj": {"type": "LogFloats", "path": ["monitoring", "4d72a671", "memory"], "values": [{"value": 8.985942840576172, "step": null, "ts": 1712262275.511494}]}, "version": 1872, "at": 1712262275.511947}
{"obj": {"type": "LogFloats", "path": ["monitoring", "4d72a671", "cpu"], "values": [{"value": 19.6, "step": null, "ts": 1712262285.513621}]}, "version": 1873, "at": 1712262285.513906}
{"obj": {"type": "LogFloats", "path": ["monitoring", "4d72a671", "memory"], "values": [{"value": 8.766300201416016, "step": null, "ts": 1712262285.513621}]}, "version": 1874, "at": 1712262285.5142982}
{"obj": {"type": "LogFloats", "path": ["monitoring", "4d72a671", "cpu"], "values": [{"value": 31.7, "step": null, "ts": 1712262295.515531}]}, "version": 1875, "at": 1712262295.5158489}
{"obj": {"type": "LogFloats", "path": ["monitoring", "4d72a671", "memory"], "values": [{"value": 9.082565307617188, "step": null, "ts": 1712262295.515531}]}, "version": 1876, "at": 1712262295.521015}
{"obj": {"type": "LogFloats", "path": ["monitoring", "4d72a671", "cpu"], "values": [{"value": 29.5, "step": null, "ts": 1712262305.525965}]}, "version": 1877, "at": 1712262305.526201}
{"obj": {"type": "LogFloats", "path": ["monitoring", "4d72a671", "memory"], "values": [{"value": 9.04425048828125, "step": null, "ts": 1712262305.525965}]}, "version": 1878, "at": 1712262305.5264268}
{"obj": {"type": "LogFloats", "path": ["monitoring", "4d72a671", "cpu"], "values": [{"value": 42.6, "step": null, "ts": 1712262315.5292811}]}, "version": 1879, "at": 1712262315.5301151}
{"obj": {"type": "LogFloats", "path": ["monitoring", "4d72a671", "memory"], "values": [{"value": 9.580875396728516, "step": null, "ts": 1712262315.5292811}]}, "version": 1880, "at": 1712262315.530334}
{"obj": {"type": "LogFloats", "path": ["monitoring", "4d72a671", "cpu"], "values": [{"value": 26.2, "step": null, "ts": 1712262325.530837}]}, "version": 1881, "at": 1712262325.5310981}
{"obj": {"type": "LogFloats", "path": ["monitoring", "4d72a671", "memory"], "values": [{"value": 9.679244995117188, "step": null, "ts": 1712262325.530837}]}, "version": 1882, "at": 1712262325.531306}
{"obj": {"type": "LogFloats", "path": ["monitoring", "4d72a671", "cpu"], "values": [{"value": 30.6, "step": null, "ts": 1712262335.5347662}]}, "version": 1883, "at": 1712262335.534979}
{"obj": {"type": "LogFloats", "path": ["monitoring", "4d72a671", "memory"], "values": [{"value": 9.60384750366211, "step": null, "ts": 1712262335.5347662}]}, "version": 1884, "at": 1712262335.535167}
{"obj": {"type": "LogFloats", "path": ["monitoring", "4d72a671", "cpu"], "values": [{"value": 24.2, "step": null, "ts": 1712262345.5375848}]}, "version": 1885, "at": 1712262345.5379488}
{"obj": {"type": "LogFloats", "path": ["monitoring", "4d72a671", "memory"], "values": [{"value": 9.438297271728516, "step": null, "ts": 1712262345.5375848}]}, "version": 1886, "at": 1712262345.5381749}
{"obj": {"type": "LogFloats", "path": ["monitoring", "4d72a671", "cpu"], "values": [{"value": 39.5, "step": null, "ts": 1712262355.540458}]}, "version": 1887, "at": 1712262355.540691}
{"obj": {"type": "LogFloats", "path": ["monitoring", "4d72a671", "memory"], "values": [{"value": 9.350154876708984, "step": null, "ts": 1712262355.540458}]}, "version": 1888, "at": 1712262355.5409238}
{"obj": {"type": "LogFloats", "path": ["monitoring", "4d72a671", "cpu"], "values": [{"value": 26.9, "step": null, "ts": 1712262365.546679}]}, "version": 1889, "at": 1712262365.5469491}
{"obj": {"type": "LogFloats", "path": ["monitoring", "4d72a671", "memory"], "values": [{"value": 9.443016052246094, "step": null, "ts": 1712262365.546679}]}, "version": 1890, "at": 1712262365.5472279}
{"obj": {"type": "LogFloats", "path": ["monitoring", "4d72a671", "cpu"], "values": [{"value": 50.1, "step": null, "ts": 1712262375.552355}]}, "version": 1891, "at": 1712262375.552601}
{"obj": {"type": "LogFloats", "path": ["monitoring", "4d72a671", "memory"], "values": [{"value": 9.757171630859375, "step": null, "ts": 1712262375.552355}]}, "version": 1892, "at": 1712262375.5528378}
{"obj": {"type": "LogFloats", "path": ["monitoring", "4d72a671", "cpu"], "values": [{"value": 24.6, "step": null, "ts": 1712262385.558254}]}, "version": 1893, "at": 1712262385.5584772}
{"obj": {"type": "LogFloats", "path": ["monitoring", "4d72a671", "memory"], "values": [{"value": 9.675506591796875, "step": null, "ts": 1712262385.558254}]}, "version": 1894, "at": 1712262385.558701}
{"obj": {"type": "LogFloats", "path": ["monitoring", "4d72a671", "cpu"], "values": [{"value": 24.7, "step": null, "ts": 1712262395.559144}]}, "version": 1895, "at": 1712262395.5594492}
{"obj": {"type": "LogFloats", "path": ["monitoring", "4d72a671", "memory"], "values": [{"value": 9.803661346435547, "step": null, "ts": 1712262395.559144}]}, "version": 1896, "at": 1712262395.559766}
{"obj": {"type": "LogFloats", "path": ["monitoring", "4d72a671", "cpu"], "values": [{"value": 29.9, "step": null, "ts": 1712262405.560357}]}, "version": 1897, "at": 1712262405.5605838}
{"obj": {"type": "LogFloats", "path": ["monitoring", "4d72a671", "memory"], "values": [{"value": 9.828094482421875, "step": null, "ts": 1712262405.560357}]}, "version": 1898, "at": 1712262405.5608478}
{"obj": {"type": "LogFloats", "path": ["monitoring", "4d72a671", "cpu"], "values": [{"value": 41.9, "step": null, "ts": 1712262415.562932}]}, "version": 1899, "at": 1712262415.563147}
{"obj": {"type": "LogFloats", "path": ["monitoring", "4d72a671", "memory"], "values": [{"value": 10.019981384277344, "step": null, "ts": 1712262415.562932}]}, "version": 1900, "at": 1712262415.563383}
{"obj": {"type": "LogFloats", "path": ["monitoring", "4d72a671", "cpu"], "values": [{"value": 27.5, "step": null, "ts": 1712262425.567368}]}, "version": 1901, "at": 1712262425.567584}
{"obj": {"type": "LogFloats", "path": ["monitoring", "4d72a671", "memory"], "values": [{"value": 9.951972961425781, "step": null, "ts": 1712262425.567368}]}, "version": 1902, "at": 1712262425.567766}
{"obj": {"type": "LogFloats", "path": ["monitoring", "4d72a671", "cpu"], "values": [{"value": 36.1, "step": null, "ts": 1712262435.570092}]}, "version": 1903, "at": 1712262435.570397}
{"obj": {"type": "LogFloats", "path": ["monitoring", "4d72a671", "memory"], "values": [{"value": 10.202522277832031, "step": null, "ts": 1712262435.570092}]}, "version": 1904, "at": 1712262435.570833}
{"obj": {"type": "LogFloats", "path": ["monitoring", "4d72a671", "cpu"], "values": [{"value": 37.2, "step": null, "ts": 1712262445.5738182}]}, "version": 1905, "at": 1712262445.574094}
{"obj": {"type": "LogFloats", "path": ["monitoring", "4d72a671", "memory"], "values": [{"value": 10.068931579589844, "step": null, "ts": 1712262445.5738182}]}, "version": 1906, "at": 1712262445.574343}
{"obj": {"type": "LogFloats", "path": ["monitoring", "4d72a671", "cpu"], "values": [{"value": 19.9, "step": null, "ts": 1712262455.57858}]}, "version": 1907, "at": 1712262455.578794}
{"obj": {"type": "LogFloats", "path": ["monitoring", "4d72a671", "memory"], "values": [{"value": 10.022529602050781, "step": null, "ts": 1712262455.57858}]}, "version": 1908, "at": 1712262455.579019}
{"obj": {"type": "LogFloats", "path": ["monitoring", "4d72a671", "cpu"], "values": [{"value": 20.3, "step": null, "ts": 1712262465.5832589}]}, "version": 1909, "at": 1712262465.583565}
{"obj": {"type": "LogFloats", "path": ["monitoring", "4d72a671", "memory"], "values": [{"value": 9.917842864990234, "step": null, "ts": 1712262465.5832589}]}, "version": 1910, "at": 1712262465.5837498}
{"obj": {"type": "LogFloats", "path": ["monitoring", "4d72a671", "cpu"], "values": [{"value": 25.9, "step": null, "ts": 1712262475.589119}]}, "version": 1911, "at": 1712262475.589507}
{"obj": {"type": "LogFloats", "path": ["monitoring", "4d72a671", "memory"], "values": [{"value": 10.011005401611328, "step": null, "ts": 1712262475.589119}]}, "version": 1912, "at": 1712262475.589859}
{"obj": {"type": "LogFloats", "path": ["monitoring", "4d72a671", "cpu"], "values": [{"value": 22.7, "step": null, "ts": 1712262485.5923882}]}, "version": 1913, "at": 1712262485.5926132}
{"obj": {"type": "LogFloats", "path": ["monitoring", "4d72a671", "memory"], "values": [{"value": 9.932342529296875, "step": null, "ts": 1712262485.5923882}]}, "version": 1914, "at": 1712262485.592895}
{"obj": {"type": "LogFloats", "path": ["monitoring", "4d72a671", "cpu"], "values": [{"value": 22.6, "step": null, "ts": 1712262495.595171}]}, "version": 1915, "at": 1712262495.595359}
{"obj": {"type": "LogFloats", "path": ["monitoring", "4d72a671", "memory"], "values": [{"value": 9.948760986328125, "step": null, "ts": 1712262495.595171}]}, "version": 1916, "at": 1712262495.5955358}
{"obj": {"type": "LogFloats", "path": ["monitoring", "4d72a671", "cpu"], "values": [{"value": 23.8, "step": null, "ts": 1712262505.59984}]}, "version": 1917, "at": 1712262505.60005}
{"obj": {"type": "LogFloats", "path": ["monitoring", "4d72a671", "memory"], "values": [{"value": 10.041744232177734, "step": null, "ts": 1712262505.59984}]}, "version": 1918, "at": 1712262505.600244}
{"obj": {"type": "LogFloats", "path": ["monitoring", "4d72a671", "cpu"], "values": [{"value": 19.7, "step": null, "ts": 1712262515.602195}]}, "version": 1919, "at": 1712262515.60241}
{"obj": {"type": "LogFloats", "path": ["monitoring", "4d72a671", "memory"], "values": [{"value": 9.856884002685547, "step": null, "ts": 1712262515.602195}]}, "version": 1920, "at": 1712262515.6026251}
{"obj": {"type": "LogFloats", "path": ["monitoring", "4d72a671", "cpu"], "values": [{"value": 14.6, "step": null, "ts": 1712262525.606797}]}, "version": 1921, "at": 1712262525.607032}
{"obj": {"type": "LogFloats", "path": ["monitoring", "4d72a671", "memory"], "values": [{"value": 9.788776397705078, "step": null, "ts": 1712262525.606797}]}, "version": 1922, "at": 1712262525.6072042}
{"obj": {"type": "LogFloats", "path": ["monitoring", "4d72a671", "cpu"], "values": [{"value": 14.8, "step": null, "ts": 1712262535.6117141}]}, "version": 1923, "at": 1712262535.611928}
{"obj": {"type": "LogFloats", "path": ["monitoring", "4d72a671", "memory"], "values": [{"value": 9.697093963623047, "step": null, "ts": 1712262535.6117141}]}, "version": 1924, "at": 1712262535.612115}
{"obj": {"type": "LogFloats", "path": ["monitoring", "4d72a671", "cpu"], "values": [{"value": 17.3, "step": null, "ts": 1712262545.6130629}]}, "version": 1925, "at": 1712262545.613305}
{"obj": {"type": "LogFloats", "path": ["monitoring", "4d72a671", "memory"], "values": [{"value": 9.55410385131836, "step": null, "ts": 1712262545.6130629}]}, "version": 1926, "at": 1712262545.6134982}
{"obj": {"type": "LogFloats", "path": ["monitoring", "4d72a671", "cpu"], "values": [{"value": 15.1, "step": null, "ts": 1712262555.618866}]}, "version": 1927, "at": 1712262555.6190689}
{"obj": {"type": "LogFloats", "path": ["monitoring", "4d72a671", "memory"], "values": [{"value": 9.53866958618164, "step": null, "ts": 1712262555.618866}]}, "version": 1928, "at": 1712262555.619309}
{"obj": {"type": "LogFloats", "path": ["monitoring", "4d72a671", "cpu"], "values": [{"value": 15.0, "step": null, "ts": 1712262565.619754}]}, "version": 1929, "at": 1712262565.619955}
{"obj": {"type": "LogFloats", "path": ["monitoring", "4d72a671", "memory"], "values": [{"value": 9.526897430419922, "step": null, "ts": 1712262565.619754}]}, "version": 1930, "at": 1712262565.62013}
{"obj": {"type": "LogFloats", "path": ["monitoring", "4d72a671", "cpu"], "values": [{"value": 15.4, "step": null, "ts": 1712262575.625535}]}, "version": 1931, "at": 1712262575.625778}
{"obj": {"type": "LogFloats", "path": ["monitoring", "4d72a671", "memory"], "values": [{"value": 9.506278991699219, "step": null, "ts": 1712262575.625535}]}, "version": 1932, "at": 1712262575.6259599}
{"obj": {"type": "LogFloats", "path": ["monitoring", "4d72a671", "cpu"], "values": [{"value": 15.2, "step": null, "ts": 1712262585.629719}]}, "version": 1933, "at": 1712262585.629942}
{"obj": {"type": "LogFloats", "path": ["monitoring", "4d72a671", "memory"], "values": [{"value": 9.463455200195312, "step": null, "ts": 1712262585.629719}]}, "version": 1934, "at": 1712262585.630147}
{"obj": {"type": "LogFloats", "path": ["monitoring", "4d72a671", "cpu"], "values": [{"value": 23.6, "step": null, "ts": 1712262595.631733}]}, "version": 1935, "at": 1712262595.6319208}
{"obj": {"type": "LogFloats", "path": ["monitoring", "4d72a671", "memory"], "values": [{"value": 9.556358337402344, "step": null, "ts": 1712262595.631733}]}, "version": 1936, "at": 1712262595.6321}
{"obj": {"type": "LogFloats", "path": ["monitoring", "4d72a671", "cpu"], "values": [{"value": 31.0, "step": null, "ts": 1712262605.636322}]}, "version": 1937, "at": 1712262605.6365519}
{"obj": {"type": "LogFloats", "path": ["monitoring", "4d72a671", "memory"], "values": [{"value": 9.66153335571289, "step": null, "ts": 1712262605.636322}]}, "version": 1938, "at": 1712262605.636735}
{"obj": {"type": "LogFloats", "path": ["monitoring", "4d72a671", "cpu"], "values": [{"value": 25.5, "step": null, "ts": 1712262615.640724}]}, "version": 1939, "at": 1712262615.640922}
{"obj": {"type": "LogFloats", "path": ["monitoring", "4d72a671", "memory"], "values": [{"value": 9.663047790527344, "step": null, "ts": 1712262615.640724}]}, "version": 1940, "at": 1712262615.64111}
{"obj": {"type": "LogFloats", "path": ["monitoring", "4d72a671", "cpu"], "values": [{"value": 30.0, "step": null, "ts": 1712262625.646438}]}, "version": 1941, "at": 1712262625.6470568}
{"obj": {"type": "LogFloats", "path": ["monitoring", "4d72a671", "memory"], "values": [{"value": 9.67232894897461, "step": null, "ts": 1712262625.646438}]}, "version": 1942, "at": 1712262625.6473868}
{"obj": {"type": "LogFloats", "path": ["monitoring", "4d72a671", "cpu"], "values": [{"value": 35.9, "step": null, "ts": 1712262635.647894}]}, "version": 1943, "at": 1712262635.648174}
{"obj": {"type": "LogFloats", "path": ["monitoring", "4d72a671", "memory"], "values": [{"value": 9.948287963867188, "step": null, "ts": 1712262635.647894}]}, "version": 1944, "at": 1712262635.662692}
{"obj": {"type": "LogFloats", "path": ["monitoring", "4d72a671", "cpu"], "values": [{"value": 35.6, "step": null, "ts": 1712262645.663172}]}, "version": 1945, "at": 1712262645.663458}
{"obj": {"type": "LogFloats", "path": ["monitoring", "4d72a671", "memory"], "values": [{"value": 10.026412963867188, "step": null, "ts": 1712262645.663172}]}, "version": 1946, "at": 1712262645.6637921}
{"obj": {"type": "LogFloats", "path": ["monitoring", "4d72a671", "cpu"], "values": [{"value": 35.1, "step": null, "ts": 1712262655.668323}]}, "version": 1947, "at": 1712262655.668637}
{"obj": {"type": "LogFloats", "path": ["monitoring", "4d72a671", "memory"], "values": [{"value": 10.11722183227539, "step": null, "ts": 1712262655.668323}]}, "version": 1948, "at": 1712262655.668919}
{"obj": {"type": "LogFloats", "path": ["monitoring", "4d72a671", "cpu"], "values": [{"value": 26.3, "step": null, "ts": 1712262665.6721191}]}, "version": 1949, "at": 1712262665.672414}
{"obj": {"type": "LogFloats", "path": ["monitoring", "4d72a671", "memory"], "values": [{"value": 9.96319580078125, "step": null, "ts": 1712262665.6721191}]}, "version": 1950, "at": 1712262665.6726}
{"obj": {"type": "LogFloats", "path": ["monitoring", "4d72a671", "cpu"], "values": [{"value": 27.9, "step": null, "ts": 1712262675.676224}]}, "version": 1951, "at": 1712262675.676415}
{"obj": {"type": "LogFloats", "path": ["monitoring", "4d72a671", "memory"], "values": [{"value": 9.972721099853516, "step": null, "ts": 1712262675.676224}]}, "version": 1952, "at": 1712262675.676598}
{"obj": {"type": "LogFloats", "path": ["monitoring", "4d72a671", "cpu"], "values": [{"value": 24.5, "step": null, "ts": 1712262685.6798}]}, "version": 1953, "at": 1712262685.680018}
{"obj": {"type": "LogFloats", "path": ["monitoring", "4d72a671", "memory"], "values": [{"value": 9.989784240722656, "step": null, "ts": 1712262685.6798}]}, "version": 1954, "at": 1712262685.680192}
{"obj": {"type": "LogFloats", "path": ["monitoring", "4d72a671", "cpu"], "values": [{"value": 26.6, "step": null, "ts": 1712262695.683578}]}, "version": 1955, "at": 1712262695.6838531}
{"obj": {"type": "LogFloats", "path": ["monitoring", "4d72a671", "memory"], "values": [{"value": 10.034568786621094, "step": null, "ts": 1712262695.683578}]}, "version": 1956, "at": 1712262695.684028}
{"obj": {"type": "LogFloats", "path": ["monitoring", "4d72a671", "cpu"], "values": [{"value": 45.5, "step": null, "ts": 1712262705.688183}]}, "version": 1957, "at": 1712262705.688412}
{"obj": {"type": "LogFloats", "path": ["monitoring", "4d72a671", "memory"], "values": [{"value": 10.017982482910156, "step": null, "ts": 1712262705.688183}]}, "version": 1958, "at": 1712262705.7044601}
{"obj": {"type": "LogFloats", "path": ["monitoring", "4d72a671", "cpu"], "values": [{"value": 37.4, "step": null, "ts": 1712262715.7077188}]}, "version": 1959, "at": 1712262715.707912}
{"obj": {"type": "LogFloats", "path": ["monitoring", "4d72a671", "memory"], "values": [{"value": 10.06307601928711, "step": null, "ts": 1712262715.7077188}]}, "version": 1960, "at": 1712262715.708086}
{"obj": {"type": "LogFloats", "path": ["monitoring", "4d72a671", "cpu"], "values": [{"value": 28.9, "step": null, "ts": 1712262725.709425}]}, "version": 1961, "at": 1712262725.7097259}
{"obj": {"type": "LogFloats", "path": ["monitoring", "4d72a671", "memory"], "values": [{"value": 10.097057342529297, "step": null, "ts": 1712262725.709425}]}, "version": 1962, "at": 1712262725.7099001}
{"obj": {"type": "LogFloats", "path": ["monitoring", "4d72a671", "cpu"], "values": [{"value": 32.9, "step": null, "ts": 1712262735.715224}]}, "version": 1963, "at": 1712262735.7154078}
{"obj": {"type": "LogFloats", "path": ["monitoring", "4d72a671", "memory"], "values": [{"value": 10.063953399658203, "step": null, "ts": 1712262735.715224}]}, "version": 1964, "at": 1712262735.7156081}
{"obj": {"type": "LogFloats", "path": ["monitoring", "4d72a671", "cpu"], "values": [{"value": 24.6, "step": null, "ts": 1712262745.717788}]}, "version": 1965, "at": 1712262745.7181308}
{"obj": {"type": "LogFloats", "path": ["monitoring", "4d72a671", "memory"], "values": [{"value": 10.04922103881836, "step": null, "ts": 1712262745.717788}]}, "version": 1966, "at": 1712262745.7185762}
{"obj": {"type": "LogFloats", "path": ["monitoring", "4d72a671", "cpu"], "values": [{"value": 22.5, "step": null, "ts": 1712262755.7233632}]}, "version": 1967, "at": 1712262755.723657}
{"obj": {"type": "LogFloats", "path": ["monitoring", "4d72a671", "memory"], "values": [{"value": 10.086494445800781, "step": null, "ts": 1712262755.7233632}]}, "version": 1968, "at": 1712262755.723837}
{"obj": {"type": "LogFloats", "path": ["monitoring", "4d72a671", "cpu"], "values": [{"value": 36.0, "step": null, "ts": 1712262765.728679}]}, "version": 1969, "at": 1712262765.728989}
{"obj": {"type": "LogFloats", "path": ["monitoring", "4d72a671", "memory"], "values": [{"value": 10.308773040771484, "step": null, "ts": 1712262765.728679}]}, "version": 1970, "at": 1712262765.729239}
{"obj": {"type": "LogFloats", "path": ["monitoring", "4d72a671", "cpu"], "values": [{"value": 51.4, "step": null, "ts": 1712262775.730324}]}, "version": 1971, "at": 1712262775.730643}
{"obj": {"type": "LogFloats", "path": ["monitoring", "4d72a671", "memory"], "values": [{"value": 10.362655639648438, "step": null, "ts": 1712262775.730324}]}, "version": 1972, "at": 1712262775.730996}
{"obj": {"type": "LogFloats", "path": ["monitoring", "4d72a671", "cpu"], "values": [{"value": 46.8, "step": null, "ts": 1712262785.7346601}]}, "version": 1973, "at": 1712262785.734911}
{"obj": {"type": "LogFloats", "path": ["monitoring", "4d72a671", "memory"], "values": [{"value": 10.300182342529297, "step": null, "ts": 1712262785.7346601}]}, "version": 1974, "at": 1712262785.7351701}
{"obj": {"type": "LogFloats", "path": ["monitoring", "4d72a671", "cpu"], "values": [{"value": 36.6, "step": null, "ts": 1712262795.736097}]}, "version": 1975, "at": 1712262795.7362869}
{"obj": {"type": "LogFloats", "path": ["monitoring", "4d72a671", "memory"], "values": [{"value": 10.335742950439453, "step": null, "ts": 1712262795.736097}]}, "version": 1976, "at": 1712262795.736542}
{"obj": {"type": "LogFloats", "path": ["monitoring", "4d72a671", "cpu"], "values": [{"value": 23.8, "step": null, "ts": 1712262805.73741}]}, "version": 1977, "at": 1712262805.737972}
{"obj": {"type": "LogFloats", "path": ["monitoring", "4d72a671", "memory"], "values": [{"value": 9.833526611328125, "step": null, "ts": 1712262805.73741}]}, "version": 1978, "at": 1712262805.738236}
{"obj": {"type": "LogFloats", "path": ["monitoring", "4d72a671", "cpu"], "values": [{"value": 27.4, "step": null, "ts": 1712262815.741392}]}, "version": 1979, "at": 1712262815.741766}
{"obj": {"type": "LogFloats", "path": ["monitoring", "4d72a671", "memory"], "values": [{"value": 9.871063232421875, "step": null, "ts": 1712262815.741392}]}, "version": 1980, "at": 1712262815.7421}
{"obj": {"type": "LogFloats", "path": ["monitoring", "4d72a671", "cpu"], "values": [{"value": 18.9, "step": null, "ts": 1712262825.742631}]}, "version": 1981, "at": 1712262825.7428212}
{"obj": {"type": "LogFloats", "path": ["monitoring", "4d72a671", "memory"], "values": [{"value": 9.780094146728516, "step": null, "ts": 1712262825.742631}]}, "version": 1982, "at": 1712262825.742996}
{"obj": {"type": "LogFloats", "path": ["monitoring", "4d72a671", "cpu"], "values": [{"value": 24.3, "step": null, "ts": 1712262835.745394}]}, "version": 1983, "at": 1712262835.74574}
{"obj": {"type": "LogFloats", "path": ["monitoring", "4d72a671", "memory"], "values": [{"value": 9.731658935546875, "step": null, "ts": 1712262835.745394}]}, "version": 1984, "at": 1712262835.7460349}
{"obj": {"type": "LogFloats", "path": ["monitoring", "4d72a671", "cpu"], "values": [{"value": 28.9, "step": null, "ts": 1712262845.748615}]}, "version": 1985, "at": 1712262845.748888}
{"obj": {"type": "LogFloats", "path": ["monitoring", "4d72a671", "memory"], "values": [{"value": 9.901607513427734, "step": null, "ts": 1712262845.748615}]}, "version": 1986, "at": 1712262845.7490811}
{"obj": {"type": "LogFloats", "path": ["monitoring", "4d72a671", "cpu"], "values": [{"value": 24.4, "step": null, "ts": 1712262855.7539148}]}, "version": 1987, "at": 1712262855.7546}
{"obj": {"type": "LogFloats", "path": ["monitoring", "4d72a671", "memory"], "values": [{"value": 10.129020690917969, "step": null, "ts": 1712262855.7539148}]}, "version": 1988, "at": 1712262855.754848}
{"obj": {"type": "LogFloats", "path": ["monitoring", "4d72a671", "cpu"], "values": [{"value": 25.7, "step": null, "ts": 1712262865.760113}]}, "version": 1989, "at": 1712262865.760414}
{"obj": {"type": "LogFloats", "path": ["monitoring", "4d72a671", "memory"], "values": [{"value": 10.008808135986328, "step": null, "ts": 1712262865.760113}]}, "version": 1990, "at": 1712262865.760588}
{"obj": {"type": "LogFloats", "path": ["monitoring", "4d72a671", "cpu"], "values": [{"value": 26.0, "step": null, "ts": 1712262875.763883}]}, "version": 1991, "at": 1712262875.7640908}
{"obj": {"type": "LogFloats", "path": ["monitoring", "4d72a671", "memory"], "values": [{"value": 9.964405059814453, "step": null, "ts": 1712262875.763883}]}, "version": 1992, "at": 1712262875.76429}
{"obj": {"type": "LogFloats", "path": ["monitoring", "4d72a671", "cpu"], "values": [{"value": 25.0, "step": null, "ts": 1712262885.768641}]}, "version": 1993, "at": 1712262885.7688792}
{"obj": {"type": "LogFloats", "path": ["monitoring", "4d72a671", "memory"], "values": [{"value": 9.96225357055664, "step": null, "ts": 1712262885.768641}]}, "version": 1994, "at": 1712262885.769067}
{"obj": {"type": "LogFloats", "path": ["monitoring", "4d72a671", "cpu"], "values": [{"value": 29.5, "step": null, "ts": 1712262895.770025}]}, "version": 1995, "at": 1712262895.770238}
{"obj": {"type": "LogFloats", "path": ["monitoring", "4d72a671", "memory"], "values": [{"value": 9.942489624023438, "step": null, "ts": 1712262895.770025}]}, "version": 1996, "at": 1712262895.770432}
{"obj": {"type": "LogFloats", "path": ["monitoring", "4d72a671", "cpu"], "values": [{"value": 28.6, "step": null, "ts": 1712262905.772429}]}, "version": 1997, "at": 1712262905.772662}
{"obj": {"type": "LogFloats", "path": ["monitoring", "4d72a671", "memory"], "values": [{"value": 10.020671844482422, "step": null, "ts": 1712262905.772429}]}, "version": 1998, "at": 1712262905.7729769}
{"obj": {"type": "LogFloats", "path": ["monitoring", "4d72a671", "cpu"], "values": [{"value": 38.9, "step": null, "ts": 1712262915.777594}]}, "version": 1999, "at": 1712262915.7780359}
{"obj": {"type": "LogFloats", "path": ["monitoring", "4d72a671", "memory"], "values": [{"value": 9.72442626953125, "step": null, "ts": 1712262915.777594}]}, "version": 2000, "at": 1712262915.7783208}
{"obj": {"type": "LogFloats", "path": ["monitoring", "4d72a671", "cpu"], "values": [{"value": 30.5, "step": null, "ts": 1712262925.781354}]}, "version": 2001, "at": 1712262925.7816288}
{"obj": {"type": "LogFloats", "path": ["monitoring", "4d72a671", "memory"], "values": [{"value": 9.822555541992188, "step": null, "ts": 1712262925.781354}]}, "version": 2002, "at": 1712262925.781829}
{"obj": {"type": "LogFloats", "path": ["monitoring", "4d72a671", "cpu"], "values": [{"value": 27.6, "step": null, "ts": 1712262935.785723}]}, "version": 2003, "at": 1712262935.785919}
{"obj": {"type": "LogFloats", "path": ["monitoring", "4d72a671", "memory"], "values": [{"value": 9.968826293945312, "step": null, "ts": 1712262935.785723}]}, "version": 2004, "at": 1712262935.78611}
{"obj": {"type": "LogFloats", "path": ["monitoring", "4d72a671", "cpu"], "values": [{"value": 26.9, "step": null, "ts": 1712262945.787621}]}, "version": 2005, "at": 1712262945.7878358}
{"obj": {"type": "LogFloats", "path": ["monitoring", "4d72a671", "memory"], "values": [{"value": 9.8125, "step": null, "ts": 1712262945.787621}]}, "version": 2006, "at": 1712262945.7880661}
{"obj": {"type": "LogFloats", "path": ["monitoring", "4d72a671", "cpu"], "values": [{"value": 22.9, "step": null, "ts": 1712262955.7903051}]}, "version": 2007, "at": 1712262955.790596}
{"obj": {"type": "LogFloats", "path": ["monitoring", "4d72a671", "memory"], "values": [{"value": 9.749156951904297, "step": null, "ts": 1712262955.7903051}]}, "version": 2008, "at": 1712262955.790874}
{"obj": {"type": "LogFloats", "path": ["monitoring", "4d72a671", "cpu"], "values": [{"value": 25.4, "step": null, "ts": 1712262965.793917}]}, "version": 2009, "at": 1712262965.794163}
{"obj": {"type": "LogFloats", "path": ["monitoring", "4d72a671", "memory"], "values": [{"value": 9.855754852294922, "step": null, "ts": 1712262965.793917}]}, "version": 2010, "at": 1712262965.794388}
{"obj": {"type": "LogFloats", "path": ["monitoring", "4d72a671", "cpu"], "values": [{"value": 26.5, "step": null, "ts": 1712262975.7985458}]}, "version": 2011, "at": 1712262975.798788}
{"obj": {"type": "LogFloats", "path": ["monitoring", "4d72a671", "memory"], "values": [{"value": 9.846588134765625, "step": null, "ts": 1712262975.7985458}]}, "version": 2012, "at": 1712262975.799072}
{"obj": {"type": "LogFloats", "path": ["monitoring", "4d72a671", "cpu"], "values": [{"value": 22.8, "step": null, "ts": 1712262985.799584}]}, "version": 2013, "at": 1712262985.799797}
{"obj": {"type": "LogFloats", "path": ["monitoring", "4d72a671", "memory"], "values": [{"value": 9.863750457763672, "step": null, "ts": 1712262985.799584}]}, "version": 2014, "at": 1712262985.799971}
{"obj": {"type": "LogFloats", "path": ["monitoring", "4d72a671", "cpu"], "values": [{"value": 17.0, "step": null, "ts": 1712262995.804617}]}, "version": 2015, "at": 1712262995.804904}
{"obj": {"type": "LogFloats", "path": ["monitoring", "4d72a671", "memory"], "values": [{"value": 9.861030578613281, "step": null, "ts": 1712262995.804617}]}, "version": 2016, "at": 1712262995.805102}
{"obj": {"type": "LogFloats", "path": ["monitoring", "4d72a671", "cpu"], "values": [{"value": 16.1, "step": null, "ts": 1712263005.805891}]}, "version": 2017, "at": 1712263005.806119}
{"obj": {"type": "LogFloats", "path": ["monitoring", "4d72a671", "memory"], "values": [{"value": 9.840869903564453, "step": null, "ts": 1712263005.805891}]}, "version": 2018, "at": 1712263005.806304}
{"obj": {"type": "LogFloats", "path": ["monitoring", "4d72a671", "cpu"], "values": [{"value": 14.9, "step": null, "ts": 1712263015.811748}]}, "version": 2019, "at": 1712263015.8119931}
{"obj": {"type": "LogFloats", "path": ["monitoring", "4d72a671", "memory"], "values": [{"value": 9.787601470947266, "step": null, "ts": 1712263015.811748}]}, "version": 2020, "at": 1712263015.812177}
{"obj": {"type": "LogFloats", "path": ["monitoring", "4d72a671", "cpu"], "values": [{"value": 15.3, "step": null, "ts": 1712263025.817012}]}, "version": 2021, "at": 1712263025.81727}
{"obj": {"type": "LogFloats", "path": ["monitoring", "4d72a671", "memory"], "values": [{"value": 9.758228302001953, "step": null, "ts": 1712263025.817012}]}, "version": 2022, "at": 1712263025.817468}
{"obj": {"type": "LogFloats", "path": ["monitoring", "4d72a671", "cpu"], "values": [{"value": 18.6, "step": null, "ts": 1712263035.6461709}]}, "version": 2023, "at": 1712263035.6463912}
{"obj": {"type": "LogFloats", "path": ["monitoring", "4d72a671", "memory"], "values": [{"value": 9.774906158447266, "step": null, "ts": 1712263035.6461709}]}, "version": 2024, "at": 1712263035.646587}
{"obj": {"type": "LogFloats", "path": ["monitoring", "4d72a671", "cpu"], "values": [{"value": 16.1, "step": null, "ts": 1712263045.647074}]}, "version": 2025, "at": 1712263045.6473238}
{"obj": {"type": "LogFloats", "path": ["monitoring", "4d72a671", "memory"], "values": [{"value": 9.774608612060547, "step": null, "ts": 1712263045.647074}]}, "version": 2026, "at": 1712263045.647517}
{"obj": {"type": "LogFloats", "path": ["monitoring", "4d72a671", "cpu"], "values": [{"value": 15.5, "step": null, "ts": 1712263055.652666}]}, "version": 2027, "at": 1712263055.65288}
{"obj": {"type": "LogFloats", "path": ["monitoring", "4d72a671", "memory"], "values": [{"value": 9.752391815185547, "step": null, "ts": 1712263055.652666}]}, "version": 2028, "at": 1712263055.653077}
{"obj": {"type": "LogFloats", "path": ["monitoring", "4d72a671", "cpu"], "values": [{"value": 15.4, "step": null, "ts": 1712263065.653203}]}, "version": 2029, "at": 1712263065.6534028}
{"obj": {"type": "LogFloats", "path": ["monitoring", "4d72a671", "memory"], "values": [{"value": 9.866455078125, "step": null, "ts": 1712263065.653203}]}, "version": 2030, "at": 1712263065.653654}
{"obj": {"type": "LogFloats", "path": ["monitoring", "4d72a671", "cpu"], "values": [{"value": 15.5, "step": null, "ts": 1712263075.65829}]}, "version": 2031, "at": 1712263075.6585221}
{"obj": {"type": "LogFloats", "path": ["monitoring", "4d72a671", "memory"], "values": [{"value": 9.866310119628906, "step": null, "ts": 1712263075.65829}]}, "version": 2032, "at": 1712263075.6587079}
{"obj": {"type": "LogFloats", "path": ["monitoring", "4d72a671", "cpu"], "values": [{"value": 15.2, "step": null, "ts": 1712263085.662598}]}, "version": 2033, "at": 1712263085.662826}
{"obj": {"type": "LogFloats", "path": ["monitoring", "4d72a671", "memory"], "values": [{"value": 9.900806427001953, "step": null, "ts": 1712263085.662598}]}, "version": 2034, "at": 1712263085.6630871}
{"obj": {"type": "LogFloats", "path": ["monitoring", "4d72a671", "cpu"], "values": [{"value": 14.9, "step": null, "ts": 1712263095.664046}]}, "version": 2035, "at": 1712263095.664295}
{"obj": {"type": "LogFloats", "path": ["monitoring", "4d72a671", "memory"], "values": [{"value": 9.899055480957031, "step": null, "ts": 1712263095.664046}]}, "version": 2036, "at": 1712263095.6644769}
{"obj": {"type": "LogFloats", "path": ["monitoring", "4d72a671", "cpu"], "values": [{"value": 15.0, "step": null, "ts": 1712263105.669483}]}, "version": 2037, "at": 1712263105.6696918}
{"obj": {"type": "LogFloats", "path": ["monitoring", "4d72a671", "memory"], "values": [{"value": 9.868209838867188, "step": null, "ts": 1712263105.669483}]}, "version": 2038, "at": 1712263105.669878}
{"obj": {"type": "LogFloats", "path": ["monitoring", "4d72a671", "cpu"], "values": [{"value": 15.1, "step": null, "ts": 1712263115.6716359}]}, "version": 2039, "at": 1712263115.67188}
{"obj": {"type": "LogFloats", "path": ["monitoring", "4d72a671", "memory"], "values": [{"value": 9.951187133789062, "step": null, "ts": 1712263115.6716359}]}, "version": 2040, "at": 1712263115.672071}
{"obj": {"type": "LogFloats", "path": ["monitoring", "4d72a671", "cpu"], "values": [{"value": 14.7, "step": null, "ts": 1712263125.672265}]}, "version": 2041, "at": 1712263125.6724858}
{"obj": {"type": "LogFloats", "path": ["monitoring", "4d72a671", "memory"], "values": [{"value": 9.934711456298828, "step": null, "ts": 1712263125.672265}]}, "version": 2042, "at": 1712263125.672686}
{"obj": {"type": "LogFloats", "path": ["monitoring", "4d72a671", "cpu"], "values": [{"value": 15.5, "step": null, "ts": 1712263135.672766}]}, "version": 2043, "at": 1712263135.672986}
{"obj": {"type": "LogFloats", "path": ["monitoring", "4d72a671", "memory"], "values": [{"value": 9.802543640136719, "step": null, "ts": 1712263135.672766}]}, "version": 2044, "at": 1712263135.6731899}
{"obj": {"type": "LogFloats", "path": ["monitoring", "4d72a671", "cpu"], "values": [{"value": 15.5, "step": null, "ts": 1712263145.675355}]}, "version": 2045, "at": 1712263145.675617}
{"obj": {"type": "LogFloats", "path": ["monitoring", "4d72a671", "memory"], "values": [{"value": 9.8089599609375, "step": null, "ts": 1712263145.675355}]}, "version": 2046, "at": 1712263145.6758258}
{"obj": {"type": "LogFloats", "path": ["monitoring", "4d72a671", "cpu"], "values": [{"value": 15.8, "step": null, "ts": 1712263155.677592}]}, "version": 2047, "at": 1712263155.677839}
{"obj": {"type": "LogFloats", "path": ["monitoring", "4d72a671", "memory"], "values": [{"value": 9.812789916992188, "step": null, "ts": 1712263155.677592}]}, "version": 2048, "at": 1712263155.678032}
{"obj": {"type": "LogFloats", "path": ["monitoring", "4d72a671", "cpu"], "values": [{"value": 15.9, "step": null, "ts": 1712263165.679028}]}, "version": 2049, "at": 1712263165.67937}
{"obj": {"type": "LogFloats", "path": ["monitoring", "4d72a671", "memory"], "values": [{"value": 9.818401336669922, "step": null, "ts": 1712263165.679028}]}, "version": 2050, "at": 1712263165.679617}
{"obj": {"type": "LogFloats", "path": ["monitoring", "4d72a671", "cpu"], "values": [{"value": 15.2, "step": null, "ts": 1712263175.6824372}]}, "version": 2051, "at": 1712263175.68266}
{"obj": {"type": "LogFloats", "path": ["monitoring", "4d72a671", "memory"], "values": [{"value": 9.811317443847656, "step": null, "ts": 1712263175.6824372}]}, "version": 2052, "at": 1712263175.682859}
{"obj": {"type": "LogFloats", "path": ["monitoring", "4d72a671", "cpu"], "values": [{"value": 15.4, "step": null, "ts": 1712263185.6850922}]}, "version": 2053, "at": 1712263185.685316}
{"obj": {"type": "LogFloats", "path": ["monitoring", "4d72a671", "memory"], "values": [{"value": 9.794506072998047, "step": null, "ts": 1712263185.6850922}]}, "version": 2054, "at": 1712263185.685503}
{"obj": {"type": "LogFloats", "path": ["monitoring", "4d72a671", "cpu"], "values": [{"value": 14.6, "step": null, "ts": 1712263195.6888452}]}, "version": 2055, "at": 1712263195.689086}
{"obj": {"type": "LogFloats", "path": ["monitoring", "4d72a671", "memory"], "values": [{"value": 9.796585083007812, "step": null, "ts": 1712263195.6888452}]}, "version": 2056, "at": 1712263195.6893508}
{"obj": {"type": "LogFloats", "path": ["monitoring", "4d72a671", "cpu"], "values": [{"value": 15.1, "step": null, "ts": 1712263205.6943932}]}, "version": 2057, "at": 1712263205.6946151}
{"obj": {"type": "LogFloats", "path": ["monitoring", "4d72a671", "memory"], "values": [{"value": 9.810955047607422, "step": null, "ts": 1712263205.6943932}]}, "version": 2058, "at": 1712263205.6948411}
{"obj": {"type": "LogFloats", "path": ["monitoring", "4d72a671", "cpu"], "values": [{"value": 19.5, "step": null, "ts": 1712263215.694873}]}, "version": 2059, "at": 1712263215.6952}
{"obj": {"type": "LogFloats", "path": ["monitoring", "4d72a671", "memory"], "values": [{"value": 9.989482879638672, "step": null, "ts": 1712263215.694873}]}, "version": 2060, "at": 1712263215.695394}
{"obj": {"type": "LogFloats", "path": ["monitoring", "4d72a671", "cpu"], "values": [{"value": 27.7, "step": null, "ts": 1712263225.6954591}]}, "version": 2061, "at": 1712263225.695754}
{"obj": {"type": "LogFloats", "path": ["monitoring", "4d72a671", "memory"], "values": [{"value": 10.092403411865234, "step": null, "ts": 1712263225.6954591}]}, "version": 2062, "at": 1712263225.6960151}
{"obj": {"type": "LogFloats", "path": ["monitoring", "4d72a671", "cpu"], "values": [{"value": 17.9, "step": null, "ts": 1712263235.700883}]}, "version": 2063, "at": 1712263235.701142}
{"obj": {"type": "LogFloats", "path": ["monitoring", "4d72a671", "memory"], "values": [{"value": 10.082847595214844, "step": null, "ts": 1712263235.700883}]}, "version": 2064, "at": 1712263235.7013419}
{"obj": {"type": "LogFloats", "path": ["monitoring", "4d72a671", "cpu"], "values": [{"value": 17.6, "step": null, "ts": 1712263245.706401}]}, "version": 2065, "at": 1712263245.706608}
{"obj": {"type": "LogFloats", "path": ["monitoring", "4d72a671", "memory"], "values": [{"value": 9.941307067871094, "step": null, "ts": 1712263245.706401}]}, "version": 2066, "at": 1712263245.7067862}
{"obj": {"type": "LogFloats", "path": ["monitoring", "4d72a671", "cpu"], "values": [{"value": 17.5, "step": null, "ts": 1712263255.7107048}]}, "version": 2067, "at": 1712263255.710922}
{"obj": {"type": "LogFloats", "path": ["monitoring", "4d72a671", "memory"], "values": [{"value": 9.934833526611328, "step": null, "ts": 1712263255.7107048}]}, "version": 2068, "at": 1712263255.7111669}
{"obj": {"type": "LogFloats", "path": ["monitoring", "4d72a671", "cpu"], "values": [{"value": 35.0, "step": null, "ts": 1712263265.7152069}]}, "version": 2069, "at": 1712263265.7154748}
{"obj": {"type": "LogFloats", "path": ["monitoring", "4d72a671", "memory"], "values": [{"value": 10.107879638671875, "step": null, "ts": 1712263265.7152069}]}, "version": 2070, "at": 1712263265.715734}
{"obj": {"type": "LogFloats", "path": ["monitoring", "4d72a671", "cpu"], "values": [{"value": 23.1, "step": null, "ts": 1712263275.718246}]}, "version": 2071, "at": 1712263275.7184849}
{"obj": {"type": "LogFloats", "path": ["monitoring", "4d72a671", "memory"], "values": [{"value": 10.0966796875, "step": null, "ts": 1712263275.718246}]}, "version": 2072, "at": 1712263275.718678}
{"obj": {"type": "LogFloats", "path": ["monitoring", "4d72a671", "cpu"], "values": [{"value": 19.6, "step": null, "ts": 1712263285.7201989}]}, "version": 2073, "at": 1712263285.720452}
{"obj": {"type": "LogFloats", "path": ["monitoring", "4d72a671", "memory"], "values": [{"value": 10.088008880615234, "step": null, "ts": 1712263285.7201989}]}, "version": 2074, "at": 1712263285.720694}
{"obj": {"type": "LogFloats", "path": ["monitoring", "4d72a671", "cpu"], "values": [{"value": 21.1, "step": null, "ts": 1712263295.7244449}]}, "version": 2075, "at": 1712263295.724701}
{"obj": {"type": "LogFloats", "path": ["monitoring", "4d72a671", "memory"], "values": [{"value": 10.074836730957031, "step": null, "ts": 1712263295.7244449}]}, "version": 2076, "at": 1712263295.724894}
{"obj": {"type": "LogFloats", "path": ["monitoring", "4d72a671", "cpu"], "values": [{"value": 19.8, "step": null, "ts": 1712263305.728607}]}, "version": 2077, "at": 1712263305.7288241}
{"obj": {"type": "LogFloats", "path": ["monitoring", "4d72a671", "memory"], "values": [{"value": 10.079998016357422, "step": null, "ts": 1712263305.728607}]}, "version": 2078, "at": 1712263305.728999}
{"obj": {"type": "LogFloats", "path": ["monitoring", "4d72a671", "cpu"], "values": [{"value": 20.7, "step": null, "ts": 1712263315.7333078}]}, "version": 2079, "at": 1712263315.7336051}
{"obj": {"type": "LogFloats", "path": ["monitoring", "4d72a671", "memory"], "values": [{"value": 10.331146240234375, "step": null, "ts": 1712263315.7333078}]}, "version": 2080, "at": 1712263315.733939}
{"obj": {"type": "LogFloats", "path": ["monitoring", "4d72a671", "cpu"], "values": [{"value": 29.5, "step": null, "ts": 1712263325.7378821}]}, "version": 2081, "at": 1712263325.738112}
{"obj": {"type": "LogFloats", "path": ["monitoring", "4d72a671", "memory"], "values": [{"value": 10.48983383178711, "step": null, "ts": 1712263325.7378821}]}, "version": 2082, "at": 1712263325.738293}
{"obj": {"type": "LogFloats", "path": ["monitoring", "4d72a671", "cpu"], "values": [{"value": 29.3, "step": null, "ts": 1712263335.7403038}]}, "version": 2083, "at": 1712263335.740524}
{"obj": {"type": "LogFloats", "path": ["monitoring", "4d72a671", "memory"], "values": [{"value": 10.677677154541016, "step": null, "ts": 1712263335.7403038}]}, "version": 2084, "at": 1712263335.740705}
{"obj": {"type": "LogFloats", "path": ["monitoring", "4d72a671", "cpu"], "values": [{"value": 22.1, "step": null, "ts": 1712263345.740942}]}, "version": 2085, "at": 1712263345.741238}
{"obj": {"type": "LogFloats", "path": ["monitoring", "4d72a671", "memory"], "values": [{"value": 10.205642700195312, "step": null, "ts": 1712263345.740942}]}, "version": 2086, "at": 1712263345.7415512}
{"obj": {"type": "LogFloats", "path": ["monitoring", "4d72a671", "cpu"], "values": [{"value": 25.7, "step": null, "ts": 1712263355.7449548}]}, "version": 2087, "at": 1712263355.745204}
{"obj": {"type": "LogFloats", "path": ["monitoring", "4d72a671", "memory"], "values": [{"value": 10.274620056152344, "step": null, "ts": 1712263355.7449548}]}, "version": 2088, "at": 1712263355.7455518}
{"obj": {"type": "LogFloats", "path": ["monitoring", "4d72a671", "cpu"], "values": [{"value": 32.2, "step": null, "ts": 1712263365.749085}]}, "version": 2089, "at": 1712263365.749303}
{"obj": {"type": "LogFloats", "path": ["monitoring", "4d72a671", "memory"], "values": [{"value": 10.551239013671875, "step": null, "ts": 1712263365.749085}]}, "version": 2090, "at": 1712263365.7495198}
{"obj": {"type": "LogFloats", "path": ["monitoring", "4d72a671", "cpu"], "values": [{"value": 17.8, "step": null, "ts": 1712263375.750357}]}, "version": 2091, "at": 1712263375.7505999}
{"obj": {"type": "LogFloats", "path": ["monitoring", "4d72a671", "memory"], "values": [{"value": 10.417167663574219, "step": null, "ts": 1712263375.750357}]}, "version": 2092, "at": 1712263375.750793}
{"obj": {"type": "LogFloats", "path": ["monitoring", "4d72a671", "cpu"], "values": [{"value": 28.9, "step": null, "ts": 1712263385.752684}]}, "version": 2093, "at": 1712263385.753044}
{"obj": {"type": "LogFloats", "path": ["monitoring", "4d72a671", "memory"], "values": [{"value": 10.23684310913086, "step": null, "ts": 1712263385.752684}]}, "version": 2094, "at": 1712263385.753241}
{"obj": {"type": "LogFloats", "path": ["monitoring", "4d72a671", "cpu"], "values": [{"value": 22.2, "step": null, "ts": 1712263395.7557068}]}, "version": 2095, "at": 1712263395.7558951}
{"obj": {"type": "LogFloats", "path": ["monitoring", "4d72a671", "memory"], "values": [{"value": 10.305522918701172, "step": null, "ts": 1712263395.7557068}]}, "version": 2096, "at": 1712263395.756076}
{"obj": {"type": "LogFloats", "path": ["monitoring", "4d72a671", "cpu"], "values": [{"value": 19.6, "step": null, "ts": 1712263405.759486}]}, "version": 2097, "at": 1712263405.7597}
{"obj": {"type": "LogFloats", "path": ["monitoring", "4d72a671", "memory"], "values": [{"value": 10.312511444091797, "step": null, "ts": 1712263405.759486}]}, "version": 2098, "at": 1712263405.759871}
{"obj": {"type": "LogFloats", "path": ["monitoring", "4d72a671", "cpu"], "values": [{"value": 21.5, "step": null, "ts": 1712263415.764839}]}, "version": 2099, "at": 1712263415.7651358}
{"obj": {"type": "LogFloats", "path": ["monitoring", "4d72a671", "memory"], "values": [{"value": 10.157127380371094, "step": null, "ts": 1712263415.764839}]}, "version": 2100, "at": 1712263415.765463}
{"obj": {"type": "LogFloats", "path": ["monitoring", "4d72a671", "cpu"], "values": [{"value": 21.6, "step": null, "ts": 1712263425.7698}]}, "version": 2101, "at": 1712263425.770145}
{"obj": {"type": "LogFloats", "path": ["monitoring", "4d72a671", "memory"], "values": [{"value": 10.181163787841797, "step": null, "ts": 1712263425.7698}]}, "version": 2102, "at": 1712263425.770402}
{"obj": {"type": "LogFloats", "path": ["monitoring", "4d72a671", "cpu"], "values": [{"value": 21.2, "step": null, "ts": 1712263435.7741172}]}, "version": 2103, "at": 1712263435.7743602}
{"obj": {"type": "LogFloats", "path": ["monitoring", "4d72a671", "memory"], "values": [{"value": 10.040996551513672, "step": null, "ts": 1712263435.7741172}]}, "version": 2104, "at": 1712263435.77454}
{"obj": {"type": "LogFloats", "path": ["monitoring", "4d72a671", "cpu"], "values": [{"value": 22.5, "step": null, "ts": 1712263445.7759202}]}, "version": 2105, "at": 1712263445.776166}
{"obj": {"type": "LogFloats", "path": ["monitoring", "4d72a671", "memory"], "values": [{"value": 10.096359252929688, "step": null, "ts": 1712263445.7759202}]}, "version": 2106, "at": 1712263445.776486}
{"obj": {"type": "LogFloats", "path": ["monitoring", "4d72a671", "cpu"], "values": [{"value": 31.2, "step": null, "ts": 1712263455.781385}]}, "version": 2107, "at": 1712263455.7816262}
{"obj": {"type": "LogFloats", "path": ["monitoring", "4d72a671", "memory"], "values": [{"value": 10.270095825195312, "step": null, "ts": 1712263455.781385}]}, "version": 2108, "at": 1712263455.781843}
{"obj": {"type": "LogFloats", "path": ["monitoring", "4d72a671", "cpu"], "values": [{"value": 34.8, "step": null, "ts": 1712263465.7864199}]}, "version": 2109, "at": 1712263465.786698}
{"obj": {"type": "LogFloats", "path": ["monitoring", "4d72a671", "memory"], "values": [{"value": 10.440383911132812, "step": null, "ts": 1712263465.7864199}]}, "version": 2110, "at": 1712263465.786994}
{"obj": {"type": "LogFloats", "path": ["monitoring", "4d72a671", "cpu"], "values": [{"value": 26.7, "step": null, "ts": 1712263475.79037}]}, "version": 2111, "at": 1712263475.790669}
{"obj": {"type": "LogFloats", "path": ["monitoring", "4d72a671", "memory"], "values": [{"value": 10.618030548095703, "step": null, "ts": 1712263475.79037}]}, "version": 2112, "at": 1712263475.79087}
{"obj": {"type": "LogFloats", "path": ["monitoring", "4d72a671", "cpu"], "values": [{"value": 20.6, "step": null, "ts": 1712263485.795259}]}, "version": 2113, "at": 1712263485.7954938}
{"obj": {"type": "LogFloats", "path": ["monitoring", "4d72a671", "memory"], "values": [{"value": 10.581645965576172, "step": null, "ts": 1712263485.795259}]}, "version": 2114, "at": 1712263485.795685}
{"obj": {"type": "LogFloats", "path": ["monitoring", "4d72a671", "cpu"], "values": [{"value": 21.2, "step": null, "ts": 1712263495.797274}]}, "version": 2115, "at": 1712263495.797467}
{"obj": {"type": "LogFloats", "path": ["monitoring", "4d72a671", "memory"], "values": [{"value": 10.565254211425781, "step": null, "ts": 1712263495.797274}]}, "version": 2116, "at": 1712263495.797642}
{"obj": {"type": "LogFloats", "path": ["monitoring", "4d72a671", "cpu"], "values": [{"value": 21.0, "step": null, "ts": 1712263505.802138}]}, "version": 2117, "at": 1712263505.802355}
{"obj": {"type": "LogFloats", "path": ["monitoring", "4d72a671", "memory"], "values": [{"value": 10.486717224121094, "step": null, "ts": 1712263505.802138}]}, "version": 2118, "at": 1712263505.802529}
{"obj": {"type": "LogFloats", "path": ["monitoring", "4d72a671", "cpu"], "values": [{"value": 19.5, "step": null, "ts": 1712263515.8033001}]}, "version": 2119, "at": 1712263515.8035789}
{"obj": {"type": "LogFloats", "path": ["monitoring", "4d72a671", "memory"], "values": [{"value": 10.430191040039062, "step": null, "ts": 1712263515.8033001}]}, "version": 2120, "at": 1712263515.803775}
{"obj": {"type": "LogFloats", "path": ["monitoring", "4d72a671", "cpu"], "values": [{"value": 21.3, "step": null, "ts": 1712263525.8087249}]}, "version": 2121, "at": 1712263525.809072}
{"obj": {"type": "LogFloats", "path": ["monitoring", "4d72a671", "memory"], "values": [{"value": 10.43612289428711, "step": null, "ts": 1712263525.8087249}]}, "version": 2122, "at": 1712263525.809331}
{"obj": {"type": "LogFloats", "path": ["monitoring", "4d72a671", "cpu"], "values": [{"value": 21.3, "step": null, "ts": 1712263535.812959}]}, "version": 2123, "at": 1712263535.813191}
{"obj": {"type": "LogFloats", "path": ["monitoring", "4d72a671", "memory"], "values": [{"value": 10.438606262207031, "step": null, "ts": 1712263535.812959}]}, "version": 2124, "at": 1712263535.813375}
{"obj": {"type": "LogFloats", "path": ["monitoring", "4d72a671", "cpu"], "values": [{"value": 24.9, "step": null, "ts": 1712263545.817633}]}, "version": 2125, "at": 1712263545.817848}
{"obj": {"type": "LogFloats", "path": ["monitoring", "4d72a671", "memory"], "values": [{"value": 10.575382232666016, "step": null, "ts": 1712263545.817633}]}, "version": 2126, "at": 1712263545.818012}
{"obj": {"type": "LogFloats", "path": ["monitoring", "4d72a671", "cpu"], "values": [{"value": 32.9, "step": null, "ts": 1712263555.818571}]}, "version": 2127, "at": 1712263555.81878}
{"obj": {"type": "LogFloats", "path": ["monitoring", "4d72a671", "memory"], "values": [{"value": 10.784229278564453, "step": null, "ts": 1712263555.818571}]}, "version": 2128, "at": 1712263555.818934}
{"obj": {"type": "LogFloats", "path": ["monitoring", "4d72a671", "cpu"], "values": [{"value": 24.8, "step": null, "ts": 1712263565.822835}]}, "version": 2129, "at": 1712263565.823104}
{"obj": {"type": "LogFloats", "path": ["monitoring", "4d72a671", "memory"], "values": [{"value": 10.8521728515625, "step": null, "ts": 1712263565.822835}]}, "version": 2130, "at": 1712263565.823338}
{"obj": {"type": "LogFloats", "path": ["monitoring", "4d72a671", "cpu"], "values": [{"value": 21.5, "step": null, "ts": 1712263575.826577}]}, "version": 2131, "at": 1712263575.8268092}
{"obj": {"type": "LogFloats", "path": ["monitoring", "4d72a671", "memory"], "values": [{"value": 10.850059509277344, "step": null, "ts": 1712263575.826577}]}, "version": 2132, "at": 1712263575.827093}
{"obj": {"type": "LogFloats", "path": ["monitoring", "4d72a671", "cpu"], "values": [{"value": 22.6, "step": null, "ts": 1712263585.829605}]}, "version": 2133, "at": 1712263585.829924}
{"obj": {"type": "LogFloats", "path": ["monitoring", "4d72a671", "memory"], "values": [{"value": 10.629573822021484, "step": null, "ts": 1712263585.829605}]}, "version": 2134, "at": 1712263585.830212}
{"obj": {"type": "LogFloats", "path": ["monitoring", "4d72a671", "cpu"], "values": [{"value": 24.1, "step": null, "ts": 1712263595.831337}]}, "version": 2135, "at": 1712263595.831558}
{"obj": {"type": "LogFloats", "path": ["monitoring", "4d72a671", "memory"], "values": [{"value": 10.619617462158203, "step": null, "ts": 1712263595.831337}]}, "version": 2136, "at": 1712263595.8317661}
{"obj": {"type": "LogFloats", "path": ["monitoring", "4d72a671", "cpu"], "values": [{"value": 30.7, "step": null, "ts": 1712263605.835624}]}, "version": 2137, "at": 1712263605.835867}
{"obj": {"type": "LogFloats", "path": ["monitoring", "4d72a671", "memory"], "values": [{"value": 10.886505126953125, "step": null, "ts": 1712263605.835624}]}, "version": 2138, "at": 1712263605.836132}
{"obj": {"type": "LogFloats", "path": ["monitoring", "4d72a671", "cpu"], "values": [{"value": 25.0, "step": null, "ts": 1712263615.8397372}]}, "version": 2139, "at": 1712263615.839978}
{"obj": {"type": "LogFloats", "path": ["monitoring", "4d72a671", "memory"], "values": [{"value": 10.6007080078125, "step": null, "ts": 1712263615.8397372}]}, "version": 2140, "at": 1712263615.840171}
{"obj": {"type": "LogFloats", "path": ["monitoring", "4d72a671", "cpu"], "values": [{"value": 22.5, "step": null, "ts": 1712263625.845227}]}, "version": 2141, "at": 1712263625.8454678}
{"obj": {"type": "LogFloats", "path": ["monitoring", "4d72a671", "memory"], "values": [{"value": 10.600944519042969, "step": null, "ts": 1712263625.845227}]}, "version": 2142, "at": 1712263625.8457758}
{"obj": {"type": "LogFloats", "path": ["monitoring", "4d72a671", "cpu"], "values": [{"value": 22.4, "step": null, "ts": 1712263635.848789}]}, "version": 2143, "at": 1712263635.849076}
{"obj": {"type": "LogFloats", "path": ["monitoring", "4d72a671", "memory"], "values": [{"value": 10.35489273071289, "step": null, "ts": 1712263635.848789}]}, "version": 2144, "at": 1712263635.849288}
{"obj": {"type": "LogFloats", "path": ["monitoring", "4d72a671", "cpu"], "values": [{"value": 20.7, "step": null, "ts": 1712263645.854111}]}, "version": 2145, "at": 1712263645.8543859}
{"obj": {"type": "LogFloats", "path": ["monitoring", "4d72a671", "memory"], "values": [{"value": 10.314266204833984, "step": null, "ts": 1712263645.854111}]}, "version": 2146, "at": 1712263645.854578}
{"obj": {"type": "LogFloats", "path": ["monitoring", "4d72a671", "cpu"], "values": [{"value": 21.2, "step": null, "ts": 1712263655.855732}]}, "version": 2147, "at": 1712263655.85593}
{"obj": {"type": "LogFloats", "path": ["monitoring", "4d72a671", "memory"], "values": [{"value": 10.298076629638672, "step": null, "ts": 1712263655.855732}]}, "version": 2148, "at": 1712263655.856113}
{"obj": {"type": "LogFloats", "path": ["monitoring", "4d72a671", "cpu"], "values": [{"value": 17.9, "step": null, "ts": 1712263665.8583722}]}, "version": 2149, "at": 1712263665.858593}
{"obj": {"type": "LogFloats", "path": ["monitoring", "4d72a671", "memory"], "values": [{"value": 10.315956115722656, "step": null, "ts": 1712263665.8583722}]}, "version": 2150, "at": 1712263665.858797}
{"obj": {"type": "LogFloats", "path": ["monitoring", "4d72a671", "cpu"], "values": [{"value": 14.2, "step": null, "ts": 1712263675.861429}]}, "version": 2151, "at": 1712263675.8616161}
{"obj": {"type": "LogFloats", "path": ["monitoring", "4d72a671", "memory"], "values": [{"value": 10.310562133789062, "step": null, "ts": 1712263675.861429}]}, "version": 2152, "at": 1712263675.8617861}
{"obj": {"type": "LogFloats", "path": ["monitoring", "4d72a671", "cpu"], "values": [{"value": 15.0, "step": null, "ts": 1712263685.8634062}]}, "version": 2153, "at": 1712263685.8636081}
{"obj": {"type": "LogFloats", "path": ["monitoring", "4d72a671", "memory"], "values": [{"value": 10.263164520263672, "step": null, "ts": 1712263685.8634062}]}, "version": 2154, "at": 1712263685.8637838}
{"obj": {"type": "LogFloats", "path": ["monitoring", "4d72a671", "cpu"], "values": [{"value": 14.3, "step": null, "ts": 1712263695.864575}]}, "version": 2155, "at": 1712263695.864814}
{"obj": {"type": "LogFloats", "path": ["monitoring", "4d72a671", "memory"], "values": [{"value": 10.270709991455078, "step": null, "ts": 1712263695.864575}]}, "version": 2156, "at": 1712263695.865001}
{"obj": {"type": "LogFloats", "path": ["monitoring", "4d72a671", "cpu"], "values": [{"value": 14.2, "step": null, "ts": 1712263705.866017}]}, "version": 2157, "at": 1712263705.866217}
{"obj": {"type": "LogFloats", "path": ["monitoring", "4d72a671", "memory"], "values": [{"value": 10.240215301513672, "step": null, "ts": 1712263705.866017}]}, "version": 2158, "at": 1712263705.866431}
{"obj": {"type": "LogFloats", "path": ["monitoring", "4d72a671", "cpu"], "values": [{"value": 14.3, "step": null, "ts": 1712263715.8705862}]}, "version": 2159, "at": 1712263715.870817}
{"obj": {"type": "LogFloats", "path": ["monitoring", "4d72a671", "memory"], "values": [{"value": 10.22174072265625, "step": null, "ts": 1712263715.8705862}]}, "version": 2160, "at": 1712263715.871031}
{"obj": {"type": "LogFloats", "path": ["monitoring", "4d72a671", "cpu"], "values": [{"value": 14.4, "step": null, "ts": 1712263725.874937}]}, "version": 2161, "at": 1712263725.875178}
{"obj": {"type": "LogFloats", "path": ["monitoring", "4d72a671", "memory"], "values": [{"value": 10.226795196533203, "step": null, "ts": 1712263725.874937}]}, "version": 2162, "at": 1712263725.8753679}
{"obj": {"type": "LogFloats", "path": ["monitoring", "4d72a671", "cpu"], "values": [{"value": 14.3, "step": null, "ts": 1712263735.8776388}]}, "version": 2163, "at": 1712263735.877845}
{"obj": {"type": "LogFloats", "path": ["monitoring", "4d72a671", "memory"], "values": [{"value": 10.306461334228516, "step": null, "ts": 1712263735.8776388}]}, "version": 2164, "at": 1712263735.878017}
{"obj": {"type": "LogFloats", "path": ["monitoring", "4d72a671", "cpu"], "values": [{"value": 15.4, "step": null, "ts": 1712263745.880796}]}, "version": 2165, "at": 1712263745.8810308}
{"obj": {"type": "LogFloats", "path": ["monitoring", "4d72a671", "memory"], "values": [{"value": 10.351325988769531, "step": null, "ts": 1712263745.880796}]}, "version": 2166, "at": 1712263745.8812082}
{"obj": {"type": "LogFloats", "path": ["monitoring", "4d72a671", "cpu"], "values": [{"value": 15.2, "step": null, "ts": 1712263755.886253}]}, "version": 2167, "at": 1712263755.8864682}
{"obj": {"type": "LogFloats", "path": ["monitoring", "4d72a671", "memory"], "values": [{"value": 10.3345947265625, "step": null, "ts": 1712263755.886253}]}, "version": 2168, "at": 1712263755.8866508}
{"obj": {"type": "LogFloats", "path": ["monitoring", "4d72a671", "cpu"], "values": [{"value": 14.9, "step": null, "ts": 1712263765.8916411}]}, "version": 2169, "at": 1712263765.891853}
{"obj": {"type": "LogFloats", "path": ["monitoring", "4d72a671", "memory"], "values": [{"value": 10.286663055419922, "step": null, "ts": 1712263765.8916411}]}, "version": 2170, "at": 1712263765.8920362}
{"obj": {"type": "LogFloats", "path": ["monitoring", "4d72a671", "cpu"], "values": [{"value": 14.5, "step": null, "ts": 1712263775.893475}]}, "version": 2171, "at": 1712263775.8936791}
{"obj": {"type": "LogFloats", "path": ["monitoring", "4d72a671", "memory"], "values": [{"value": 10.277374267578125, "step": null, "ts": 1712263775.893475}]}, "version": 2172, "at": 1712263775.8938591}
{"obj": {"type": "LogFloats", "path": ["monitoring", "4d72a671", "cpu"], "values": [{"value": 14.2, "step": null, "ts": 1712263785.898902}]}, "version": 2173, "at": 1712263785.899143}
{"obj": {"type": "LogFloats", "path": ["monitoring", "4d72a671", "memory"], "values": [{"value": 10.264259338378906, "step": null, "ts": 1712263785.898902}]}, "version": 2174, "at": 1712263785.899314}
{"obj": {"type": "LogFloats", "path": ["monitoring", "4d72a671", "cpu"], "values": [{"value": 14.2, "step": null, "ts": 1712263795.902205}]}, "version": 2175, "at": 1712263795.902446}
{"obj": {"type": "LogFloats", "path": ["monitoring", "4d72a671", "memory"], "values": [{"value": 10.258407592773438, "step": null, "ts": 1712263795.902205}]}, "version": 2176, "at": 1712263795.902619}
{"obj": {"type": "LogFloats", "path": ["monitoring", "4d72a671", "cpu"], "values": [{"value": 14.6, "step": null, "ts": 1712263805.906942}]}, "version": 2177, "at": 1712263805.907199}
{"obj": {"type": "LogFloats", "path": ["monitoring", "4d72a671", "memory"], "values": [{"value": 10.308292388916016, "step": null, "ts": 1712263805.906942}]}, "version": 2178, "at": 1712263805.907373}
{"obj": {"type": "LogFloats", "path": ["monitoring", "4d72a671", "cpu"], "values": [{"value": 15.1, "step": null, "ts": 1712263815.912359}]}, "version": 2179, "at": 1712263815.912559}
{"obj": {"type": "LogFloats", "path": ["monitoring", "4d72a671", "memory"], "values": [{"value": 10.310997009277344, "step": null, "ts": 1712263815.912359}]}, "version": 2180, "at": 1712263815.912726}
{"obj": {"type": "LogFloats", "path": ["monitoring", "4d72a671", "cpu"], "values": [{"value": 14.9, "step": null, "ts": 1712263825.913669}]}, "version": 2181, "at": 1712263825.913871}
{"obj": {"type": "LogFloats", "path": ["monitoring", "4d72a671", "memory"], "values": [{"value": 10.29745864868164, "step": null, "ts": 1712263825.913669}]}, "version": 2182, "at": 1712263825.914038}
{"obj": {"type": "LogFloats", "path": ["monitoring", "4d72a671", "cpu"], "values": [{"value": 14.6, "step": null, "ts": 1712263835.919094}]}, "version": 2183, "at": 1712263835.919339}
{"obj": {"type": "LogFloats", "path": ["monitoring", "4d72a671", "memory"], "values": [{"value": 10.31124496459961, "step": null, "ts": 1712263835.919094}]}, "version": 2184, "at": 1712263835.91953}
{"obj": {"type": "LogFloats", "path": ["monitoring", "4d72a671", "cpu"], "values": [{"value": 15.5, "step": null, "ts": 1712263845.923914}]}, "version": 2185, "at": 1712263845.924118}
{"obj": {"type": "LogFloats", "path": ["monitoring", "4d72a671", "memory"], "values": [{"value": 10.329769134521484, "step": null, "ts": 1712263845.923914}]}, "version": 2186, "at": 1712263845.9242828}
{"obj": {"type": "LogFloats", "path": ["monitoring", "4d72a671", "cpu"], "values": [{"value": 14.4, "step": null, "ts": 1712263855.929322}]}, "version": 2187, "at": 1712263855.929527}
{"obj": {"type": "LogFloats", "path": ["monitoring", "4d72a671", "memory"], "values": [{"value": 10.324836730957031, "step": null, "ts": 1712263855.929322}]}, "version": 2188, "at": 1712263855.929697}
{"obj": {"type": "LogFloats", "path": ["monitoring", "4d72a671", "cpu"], "values": [{"value": 14.5, "step": null, "ts": 1712263865.9323258}]}, "version": 2189, "at": 1712263865.932575}
{"obj": {"type": "LogFloats", "path": ["monitoring", "4d72a671", "memory"], "values": [{"value": 10.318889617919922, "step": null, "ts": 1712263865.9323258}]}, "version": 2190, "at": 1712263865.9328718}
{"obj": {"type": "LogFloats", "path": ["monitoring", "4d72a671", "cpu"], "values": [{"value": 14.3, "step": null, "ts": 1712263875.937946}]}, "version": 2191, "at": 1712263875.938161}
{"obj": {"type": "LogFloats", "path": ["monitoring", "4d72a671", "memory"], "values": [{"value": 10.309215545654297, "step": null, "ts": 1712263875.937946}]}, "version": 2192, "at": 1712263875.9383402}
{"obj": {"type": "LogFloats", "path": ["monitoring", "4d72a671", "cpu"], "values": [{"value": 14.3, "step": null, "ts": 1712263885.9419599}]}, "version": 2193, "at": 1712263885.9421718}
{"obj": {"type": "LogFloats", "path": ["monitoring", "4d72a671", "memory"], "values": [{"value": 10.304676055908203, "step": null, "ts": 1712263885.9419599}]}, "version": 2194, "at": 1712263885.9423602}
{"obj": {"type": "LogFloats", "path": ["monitoring", "4d72a671", "cpu"], "values": [{"value": 14.9, "step": null, "ts": 1712263895.947295}]}, "version": 2195, "at": 1712263895.947552}
{"obj": {"type": "LogFloats", "path": ["monitoring", "4d72a671", "memory"], "values": [{"value": 10.307987213134766, "step": null, "ts": 1712263895.947295}]}, "version": 2196, "at": 1712263895.947775}
{"obj": {"type": "LogFloats", "path": ["monitoring", "4d72a671", "cpu"], "values": [{"value": 14.5, "step": null, "ts": 1712263905.948627}]}, "version": 2197, "at": 1712263905.9488719}
{"obj": {"type": "LogFloats", "path": ["monitoring", "4d72a671", "memory"], "values": [{"value": 10.309680938720703, "step": null, "ts": 1712263905.948627}]}, "version": 2198, "at": 1712263905.949054}
{"obj": {"type": "LogFloats", "path": ["monitoring", "4d72a671", "cpu"], "values": [{"value": 14.4, "step": null, "ts": 1712263915.9541981}]}, "version": 2199, "at": 1712263915.9544058}
{"obj": {"type": "LogFloats", "path": ["monitoring", "4d72a671", "memory"], "values": [{"value": 10.34627914428711, "step": null, "ts": 1712263915.9541981}]}, "version": 2200, "at": 1712263915.954577}
{"obj": {"type": "LogFloats", "path": ["monitoring", "4d72a671", "cpu"], "values": [{"value": 14.6, "step": null, "ts": 1712263925.958177}]}, "version": 2201, "at": 1712263925.958384}
{"obj": {"type": "LogFloats", "path": ["monitoring", "4d72a671", "memory"], "values": [{"value": 10.3682861328125, "step": null, "ts": 1712263925.958177}]}, "version": 2202, "at": 1712263925.958564}
{"obj": {"type": "LogFloats", "path": ["monitoring", "4d72a671", "cpu"], "values": [{"value": 14.6, "step": null, "ts": 1712263935.963649}]}, "version": 2203, "at": 1712263935.9638531}
{"obj": {"type": "LogFloats", "path": ["monitoring", "4d72a671", "memory"], "values": [{"value": 10.341133117675781, "step": null, "ts": 1712263935.963649}]}, "version": 2204, "at": 1712263935.964035}
{"obj": {"type": "LogFloats", "path": ["monitoring", "4d72a671", "cpu"], "values": [{"value": 16.6, "step": null, "ts": 1712263945.966367}]}, "version": 2205, "at": 1712263945.966614}
{"obj": {"type": "LogFloats", "path": ["monitoring", "4d72a671", "memory"], "values": [{"value": 10.129043579101562, "step": null, "ts": 1712263945.966367}]}, "version": 2206, "at": 1712263945.966794}
{"obj": {"type": "LogFloats", "path": ["monitoring", "4d72a671", "cpu"], "values": [{"value": 15.1, "step": null, "ts": 1712263955.971401}]}, "version": 2207, "at": 1712263955.971634}
{"obj": {"type": "LogFloats", "path": ["monitoring", "4d72a671", "memory"], "values": [{"value": 10.134971618652344, "step": null, "ts": 1712263955.971401}]}, "version": 2208, "at": 1712263955.9718158}
{"obj": {"type": "LogFloats", "path": ["monitoring", "4d72a671", "cpu"], "values": [{"value": 16.4, "step": null, "ts": 1712263965.971961}]}, "version": 2209, "at": 1712263965.972238}
{"obj": {"type": "LogFloats", "path": ["monitoring", "4d72a671", "memory"], "values": [{"value": 10.144046783447266, "step": null, "ts": 1712263965.971961}]}, "version": 2210, "at": 1712263965.9724228}
{"obj": {"type": "LogFloats", "path": ["monitoring", "4d72a671", "cpu"], "values": [{"value": 14.1, "step": null, "ts": 1712263975.981611}]}, "version": 2211, "at": 1712263975.9818492}
{"obj": {"type": "LogFloats", "path": ["monitoring", "4d72a671", "memory"], "values": [{"value": 10.148475646972656, "step": null, "ts": 1712263975.981611}]}, "version": 2212, "at": 1712263975.982033}
{"obj": {"type": "LogFloats", "path": ["monitoring", "4d72a671", "cpu"], "values": [{"value": 14.5, "step": null, "ts": 1712263985.9906402}]}, "version": 2213, "at": 1712263985.9908512}
{"obj": {"type": "LogFloats", "path": ["monitoring", "4d72a671", "memory"], "values": [{"value": 10.172786712646484, "step": null, "ts": 1712263985.9906402}]}, "version": 2214, "at": 1712263985.991033}
{"obj": {"type": "LogFloats", "path": ["monitoring", "4d72a671", "cpu"], "values": [{"value": 17.3, "step": null, "ts": 1712263996.000316}]}, "version": 2215, "at": 1712263996.0005279}
{"obj": {"type": "LogFloats", "path": ["monitoring", "4d72a671", "memory"], "values": [{"value": 10.216789245605469, "step": null, "ts": 1712263996.000316}]}, "version": 2216, "at": 1712263996.0007198}
{"obj": {"type": "LogFloats", "path": ["monitoring", "4d72a671", "cpu"], "values": [{"value": 14.2, "step": null, "ts": 1712264006.009208}]}, "version": 2217, "at": 1712264006.009425}
{"obj": {"type": "LogFloats", "path": ["monitoring", "4d72a671", "memory"], "values": [{"value": 10.22866439819336, "step": null, "ts": 1712264006.009208}]}, "version": 2218, "at": 1712264006.0096169}
{"obj": {"type": "LogFloats", "path": ["monitoring", "4d72a671", "cpu"], "values": [{"value": 14.4, "step": null, "ts": 1712264016.017761}]}, "version": 2219, "at": 1712264016.017998}
{"obj": {"type": "LogFloats", "path": ["monitoring", "4d72a671", "memory"], "values": [{"value": 10.185741424560547, "step": null, "ts": 1712264016.017761}]}, "version": 2220, "at": 1712264016.018178}
{"obj": {"type": "LogFloats", "path": ["monitoring", "4d72a671", "cpu"], "values": [{"value": 14.3, "step": null, "ts": 1712264026.026316}]}, "version": 2221, "at": 1712264026.026556}
{"obj": {"type": "LogFloats", "path": ["monitoring", "4d72a671", "memory"], "values": [{"value": 10.172496795654297, "step": null, "ts": 1712264026.026316}]}, "version": 2222, "at": 1712264026.02673}
{"obj": {"type": "LogFloats", "path": ["monitoring", "4d72a671", "cpu"], "values": [{"value": 14.3, "step": null, "ts": 1712264036.0300212}]}, "version": 2223, "at": 1712264036.030255}
{"obj": {"type": "LogFloats", "path": ["monitoring", "4d72a671", "memory"], "values": [{"value": 10.179656982421875, "step": null, "ts": 1712264036.0300212}]}, "version": 2224, "at": 1712264036.0304298}
{"obj": {"type": "LogFloats", "path": ["monitoring", "4d72a671", "cpu"], "values": [{"value": 14.5, "step": null, "ts": 1712264046.039849}]}, "version": 2225, "at": 1712264046.040087}
{"obj": {"type": "LogFloats", "path": ["monitoring", "4d72a671", "memory"], "values": [{"value": 10.208736419677734, "step": null, "ts": 1712264046.039849}]}, "version": 2226, "at": 1712264046.04027}
{"obj": {"type": "LogFloats", "path": ["monitoring", "4d72a671", "cpu"], "values": [{"value": 14.4, "step": null, "ts": 1712264056.0503008}]}, "version": 2227, "at": 1712264056.0505621}
{"obj": {"type": "LogFloats", "path": ["monitoring", "4d72a671", "memory"], "values": [{"value": 10.209842681884766, "step": null, "ts": 1712264056.0503008}]}, "version": 2228, "at": 1712264056.050761}
{"obj": {"type": "LogFloats", "path": ["monitoring", "4d72a671", "cpu"], "values": [{"value": 14.1, "step": null, "ts": 1712264066.060759}]}, "version": 2229, "at": 1712264066.060972}
{"obj": {"type": "LogFloats", "path": ["monitoring", "4d72a671", "memory"], "values": [{"value": 10.210758209228516, "step": null, "ts": 1712264066.060759}]}, "version": 2230, "at": 1712264066.061156}
{"obj": {"type": "LogFloats", "path": ["monitoring", "4d72a671", "cpu"], "values": [{"value": 14.3, "step": null, "ts": 1712264076.068761}]}, "version": 2231, "at": 1712264076.0689979}
{"obj": {"type": "LogFloats", "path": ["monitoring", "4d72a671", "memory"], "values": [{"value": 10.184661865234375, "step": null, "ts": 1712264076.068761}]}, "version": 2232, "at": 1712264076.069186}
{"obj": {"type": "LogFloats", "path": ["monitoring", "4d72a671", "cpu"], "values": [{"value": 14.2, "step": null, "ts": 1712264086.074966}]}, "version": 2233, "at": 1712264086.075205}
{"obj": {"type": "LogFloats", "path": ["monitoring", "4d72a671", "memory"], "values": [{"value": 10.186325073242188, "step": null, "ts": 1712264086.074966}]}, "version": 2234, "at": 1712264086.075381}
{"obj": {"type": "LogFloats", "path": ["monitoring", "4d72a671", "cpu"], "values": [{"value": 14.3, "step": null, "ts": 1712264096.084647}]}, "version": 2235, "at": 1712264096.084883}
{"obj": {"type": "LogFloats", "path": ["monitoring", "4d72a671", "memory"], "values": [{"value": 10.183429718017578, "step": null, "ts": 1712264096.084647}]}, "version": 2236, "at": 1712264096.085061}
{"obj": {"type": "LogFloats", "path": ["monitoring", "4d72a671", "cpu"], "values": [{"value": 14.5, "step": null, "ts": 1712264106.09191}]}, "version": 2237, "at": 1712264106.0921369}
{"obj": {"type": "LogFloats", "path": ["monitoring", "4d72a671", "memory"], "values": [{"value": 10.21316146850586, "step": null, "ts": 1712264106.09191}]}, "version": 2238, "at": 1712264106.09232}
{"obj": {"type": "LogFloats", "path": ["monitoring", "4d72a671", "cpu"], "values": [{"value": 15.3, "step": null, "ts": 1712264116.100066}]}, "version": 2239, "at": 1712264116.100327}
{"obj": {"type": "LogFloats", "path": ["monitoring", "4d72a671", "memory"], "values": [{"value": 10.222164154052734, "step": null, "ts": 1712264116.100066}]}, "version": 2240, "at": 1712264116.100499}
{"obj": {"type": "LogFloats", "path": ["monitoring", "4d72a671", "cpu"], "values": [{"value": 14.7, "step": null, "ts": 1712264126.110518}]}, "version": 2241, "at": 1712264126.110764}
{"obj": {"type": "LogFloats", "path": ["monitoring", "4d72a671", "memory"], "values": [{"value": 10.208366394042969, "step": null, "ts": 1712264126.110518}]}, "version": 2242, "at": 1712264126.111076}
{"obj": {"type": "LogFloats", "path": ["monitoring", "4d72a671", "cpu"], "values": [{"value": 14.7, "step": null, "ts": 1712264136.120138}]}, "version": 2243, "at": 1712264136.120379}
{"obj": {"type": "LogFloats", "path": ["monitoring", "4d72a671", "memory"], "values": [{"value": 10.230758666992188, "step": null, "ts": 1712264136.120138}]}, "version": 2244, "at": 1712264136.1207209}
{"obj": {"type": "LogFloats", "path": ["monitoring", "4d72a671", "cpu"], "values": [{"value": 14.5, "step": null, "ts": 1712264146.1291368}]}, "version": 2245, "at": 1712264146.12938}
{"obj": {"type": "LogFloats", "path": ["monitoring", "4d72a671", "memory"], "values": [{"value": 10.261863708496094, "step": null, "ts": 1712264146.1291368}]}, "version": 2246, "at": 1712264146.129675}
{"obj": {"type": "LogFloats", "path": ["monitoring", "4d72a671", "cpu"], "values": [{"value": 14.2, "step": null, "ts": 1712264156.138313}]}, "version": 2247, "at": 1712264156.138552}
{"obj": {"type": "LogFloats", "path": ["monitoring", "4d72a671", "memory"], "values": [{"value": 10.25577163696289, "step": null, "ts": 1712264156.138313}]}, "version": 2248, "at": 1712264156.138737}
{"obj": {"type": "LogFloats", "path": ["monitoring", "4d72a671", "cpu"], "values": [{"value": 14.5, "step": null, "ts": 1712264166.148119}]}, "version": 2249, "at": 1712264166.1483572}
{"obj": {"type": "LogFloats", "path": ["monitoring", "4d72a671", "memory"], "values": [{"value": 10.250606536865234, "step": null, "ts": 1712264166.148119}]}, "version": 2250, "at": 1712264166.148532}
{"obj": {"type": "LogFloats", "path": ["monitoring", "4d72a671", "cpu"], "values": [{"value": 14.8, "step": null, "ts": 1712264176.152716}]}, "version": 2251, "at": 1712264176.152954}
{"obj": {"type": "LogFloats", "path": ["monitoring", "4d72a671", "memory"], "values": [{"value": 10.26025390625, "step": null, "ts": 1712264176.152716}]}, "version": 2252, "at": 1712264176.153131}
{"obj": {"type": "LogFloats", "path": ["monitoring", "4d72a671", "cpu"], "values": [{"value": 15.4, "step": null, "ts": 1712264186.162207}]}, "version": 2253, "at": 1712264186.162536}
{"obj": {"type": "LogFloats", "path": ["monitoring", "4d72a671", "memory"], "values": [{"value": 10.246417999267578, "step": null, "ts": 1712264186.162207}]}, "version": 2254, "at": 1712264186.162716}
{"obj": {"type": "LogFloats", "path": ["monitoring", "4d72a671", "cpu"], "values": [{"value": 14.3, "step": null, "ts": 1712264196.169526}]}, "version": 2255, "at": 1712264196.169769}
{"obj": {"type": "LogFloats", "path": ["monitoring", "4d72a671", "memory"], "values": [{"value": 10.230045318603516, "step": null, "ts": 1712264196.169526}]}, "version": 2256, "at": 1712264196.1699579}
{"obj": {"type": "LogFloats", "path": ["monitoring", "4d72a671", "cpu"], "values": [{"value": 14.7, "step": null, "ts": 1712264206.17926}]}, "version": 2257, "at": 1712264206.179502}
{"obj": {"type": "LogFloats", "path": ["monitoring", "4d72a671", "memory"], "values": [{"value": 10.266353607177734, "step": null, "ts": 1712264206.17926}]}, "version": 2258, "at": 1712264206.179689}
{"obj": {"type": "LogFloats", "path": ["monitoring", "4d72a671", "cpu"], "values": [{"value": 20.4, "step": null, "ts": 1712264216.187509}]}, "version": 2259, "at": 1712264216.1877272}
{"obj": {"type": "LogFloats", "path": ["monitoring", "4d72a671", "memory"], "values": [{"value": 10.412185668945312, "step": null, "ts": 1712264216.187509}]}, "version": 2260, "at": 1712264216.187954}
{"obj": {"type": "LogFloats", "path": ["monitoring", "4d72a671", "cpu"], "values": [{"value": 35.6, "step": null, "ts": 1712264226.1895301}]}, "version": 2261, "at": 1712264226.189775}
{"obj": {"type": "LogFloats", "path": ["monitoring", "4d72a671", "memory"], "values": [{"value": 10.565185546875, "step": null, "ts": 1712264226.1895301}]}, "version": 2262, "at": 1712264226.1899688}
{"obj": {"type": "LogFloats", "path": ["monitoring", "4d72a671", "cpu"], "values": [{"value": 28.4, "step": null, "ts": 1712264236.191209}]}, "version": 2263, "at": 1712264236.191477}
{"obj": {"type": "LogFloats", "path": ["monitoring", "4d72a671", "memory"], "values": [{"value": 10.739608764648438, "step": null, "ts": 1712264236.191209}]}, "version": 2264, "at": 1712264236.191756}
{"obj": {"type": "LogFloats", "path": ["monitoring", "4d72a671", "cpu"], "values": [{"value": 19.8, "step": null, "ts": 1712264246.192827}]}, "version": 2265, "at": 1712264246.193076}
{"obj": {"type": "LogFloats", "path": ["monitoring", "4d72a671", "memory"], "values": [{"value": 10.705078125, "step": null, "ts": 1712264246.192827}]}, "version": 2266, "at": 1712264246.193322}
{"obj": {"type": "LogFloats", "path": ["monitoring", "4d72a671", "cpu"], "values": [{"value": 21.3, "step": null, "ts": 1712264256.1937}]}, "version": 2267, "at": 1712264256.193918}
{"obj": {"type": "LogFloats", "path": ["monitoring", "4d72a671", "memory"], "values": [{"value": 10.62057113647461, "step": null, "ts": 1712264256.1937}]}, "version": 2268, "at": 1712264256.194101}
{"obj": {"type": "LogFloats", "path": ["monitoring", "4d72a671", "cpu"], "values": [{"value": 20.7, "step": null, "ts": 1712264266.197867}]}, "version": 2269, "at": 1712264266.1980622}
{"obj": {"type": "LogFloats", "path": ["monitoring", "4d72a671", "memory"], "values": [{"value": 10.446941375732422, "step": null, "ts": 1712264266.197867}]}, "version": 2270, "at": 1712264266.198244}
{"obj": {"type": "LogFloats", "path": ["monitoring", "4d72a671", "cpu"], "values": [{"value": 20.7, "step": null, "ts": 1712264276.198751}]}, "version": 2271, "at": 1712264276.198983}
{"obj": {"type": "LogFloats", "path": ["monitoring", "4d72a671", "memory"], "values": [{"value": 10.40512466430664, "step": null, "ts": 1712264276.198751}]}, "version": 2272, "at": 1712264276.199261}
{"obj": {"type": "LogFloats", "path": ["monitoring", "4d72a671", "cpu"], "values": [{"value": 22.1, "step": null, "ts": 1712264286.203537}]}, "version": 2273, "at": 1712264286.2037718}
{"obj": {"type": "LogFloats", "path": ["monitoring", "4d72a671", "memory"], "values": [{"value": 10.43918228149414, "step": null, "ts": 1712264286.203537}]}, "version": 2274, "at": 1712264286.204006}
{"obj": {"type": "LogFloats", "path": ["monitoring", "4d72a671", "cpu"], "values": [{"value": 24.4, "step": null, "ts": 1712264296.208801}]}, "version": 2275, "at": 1712264296.209048}
{"obj": {"type": "LogFloats", "path": ["monitoring", "4d72a671", "memory"], "values": [{"value": 10.48099136352539, "step": null, "ts": 1712264296.208801}]}, "version": 2276, "at": 1712264296.209257}
{"obj": {"type": "LogFloats", "path": ["monitoring", "4d72a671", "cpu"], "values": [{"value": 22.2, "step": null, "ts": 1712264306.2130308}]}, "version": 2277, "at": 1712264306.213281}
{"obj": {"type": "LogFloats", "path": ["monitoring", "4d72a671", "memory"], "values": [{"value": 10.51486587524414, "step": null, "ts": 1712264306.2130308}]}, "version": 2278, "at": 1712264306.2134678}
{"obj": {"type": "LogFloats", "path": ["monitoring", "4d72a671", "cpu"], "values": [{"value": 20.2, "step": null, "ts": 1712264316.2167292}]}, "version": 2279, "at": 1712264316.216941}
{"obj": {"type": "LogFloats", "path": ["monitoring", "4d72a671", "memory"], "values": [{"value": 10.505546569824219, "step": null, "ts": 1712264316.2167292}]}, "version": 2280, "at": 1712264316.217226}
{"obj": {"type": "LogFloats", "path": ["monitoring", "4d72a671", "cpu"], "values": [{"value": 22.2, "step": null, "ts": 1712264326.221262}]}, "version": 2281, "at": 1712264326.221513}
{"obj": {"type": "LogFloats", "path": ["monitoring", "4d72a671", "memory"], "values": [{"value": 10.602893829345703, "step": null, "ts": 1712264326.221262}]}, "version": 2282, "at": 1712264326.2217011}
{"obj": {"type": "LogFloats", "path": ["monitoring", "4d72a671", "cpu"], "values": [{"value": 20.2, "step": null, "ts": 1712264336.225573}]}, "version": 2283, "at": 1712264336.2258282}
{"obj": {"type": "LogFloats", "path": ["monitoring", "4d72a671", "memory"], "values": [{"value": 10.610958099365234, "step": null, "ts": 1712264336.225573}]}, "version": 2284, "at": 1712264336.2261062}
{"obj": {"type": "LogFloats", "path": ["monitoring", "4d72a671", "cpu"], "values": [{"value": 20.2, "step": null, "ts": 1712264346.226271}]}, "version": 2285, "at": 1712264346.226548}
{"obj": {"type": "LogFloats", "path": ["monitoring", "4d72a671", "memory"], "values": [{"value": 10.671394348144531, "step": null, "ts": 1712264346.226271}]}, "version": 2286, "at": 1712264346.226743}
{"obj": {"type": "LogFloats", "path": ["monitoring", "4d72a671", "cpu"], "values": [{"value": 20.7, "step": null, "ts": 1712264356.2300742}]}, "version": 2287, "at": 1712264356.23029}
{"obj": {"type": "LogFloats", "path": ["monitoring", "4d72a671", "memory"], "values": [{"value": 10.640331268310547, "step": null, "ts": 1712264356.2300742}]}, "version": 2288, "at": 1712264356.2304618}
{"obj": {"type": "LogFloats", "path": ["monitoring", "4d72a671", "cpu"], "values": [{"value": 22.3, "step": null, "ts": 1712264366.235449}]}, "version": 2289, "at": 1712264366.235661}
{"obj": {"type": "LogFloats", "path": ["monitoring", "4d72a671", "memory"], "values": [{"value": 10.645820617675781, "step": null, "ts": 1712264366.235449}]}, "version": 2290, "at": 1712264366.235858}
{"obj": {"type": "LogFloats", "path": ["monitoring", "4d72a671", "cpu"], "values": [{"value": 22.5, "step": null, "ts": 1712264376.240331}]}, "version": 2291, "at": 1712264376.2405849}
{"obj": {"type": "LogFloats", "path": ["monitoring", "4d72a671", "memory"], "values": [{"value": 10.674224853515625, "step": null, "ts": 1712264376.240331}]}, "version": 2292, "at": 1712264376.2407858}
{"obj": {"type": "LogFloats", "path": ["monitoring", "4d72a671", "cpu"], "values": [{"value": 21.3, "step": null, "ts": 1712264386.244902}]}, "version": 2293, "at": 1712264386.245119}
{"obj": {"type": "LogFloats", "path": ["monitoring", "4d72a671", "memory"], "values": [{"value": 10.685176849365234, "step": null, "ts": 1712264386.244902}]}, "version": 2294, "at": 1712264386.24529}
{"obj": {"type": "LogFloats", "path": ["monitoring", "4d72a671", "cpu"], "values": [{"value": 22.6, "step": null, "ts": 1712264396.247773}]}, "version": 2295, "at": 1712264396.2479942}
{"obj": {"type": "LogFloats", "path": ["monitoring", "4d72a671", "memory"], "values": [{"value": 10.65621566772461, "step": null, "ts": 1712264396.247773}]}, "version": 2296, "at": 1712264396.2482922}
{"obj": {"type": "LogFloats", "path": ["monitoring", "4d72a671", "cpu"], "values": [{"value": 22.9, "step": null, "ts": 1712264406.2487}]}, "version": 2297, "at": 1712264406.248965}
{"obj": {"type": "LogFloats", "path": ["monitoring", "4d72a671", "memory"], "values": [{"value": 10.656227111816406, "step": null, "ts": 1712264406.2487}]}, "version": 2298, "at": 1712264406.24931}
{"obj": {"type": "LogFloats", "path": ["monitoring", "4d72a671", "cpu"], "values": [{"value": 21.3, "step": null, "ts": 1712264416.2512288}]}, "version": 2299, "at": 1712264416.251429}
{"obj": {"type": "LogFloats", "path": ["monitoring", "4d72a671", "memory"], "values": [{"value": 10.660011291503906, "step": null, "ts": 1712264416.2512288}]}, "version": 2300, "at": 1712264416.2516649}
{"obj": {"type": "LogFloats", "path": ["monitoring", "4d72a671", "cpu"], "values": [{"value": 22.7, "step": null, "ts": 1712264426.252645}]}, "version": 2301, "at": 1712264426.252949}
{"obj": {"type": "LogFloats", "path": ["monitoring", "4d72a671", "memory"], "values": [{"value": 10.691703796386719, "step": null, "ts": 1712264426.252645}]}, "version": 2302, "at": 1712264426.253143}
{"obj": {"type": "LogFloats", "path": ["monitoring", "4d72a671", "cpu"], "values": [{"value": 30.6, "step": null, "ts": 1712264436.257323}]}, "version": 2303, "at": 1712264436.257684}
{"obj": {"type": "LogFloats", "path": ["monitoring", "4d72a671", "memory"], "values": [{"value": 10.86563491821289, "step": null, "ts": 1712264436.257323}]}, "version": 2304, "at": 1712264436.258146}
{"obj": {"type": "LogFloats", "path": ["monitoring", "4d72a671", "cpu"], "values": [{"value": 23.5, "step": null, "ts": 1712264446.260072}]}, "version": 2305, "at": 1712264446.260316}
{"obj": {"type": "LogFloats", "path": ["monitoring", "4d72a671", "memory"], "values": [{"value": 10.851421356201172, "step": null, "ts": 1712264446.260072}]}, "version": 2306, "at": 1712264446.260504}
{"obj": {"type": "LogFloats", "path": ["monitoring", "4d72a671", "cpu"], "values": [{"value": 24.7, "step": null, "ts": 1712264456.2626922}]}, "version": 2307, "at": 1712264456.262913}
{"obj": {"type": "LogFloats", "path": ["monitoring", "4d72a671", "memory"], "values": [{"value": 10.724197387695312, "step": null, "ts": 1712264456.2626922}]}, "version": 2308, "at": 1712264456.2632241}
{"obj": {"type": "LogFloats", "path": ["monitoring", "4d72a671", "cpu"], "values": [{"value": 24.0, "step": null, "ts": 1712264466.268225}]}, "version": 2309, "at": 1712264466.268429}
{"obj": {"type": "LogFloats", "path": ["monitoring", "4d72a671", "memory"], "values": [{"value": 10.70003890991211, "step": null, "ts": 1712264466.268225}]}, "version": 2310, "at": 1712264466.268613}
{"obj": {"type": "LogFloats", "path": ["monitoring", "4d72a671", "cpu"], "values": [{"value": 23.6, "step": null, "ts": 1712264476.271061}]}, "version": 2311, "at": 1712264476.271276}
{"obj": {"type": "LogFloats", "path": ["monitoring", "4d72a671", "memory"], "values": [{"value": 10.706546783447266, "step": null, "ts": 1712264476.271061}]}, "version": 2312, "at": 1712264476.271469}
{"obj": {"type": "LogFloats", "path": ["monitoring", "4d72a671", "cpu"], "values": [{"value": 25.7, "step": null, "ts": 1712264486.273063}]}, "version": 2313, "at": 1712264486.2734048}
{"obj": {"type": "LogFloats", "path": ["monitoring", "4d72a671", "memory"], "values": [{"value": 10.70833969116211, "step": null, "ts": 1712264486.273063}]}, "version": 2314, "at": 1712264486.273674}
{"obj": {"type": "LogFloats", "path": ["monitoring", "4d72a671", "cpu"], "values": [{"value": 25.9, "step": null, "ts": 1712264496.27774}]}, "version": 2315, "at": 1712264496.2779992}
{"obj": {"type": "LogFloats", "path": ["monitoring", "4d72a671", "memory"], "values": [{"value": 10.681037902832031, "step": null, "ts": 1712264496.27774}]}, "version": 2316, "at": 1712264496.278194}
{"obj": {"type": "LogFloats", "path": ["monitoring", "4d72a671", "cpu"], "values": [{"value": 25.0, "step": null, "ts": 1712264506.280668}]}, "version": 2317, "at": 1712264506.280894}
{"obj": {"type": "LogFloats", "path": ["monitoring", "4d72a671", "memory"], "values": [{"value": 10.742301940917969, "step": null, "ts": 1712264506.280668}]}, "version": 2318, "at": 1712264506.281067}
{"obj": {"type": "LogFloats", "path": ["monitoring", "4d72a671", "cpu"], "values": [{"value": 24.7, "step": null, "ts": 1712264516.283401}]}, "version": 2319, "at": 1712264516.2836192}
{"obj": {"type": "LogFloats", "path": ["monitoring", "4d72a671", "memory"], "values": [{"value": 10.733219146728516, "step": null, "ts": 1712264516.283401}]}, "version": 2320, "at": 1712264516.283788}
{"obj": {"type": "LogFloats", "path": ["monitoring", "4d72a671", "cpu"], "values": [{"value": 25.4, "step": null, "ts": 1712264526.287553}]}, "version": 2321, "at": 1712264526.2877991}
{"obj": {"type": "LogFloats", "path": ["monitoring", "4d72a671", "memory"], "values": [{"value": 10.741199493408203, "step": null, "ts": 1712264526.287553}]}, "version": 2322, "at": 1712264526.2879958}
{"obj": {"type": "LogFloats", "path": ["monitoring", "4d72a671", "cpu"], "values": [{"value": 24.3, "step": null, "ts": 1712264536.288142}]}, "version": 2323, "at": 1712264536.288377}
{"obj": {"type": "LogFloats", "path": ["monitoring", "4d72a671", "memory"], "values": [{"value": 10.746036529541016, "step": null, "ts": 1712264536.288142}]}, "version": 2324, "at": 1712264536.2886279}
{"obj": {"type": "LogFloats", "path": ["monitoring", "4d72a671", "cpu"], "values": [{"value": 23.4, "step": null, "ts": 1712264546.2911339}]}, "version": 2325, "at": 1712264546.2913878}
{"obj": {"type": "LogFloats", "path": ["monitoring", "4d72a671", "memory"], "values": [{"value": 10.735408782958984, "step": null, "ts": 1712264546.2911339}]}, "version": 2326, "at": 1712264546.291682}
{"obj": {"type": "LogFloats", "path": ["monitoring", "4d72a671", "cpu"], "values": [{"value": 25.8, "step": null, "ts": 1712264556.292201}]}, "version": 2327, "at": 1712264556.292417}
{"obj": {"type": "LogFloats", "path": ["monitoring", "4d72a671", "memory"], "values": [{"value": 10.728206634521484, "step": null, "ts": 1712264556.292201}]}, "version": 2328, "at": 1712264556.2926998}
{"obj": {"type": "LogFloats", "path": ["monitoring", "4d72a671", "cpu"], "values": [{"value": 25.4, "step": null, "ts": 1712264566.2947452}]}, "version": 2329, "at": 1712264566.294966}
{"obj": {"type": "LogFloats", "path": ["monitoring", "4d72a671", "memory"], "values": [{"value": 10.732955932617188, "step": null, "ts": 1712264566.2947452}]}, "version": 2330, "at": 1712264566.295176}
{"obj": {"type": "LogFloats", "path": ["monitoring", "4d72a671", "cpu"], "values": [{"value": 25.7, "step": null, "ts": 1712264576.2956212}]}, "version": 2331, "at": 1712264576.295895}
{"obj": {"type": "LogFloats", "path": ["monitoring", "4d72a671", "memory"], "values": [{"value": 10.729927062988281, "step": null, "ts": 1712264576.2956212}]}, "version": 2332, "at": 1712264576.296133}
{"obj": {"type": "LogFloats", "path": ["monitoring", "4d72a671", "cpu"], "values": [{"value": 33.0, "step": null, "ts": 1712264586.298771}]}, "version": 2333, "at": 1712264586.298987}
{"obj": {"type": "LogFloats", "path": ["monitoring", "4d72a671", "memory"], "values": [{"value": 11.053211212158203, "step": null, "ts": 1712264586.298771}]}, "version": 2334, "at": 1712264586.299459}
{"obj": {"type": "LogFloats", "path": ["monitoring", "4d72a671", "cpu"], "values": [{"value": 38.0, "step": null, "ts": 1712264596.3016582}]}, "version": 2335, "at": 1712264596.301904}
{"obj": {"type": "LogFloats", "path": ["monitoring", "4d72a671", "memory"], "values": [{"value": 11.105384826660156, "step": null, "ts": 1712264596.3016582}]}, "version": 2336, "at": 1712264596.302167}
{"obj": {"type": "LogFloats", "path": ["monitoring", "4d72a671", "cpu"], "values": [{"value": 27.2, "step": null, "ts": 1712264606.30612}]}, "version": 2337, "at": 1712264606.30641}
{"obj": {"type": "LogFloats", "path": ["monitoring", "4d72a671", "memory"], "values": [{"value": 11.071552276611328, "step": null, "ts": 1712264606.30612}]}, "version": 2338, "at": 1712264606.3067038}
{"obj": {"type": "LogFloats", "path": ["monitoring", "4d72a671", "cpu"], "values": [{"value": 26.8, "step": null, "ts": 1712264616.309332}]}, "version": 2339, "at": 1712264616.309528}
{"obj": {"type": "LogFloats", "path": ["monitoring", "4d72a671", "memory"], "values": [{"value": 11.040863037109375, "step": null, "ts": 1712264616.309332}]}, "version": 2340, "at": 1712264616.30972}
{"obj": {"type": "LogFloats", "path": ["monitoring", "4d72a671", "cpu"], "values": [{"value": 23.5, "step": null, "ts": 1712264626.3122098}]}, "version": 2341, "at": 1712264626.312449}
{"obj": {"type": "LogFloats", "path": ["monitoring", "4d72a671", "memory"], "values": [{"value": 11.058700561523438, "step": null, "ts": 1712264626.3122098}]}, "version": 2342, "at": 1712264626.3126469}
{"obj": {"type": "LogFloats", "path": ["monitoring", "4d72a671", "cpu"], "values": [{"value": 15.4, "step": null, "ts": 1712264636.315268}]}, "version": 2343, "at": 1712264636.315491}
{"obj": {"type": "LogFloats", "path": ["monitoring", "4d72a671", "memory"], "values": [{"value": 10.921379089355469, "step": null, "ts": 1712264636.315268}]}, "version": 2344, "at": 1712264636.315682}
{"obj": {"type": "LogFloats", "path": ["monitoring", "4d72a671", "cpu"], "values": [{"value": 26.2, "step": null, "ts": 1712264646.316444}]}, "version": 2345, "at": 1712264646.316698}
{"obj": {"type": "LogFloats", "path": ["monitoring", "4d72a671", "memory"], "values": [{"value": 9.67605209350586, "step": null, "ts": 1712264646.316444}]}, "version": 2346, "at": 1712264646.3169122}
{"obj": {"type": "LogFloats", "path": ["monitoring", "4d72a671", "cpu"], "values": [{"value": 21.3, "step": null, "ts": 1712264656.32096}]}, "version": 2347, "at": 1712264656.3211992}
{"obj": {"type": "LogFloats", "path": ["monitoring", "4d72a671", "memory"], "values": [{"value": 9.708320617675781, "step": null, "ts": 1712264656.32096}]}, "version": 2348, "at": 1712264656.321378}
{"obj": {"type": "LogFloats", "path": ["monitoring", "4d72a671", "cpu"], "values": [{"value": 13.9, "step": null, "ts": 1712264666.32639}]}, "version": 2349, "at": 1712264666.32659}
{"obj": {"type": "LogFloats", "path": ["monitoring", "4d72a671", "memory"], "values": [{"value": 9.61526870727539, "step": null, "ts": 1712264666.32639}]}, "version": 2350, "at": 1712264666.326772}
{"obj": {"type": "LogFloats", "path": ["monitoring", "4d72a671", "cpu"], "values": [{"value": 22.6, "step": null, "ts": 1712264676.3312151}]}, "version": 2351, "at": 1712264676.331436}
{"obj": {"type": "LogFloats", "path": ["monitoring", "4d72a671", "memory"], "values": [{"value": 9.670284271240234, "step": null, "ts": 1712264676.3312151}]}, "version": 2352, "at": 1712264676.3316128}
{"obj": {"type": "LogFloats", "path": ["monitoring", "4d72a671", "cpu"], "values": [{"value": 33.1, "step": null, "ts": 1712264686.338604}]}, "version": 2353, "at": 1712264686.338885}
{"obj": {"type": "LogFloats", "path": ["monitoring", "4d72a671", "memory"], "values": [{"value": 9.74862289428711, "step": null, "ts": 1712264686.338604}]}, "version": 2354, "at": 1712264686.3396108}
{"obj": {"type": "LogFloats", "path": ["monitoring", "4d72a671", "cpu"], "values": [{"value": 28.0, "step": null, "ts": 1712264696.3418639}]}, "version": 2355, "at": 1712264696.342166}
{"obj": {"type": "LogFloats", "path": ["monitoring", "4d72a671", "memory"], "values": [{"value": 9.547359466552734, "step": null, "ts": 1712264696.3418639}]}, "version": 2356, "at": 1712264696.3425019}
{"obj": {"type": "LogFloats", "path": ["monitoring", "4d72a671", "cpu"], "values": [{"value": 26.1, "step": null, "ts": 1712264706.344655}]}, "version": 2357, "at": 1712264706.3449202}
{"obj": {"type": "LogFloats", "path": ["monitoring", "4d72a671", "memory"], "values": [{"value": 9.692741394042969, "step": null, "ts": 1712264706.344655}]}, "version": 2358, "at": 1712264706.3451362}
{"obj": {"type": "LogFloats", "path": ["monitoring", "4d72a671", "cpu"], "values": [{"value": 16.7, "step": null, "ts": 1712264716.34917}]}, "version": 2359, "at": 1712264716.349408}
{"obj": {"type": "LogFloats", "path": ["monitoring", "4d72a671", "memory"], "values": [{"value": 9.628921508789062, "step": null, "ts": 1712264716.34917}]}, "version": 2360, "at": 1712264716.349598}
{"obj": {"type": "LogFloats", "path": ["monitoring", "4d72a671", "cpu"], "values": [{"value": 14.6, "step": null, "ts": 1712264726.353293}]}, "version": 2361, "at": 1712264726.3535202}
{"obj": {"type": "LogFloats", "path": ["monitoring", "4d72a671", "memory"], "values": [{"value": 9.542243957519531, "step": null, "ts": 1712264726.353293}]}, "version": 2362, "at": 1712264726.353693}
{"obj": {"type": "LogFloats", "path": ["monitoring", "4d72a671", "cpu"], "values": [{"value": 14.9, "step": null, "ts": 1712264736.3559601}]}, "version": 2363, "at": 1712264736.356205}
{"obj": {"type": "LogFloats", "path": ["monitoring", "4d72a671", "memory"], "values": [{"value": 9.616157531738281, "step": null, "ts": 1712264736.3559601}]}, "version": 2364, "at": 1712264736.3564}
{"obj": {"type": "LogFloats", "path": ["monitoring", "4d72a671", "cpu"], "values": [{"value": 13.9, "step": null, "ts": 1712264746.3566332}]}, "version": 2365, "at": 1712264746.356891}
{"obj": {"type": "LogFloats", "path": ["monitoring", "4d72a671", "memory"], "values": [{"value": 9.608528137207031, "step": null, "ts": 1712264746.3566332}]}, "version": 2366, "at": 1712264746.357079}
{"obj": {"type": "LogFloats", "path": ["monitoring", "4d72a671", "cpu"], "values": [{"value": 14.5, "step": null, "ts": 1712264756.3620749}]}, "version": 2367, "at": 1712264756.362292}
{"obj": {"type": "LogFloats", "path": ["monitoring", "4d72a671", "memory"], "values": [{"value": 9.660598754882812, "step": null, "ts": 1712264756.3620749}]}, "version": 2368, "at": 1712264756.362474}
{"obj": {"type": "LogFloats", "path": ["monitoring", "4d72a671", "cpu"], "values": [{"value": 14.2, "step": null, "ts": 1712264766.366847}]}, "version": 2369, "at": 1712264766.36709}
{"obj": {"type": "LogFloats", "path": ["monitoring", "4d72a671", "memory"], "values": [{"value": 9.640499114990234, "step": null, "ts": 1712264766.366847}]}, "version": 2370, "at": 1712264766.367282}
{"obj": {"type": "LogFloats", "path": ["monitoring", "4d72a671", "cpu"], "values": [{"value": 14.7, "step": null, "ts": 1712264776.3705652}]}, "version": 2371, "at": 1712264776.3707972}
{"obj": {"type": "LogFloats", "path": ["monitoring", "4d72a671", "memory"], "values": [{"value": 9.63454818725586, "step": null, "ts": 1712264776.3705652}]}, "version": 2372, "at": 1712264776.371028}
{"obj": {"type": "LogFloats", "path": ["monitoring", "4d72a671", "cpu"], "values": [{"value": 14.0, "step": null, "ts": 1712264786.375645}]}, "version": 2373, "at": 1712264786.37586}
{"obj": {"type": "LogFloats", "path": ["monitoring", "4d72a671", "memory"], "values": [{"value": 9.64288330078125, "step": null, "ts": 1712264786.375645}]}, "version": 2374, "at": 1712264786.376053}
{"obj": {"type": "LogFloats", "path": ["monitoring", "4d72a671", "cpu"], "values": [{"value": 14.1, "step": null, "ts": 1712264796.3796139}]}, "version": 2375, "at": 1712264796.379822}
{"obj": {"type": "LogFloats", "path": ["monitoring", "4d72a671", "memory"], "values": [{"value": 9.665775299072266, "step": null, "ts": 1712264796.3796139}]}, "version": 2376, "at": 1712264796.379999}
{"obj": {"type": "LogFloats", "path": ["monitoring", "4d72a671", "cpu"], "values": [{"value": 14.9, "step": null, "ts": 1712264806.3816168}]}, "version": 2377, "at": 1712264806.381859}
{"obj": {"type": "LogFloats", "path": ["monitoring", "4d72a671", "memory"], "values": [{"value": 9.66790771484375, "step": null, "ts": 1712264806.3816168}]}, "version": 2378, "at": 1712264806.382046}
{"obj": {"type": "LogFloats", "path": ["monitoring", "4d72a671", "cpu"], "values": [{"value": 14.5, "step": null, "ts": 1712264816.387137}]}, "version": 2379, "at": 1712264816.387365}
{"obj": {"type": "LogFloats", "path": ["monitoring", "4d72a671", "memory"], "values": [{"value": 9.628608703613281, "step": null, "ts": 1712264816.387137}]}, "version": 2380, "at": 1712264816.3875709}
{"obj": {"type": "LogFloats", "path": ["monitoring", "4d72a671", "cpu"], "values": [{"value": 14.9, "step": null, "ts": 1712264826.3878121}]}, "version": 2381, "at": 1712264826.3880188}
{"obj": {"type": "LogFloats", "path": ["monitoring", "4d72a671", "memory"], "values": [{"value": 9.649681091308594, "step": null, "ts": 1712264826.3878121}]}, "version": 2382, "at": 1712264826.3881972}
{"obj": {"type": "LogFloats", "path": ["monitoring", "4d72a671", "cpu"], "values": [{"value": 15.5, "step": null, "ts": 1712264836.393038}]}, "version": 2383, "at": 1712264836.3932989}
{"obj": {"type": "LogFloats", "path": ["monitoring", "4d72a671", "memory"], "values": [{"value": 9.69793701171875, "step": null, "ts": 1712264836.393038}]}, "version": 2384, "at": 1712264836.39357}
{"obj": {"type": "LogFloats", "path": ["monitoring", "4d72a671", "cpu"], "values": [{"value": 15.6, "step": null, "ts": 1712264846.398668}]}, "version": 2385, "at": 1712264846.398871}
{"obj": {"type": "LogFloats", "path": ["monitoring", "4d72a671", "memory"], "values": [{"value": 9.689739227294922, "step": null, "ts": 1712264846.398668}]}, "version": 2386, "at": 1712264846.399054}
{"obj": {"type": "LogFloats", "path": ["monitoring", "4d72a671", "cpu"], "values": [{"value": 15.8, "step": null, "ts": 1712264856.4040802}]}, "version": 2387, "at": 1712264856.40434}
{"obj": {"type": "LogFloats", "path": ["monitoring", "4d72a671", "memory"], "values": [{"value": 9.688060760498047, "step": null, "ts": 1712264856.4040802}]}, "version": 2388, "at": 1712264856.404546}
{"obj": {"type": "LogFloats", "path": ["monitoring", "4d72a671", "cpu"], "values": [{"value": 14.0, "step": null, "ts": 1712264866.406864}]}, "version": 2389, "at": 1712264866.407069}
{"obj": {"type": "LogFloats", "path": ["monitoring", "4d72a671", "memory"], "values": [{"value": 9.672077178955078, "step": null, "ts": 1712264866.406864}]}, "version": 2390, "at": 1712264866.407239}
{"obj": {"type": "LogFloats", "path": ["monitoring", "4d72a671", "cpu"], "values": [{"value": 13.9, "step": null, "ts": 1712264876.4077811}]}, "version": 2391, "at": 1712264876.407997}
{"obj": {"type": "LogFloats", "path": ["monitoring", "4d72a671", "memory"], "values": [{"value": 9.660415649414062, "step": null, "ts": 1712264876.4077811}]}, "version": 2392, "at": 1712264876.408179}
{"obj": {"type": "LogFloats", "path": ["monitoring", "4d72a671", "cpu"], "values": [{"value": 14.7, "step": null, "ts": 1712264886.411882}]}, "version": 2393, "at": 1712264886.412141}
{"obj": {"type": "LogFloats", "path": ["monitoring", "4d72a671", "memory"], "values": [{"value": 9.648208618164062, "step": null, "ts": 1712264886.411882}]}, "version": 2394, "at": 1712264886.4123461}
{"obj": {"type": "LogFloats", "path": ["monitoring", "4d72a671", "cpu"], "values": [{"value": 14.2, "step": null, "ts": 1712264896.417377}]}, "version": 2395, "at": 1712264896.417612}
{"obj": {"type": "LogFloats", "path": ["monitoring", "4d72a671", "memory"], "values": [{"value": 9.651397705078125, "step": null, "ts": 1712264896.417377}]}, "version": 2396, "at": 1712264896.4177978}
{"obj": {"type": "LogFloats", "path": ["monitoring", "4d72a671", "cpu"], "values": [{"value": 13.9, "step": null, "ts": 1712264906.422862}]}, "version": 2397, "at": 1712264906.4231129}
{"obj": {"type": "LogFloats", "path": ["monitoring", "4d72a671", "memory"], "values": [{"value": 9.654029846191406, "step": null, "ts": 1712264906.422862}]}, "version": 2398, "at": 1712264906.423337}
{"obj": {"type": "LogFloats", "path": ["monitoring", "4d72a671", "cpu"], "values": [{"value": 14.0, "step": null, "ts": 1712264916.4280431}]}, "version": 2399, "at": 1712264916.428315}
{"obj": {"type": "LogFloats", "path": ["monitoring", "4d72a671", "memory"], "values": [{"value": 9.64944076538086, "step": null, "ts": 1712264916.4280431}]}, "version": 2400, "at": 1712264916.42851}
{"obj": {"type": "LogFloats", "path": ["monitoring", "4d72a671", "cpu"], "values": [{"value": 14.1, "step": null, "ts": 1712264926.4299939}]}, "version": 2401, "at": 1712264926.43023}
{"obj": {"type": "LogFloats", "path": ["monitoring", "4d72a671", "memory"], "values": [{"value": 9.651344299316406, "step": null, "ts": 1712264926.4299939}]}, "version": 2402, "at": 1712264926.430469}
{"obj": {"type": "LogFloats", "path": ["monitoring", "4d72a671", "cpu"], "values": [{"value": 14.0, "step": null, "ts": 1712264936.4306712}]}, "version": 2403, "at": 1712264936.430912}
{"obj": {"type": "LogFloats", "path": ["monitoring", "4d72a671", "memory"], "values": [{"value": 9.66305923461914, "step": null, "ts": 1712264936.4306712}]}, "version": 2404, "at": 1712264936.431072}
{"obj": {"type": "LogFloats", "path": ["monitoring", "4d72a671", "cpu"], "values": [{"value": 14.2, "step": null, "ts": 1712264946.433236}]}, "version": 2405, "at": 1712264946.4334478}
{"obj": {"type": "LogFloats", "path": ["monitoring", "4d72a671", "memory"], "values": [{"value": 9.664535522460938, "step": null, "ts": 1712264946.433236}]}, "version": 2406, "at": 1712264946.433642}
{"obj": {"type": "LogFloats", "path": ["monitoring", "4d72a671", "cpu"], "values": [{"value": 16.0, "step": null, "ts": 1712264956.4370902}]}, "version": 2407, "at": 1712264956.437343}
{"obj": {"type": "LogFloats", "path": ["monitoring", "4d72a671", "memory"], "values": [{"value": 9.661846160888672, "step": null, "ts": 1712264956.4370902}]}, "version": 2408, "at": 1712264956.437539}
{"obj": {"type": "LogFloats", "path": ["monitoring", "4d72a671", "cpu"], "values": [{"value": 14.2, "step": null, "ts": 1712264966.441539}]}, "version": 2409, "at": 1712264966.4417531}
{"obj": {"type": "LogFloats", "path": ["monitoring", "4d72a671", "memory"], "values": [{"value": 9.670940399169922, "step": null, "ts": 1712264966.441539}]}, "version": 2410, "at": 1712264966.441895}
{"obj": {"type": "LogFloats", "path": ["monitoring", "4d72a671", "cpu"], "values": [{"value": 14.2, "step": null, "ts": 1712264976.4435358}]}, "version": 2411, "at": 1712264976.443753}
{"obj": {"type": "LogFloats", "path": ["monitoring", "4d72a671", "memory"], "values": [{"value": 9.666755676269531, "step": null, "ts": 1712264976.4435358}]}, "version": 2412, "at": 1712264976.443979}
{"obj": {"type": "LogFloats", "path": ["monitoring", "4d72a671", "cpu"], "values": [{"value": 14.0, "step": null, "ts": 1712264986.449045}]}, "version": 2413, "at": 1712264986.449285}
{"obj": {"type": "LogFloats", "path": ["monitoring", "4d72a671", "memory"], "values": [{"value": 9.687557220458984, "step": null, "ts": 1712264986.449045}]}, "version": 2414, "at": 1712264986.449464}
{"obj": {"type": "LogFloats", "path": ["monitoring", "4d72a671", "cpu"], "values": [{"value": 13.9, "step": null, "ts": 1712264996.454058}]}, "version": 2415, "at": 1712264996.454319}
{"obj": {"type": "LogFloats", "path": ["monitoring", "4d72a671", "memory"], "values": [{"value": 9.688167572021484, "step": null, "ts": 1712264996.454058}]}, "version": 2416, "at": 1712264996.4545121}
{"obj": {"type": "LogFloats", "path": ["monitoring", "4d72a671", "cpu"], "values": [{"value": 16.8, "step": null, "ts": 1712265006.4543412}]}, "version": 2417, "at": 1712265006.454596}
{"obj": {"type": "LogFloats", "path": ["monitoring", "4d72a671", "memory"], "values": [{"value": 9.693122863769531, "step": null, "ts": 1712265006.4543412}]}, "version": 2418, "at": 1712265006.454779}
{"obj": {"type": "LogFloats", "path": ["monitoring", "4d72a671", "cpu"], "values": [{"value": 14.5, "step": null, "ts": 1712265016.453644}]}, "version": 2419, "at": 1712265016.453838}
{"obj": {"type": "LogFloats", "path": ["monitoring", "4d72a671", "memory"], "values": [{"value": 9.696578979492188, "step": null, "ts": 1712265016.453644}]}, "version": 2420, "at": 1712265016.454078}
{"obj": {"type": "LogFloats", "path": ["monitoring", "4d72a671", "cpu"], "values": [{"value": 14.0, "step": null, "ts": 1712265026.45972}]}, "version": 2421, "at": 1712265026.459956}
{"obj": {"type": "LogFloats", "path": ["monitoring", "4d72a671", "memory"], "values": [{"value": 9.717819213867188, "step": null, "ts": 1712265026.45972}]}, "version": 2422, "at": 1712265026.460146}
{"obj": {"type": "LogFloats", "path": ["monitoring", "4d72a671", "cpu"], "values": [{"value": 14.0, "step": null, "ts": 1712265036.4683468}]}, "version": 2423, "at": 1712265036.468639}
{"obj": {"type": "LogFloats", "path": ["monitoring", "4d72a671", "memory"], "values": [{"value": 9.756427764892578, "step": null, "ts": 1712265036.4683468}]}, "version": 2424, "at": 1712265036.468928}
{"obj": {"type": "LogFloats", "path": ["monitoring", "4d72a671", "cpu"], "values": [{"value": 13.8, "step": null, "ts": 1712265046.47243}]}, "version": 2425, "at": 1712265046.472667}
{"obj": {"type": "LogFloats", "path": ["monitoring", "4d72a671", "memory"], "values": [{"value": 9.756977081298828, "step": null, "ts": 1712265046.47243}]}, "version": 2426, "at": 1712265046.472825}
{"obj": {"type": "LogFloats", "path": ["monitoring", "4d72a671", "cpu"], "values": [{"value": 13.6, "step": null, "ts": 1712265056.482739}]}, "version": 2427, "at": 1712265056.482948}
{"obj": {"type": "LogFloats", "path": ["monitoring", "4d72a671", "memory"], "values": [{"value": 9.759113311767578, "step": null, "ts": 1712265056.482739}]}, "version": 2428, "at": 1712265056.483124}
{"obj": {"type": "LogFloats", "path": ["monitoring", "4d72a671", "cpu"], "values": [{"value": 14.8, "step": null, "ts": 1712265066.489718}]}, "version": 2429, "at": 1712265066.489953}
{"obj": {"type": "LogFloats", "path": ["monitoring", "4d72a671", "memory"], "values": [{"value": 9.722831726074219, "step": null, "ts": 1712265066.489718}]}, "version": 2430, "at": 1712265066.490122}
{"obj": {"type": "LogFloats", "path": ["monitoring", "4d72a671", "cpu"], "values": [{"value": 14.3, "step": null, "ts": 1712265076.5000699}]}, "version": 2431, "at": 1712265076.500304}
{"obj": {"type": "LogFloats", "path": ["monitoring", "4d72a671", "memory"], "values": [{"value": 9.717201232910156, "step": null, "ts": 1712265076.5000699}]}, "version": 2432, "at": 1712265076.5004969}
{"obj": {"type": "LogFloats", "path": ["monitoring", "4d72a671", "cpu"], "values": [{"value": 14.0, "step": null, "ts": 1712265086.504012}]}, "version": 2433, "at": 1712265086.5042539}
{"obj": {"type": "LogFloats", "path": ["monitoring", "4d72a671", "memory"], "values": [{"value": 9.717132568359375, "step": null, "ts": 1712265086.504012}]}, "version": 2434, "at": 1712265086.5044281}
{"obj": {"type": "LogFloats", "path": ["monitoring", "4d72a671", "cpu"], "values": [{"value": 13.8, "step": null, "ts": 1712265096.5051048}]}, "version": 2435, "at": 1712265096.505315}
{"obj": {"type": "LogFloats", "path": ["monitoring", "4d72a671", "memory"], "values": [{"value": 9.716449737548828, "step": null, "ts": 1712265096.5051048}]}, "version": 2436, "at": 1712265096.505528}
{"obj": {"type": "LogFloats", "path": ["monitoring", "4d72a671", "cpu"], "values": [{"value": 14.1, "step": null, "ts": 1712265106.5137239}]}, "version": 2437, "at": 1712265106.513964}
{"obj": {"type": "LogFloats", "path": ["monitoring", "4d72a671", "memory"], "values": [{"value": 9.71005630493164, "step": null, "ts": 1712265106.5137239}]}, "version": 2438, "at": 1712265106.514286}
{"obj": {"type": "LogFloats", "path": ["monitoring", "4d72a671", "cpu"], "values": [{"value": 13.7, "step": null, "ts": 1712265116.52287}]}, "version": 2439, "at": 1712265116.523082}
{"obj": {"type": "LogFloats", "path": ["monitoring", "4d72a671", "memory"], "values": [{"value": 9.713554382324219, "step": null, "ts": 1712265116.52287}]}, "version": 2440, "at": 1712265116.5232692}
{"obj": {"type": "LogFloats", "path": ["monitoring", "4d72a671", "cpu"], "values": [{"value": 14.5, "step": null, "ts": 1712265126.5335739}]}, "version": 2441, "at": 1712265126.533825}
{"obj": {"type": "LogFloats", "path": ["monitoring", "4d72a671", "memory"], "values": [{"value": 9.726097106933594, "step": null, "ts": 1712265126.5335739}]}, "version": 2442, "at": 1712265126.533993}
{"obj": {"type": "LogFloats", "path": ["monitoring", "4d72a671", "cpu"], "values": [{"value": 13.7, "step": null, "ts": 1712265136.535977}]}, "version": 2443, "at": 1712265136.536195}
{"obj": {"type": "LogFloats", "path": ["monitoring", "4d72a671", "memory"], "values": [{"value": 9.726142883300781, "step": null, "ts": 1712265136.535977}]}, "version": 2444, "at": 1712265136.5363998}
{"obj": {"type": "LogFloats", "path": ["monitoring", "4d72a671", "cpu"], "values": [{"value": 15.0, "step": null, "ts": 1712265146.537411}]}, "version": 2445, "at": 1712265146.537666}
{"obj": {"type": "LogFloats", "path": ["monitoring", "4d72a671", "memory"], "values": [{"value": 9.733718872070312, "step": null, "ts": 1712265146.537411}]}, "version": 2446, "at": 1712265146.537855}
{"obj": {"type": "LogFloats", "path": ["monitoring", "4d72a671", "cpu"], "values": [{"value": 14.4, "step": null, "ts": 1712265156.545312}]}, "version": 2447, "at": 1712265156.545513}
{"obj": {"type": "LogFloats", "path": ["monitoring", "4d72a671", "memory"], "values": [{"value": 9.728355407714844, "step": null, "ts": 1712265156.545312}]}, "version": 2448, "at": 1712265156.5456908}
{"obj": {"type": "LogFloats", "path": ["monitoring", "4d72a671", "cpu"], "values": [{"value": 13.9, "step": null, "ts": 1712265166.550546}]}, "version": 2449, "at": 1712265166.5507898}
{"obj": {"type": "LogFloats", "path": ["monitoring", "4d72a671", "memory"], "values": [{"value": 9.72650146484375, "step": null, "ts": 1712265166.550546}]}, "version": 2450, "at": 1712265166.550975}
{"obj": {"type": "LogFloats", "path": ["monitoring", "4d72a671", "cpu"], "values": [{"value": 14.4, "step": null, "ts": 1712265176.555234}]}, "version": 2451, "at": 1712265176.555448}
{"obj": {"type": "LogFloats", "path": ["monitoring", "4d72a671", "memory"], "values": [{"value": 9.735786437988281, "step": null, "ts": 1712265176.555234}]}, "version": 2452, "at": 1712265176.555645}
{"obj": {"type": "LogFloats", "path": ["monitoring", "4d72a671", "cpu"], "values": [{"value": 14.4, "step": null, "ts": 1712265186.555985}]}, "version": 2453, "at": 1712265186.556227}
{"obj": {"type": "LogFloats", "path": ["monitoring", "4d72a671", "memory"], "values": [{"value": 9.717788696289062, "step": null, "ts": 1712265186.555985}]}, "version": 2454, "at": 1712265186.556401}
{"obj": {"type": "LogFloats", "path": ["monitoring", "4d72a671", "cpu"], "values": [{"value": 14.4, "step": null, "ts": 1712265196.557152}]}, "version": 2455, "at": 1712265196.557438}
{"obj": {"type": "LogFloats", "path": ["monitoring", "4d72a671", "memory"], "values": [{"value": 9.72281265258789, "step": null, "ts": 1712265196.557152}]}, "version": 2456, "at": 1712265196.557627}
{"obj": {"type": "LogFloats", "path": ["monitoring", "4d72a671", "cpu"], "values": [{"value": 13.6, "step": null, "ts": 1712265206.559308}]}, "version": 2457, "at": 1712265206.559552}
{"obj": {"type": "LogFloats", "path": ["monitoring", "4d72a671", "memory"], "values": [{"value": 9.72247314453125, "step": null, "ts": 1712265206.559308}]}, "version": 2458, "at": 1712265206.559731}
{"obj": {"type": "LogFloats", "path": ["monitoring", "4d72a671", "cpu"], "values": [{"value": 14.0, "step": null, "ts": 1712265216.560745}]}, "version": 2459, "at": 1712265216.560987}
{"obj": {"type": "LogFloats", "path": ["monitoring", "4d72a671", "memory"], "values": [{"value": 9.716110229492188, "step": null, "ts": 1712265216.560745}]}, "version": 2460, "at": 1712265216.561182}
{"obj": {"type": "LogFloats", "path": ["monitoring", "4d72a671", "cpu"], "values": [{"value": 14.2, "step": null, "ts": 1712265226.569511}]}, "version": 2461, "at": 1712265226.569746}
{"obj": {"type": "LogFloats", "path": ["monitoring", "4d72a671", "memory"], "values": [{"value": 9.726020812988281, "step": null, "ts": 1712265226.569511}]}, "version": 2462, "at": 1712265226.5699189}
{"obj": {"type": "LogFloats", "path": ["monitoring", "4d72a671", "cpu"], "values": [{"value": 13.8, "step": null, "ts": 1712265236.574017}]}, "version": 2463, "at": 1712265236.574257}
{"obj": {"type": "LogFloats", "path": ["monitoring", "4d72a671", "memory"], "values": [{"value": 9.723907470703125, "step": null, "ts": 1712265236.574017}]}, "version": 2464, "at": 1712265236.57443}
{"obj": {"type": "LogFloats", "path": ["monitoring", "4d72a671", "cpu"], "values": [{"value": 14.0, "step": null, "ts": 1712265246.576641}]}, "version": 2465, "at": 1712265246.5768828}
{"obj": {"type": "LogFloats", "path": ["monitoring", "4d72a671", "memory"], "values": [{"value": 9.726726531982422, "step": null, "ts": 1712265246.576641}]}, "version": 2466, "at": 1712265246.5770738}
{"obj": {"type": "LogFloats", "path": ["monitoring", "4d72a671", "cpu"], "values": [{"value": 16.1, "step": null, "ts": 1712265256.58268}]}, "version": 2467, "at": 1712265256.582887}
{"obj": {"type": "LogFloats", "path": ["monitoring", "4d72a671", "memory"], "values": [{"value": 9.73012924194336, "step": null, "ts": 1712265256.58268}]}, "version": 2468, "at": 1712265256.583068}
{"obj": {"type": "LogFloats", "path": ["monitoring", "4d72a671", "cpu"], "values": [{"value": 14.3, "step": null, "ts": 1712265266.5928729}]}, "version": 2469, "at": 1712265266.593081}
{"obj": {"type": "LogFloats", "path": ["monitoring", "4d72a671", "memory"], "values": [{"value": 9.817291259765625, "step": null, "ts": 1712265266.5928729}]}, "version": 2470, "at": 1712265266.5932548}
{"obj": {"type": "LogFloats", "path": ["monitoring", "4d72a671", "cpu"], "values": [{"value": 14.6, "step": null, "ts": 1712265276.599946}]}, "version": 2471, "at": 1712265276.600186}
{"obj": {"type": "LogFloats", "path": ["monitoring", "4d72a671", "memory"], "values": [{"value": 9.812568664550781, "step": null, "ts": 1712265276.599946}]}, "version": 2472, "at": 1712265276.600377}
{"obj": {"type": "LogFloats", "path": ["monitoring", "4d72a671", "cpu"], "values": [{"value": 13.8, "step": null, "ts": 1712265286.6080582}]}, "version": 2473, "at": 1712265286.608277}
{"obj": {"type": "LogFloats", "path": ["monitoring", "4d72a671", "memory"], "values": [{"value": 9.76849365234375, "step": null, "ts": 1712265286.6080582}]}, "version": 2474, "at": 1712265286.608495}
{"obj": {"type": "LogFloats", "path": ["monitoring", "4d72a671", "cpu"], "values": [{"value": 13.9, "step": null, "ts": 1712265296.618628}]}, "version": 2475, "at": 1712265296.618867}
{"obj": {"type": "LogFloats", "path": ["monitoring", "4d72a671", "memory"], "values": [{"value": 9.782638549804688, "step": null, "ts": 1712265296.618628}]}, "version": 2476, "at": 1712265296.61904}
{"obj": {"type": "LogFloats", "path": ["monitoring", "4d72a671", "cpu"], "values": [{"value": 14.0, "step": null, "ts": 1712265306.628778}]}, "version": 2477, "at": 1712265306.628978}
{"obj": {"type": "LogFloats", "path": ["monitoring", "4d72a671", "memory"], "values": [{"value": 9.787994384765625, "step": null, "ts": 1712265306.628778}]}, "version": 2478, "at": 1712265306.629157}
{"obj": {"type": "LogFloats", "path": ["monitoring", "4d72a671", "cpu"], "values": [{"value": 13.9, "step": null, "ts": 1712265316.637028}]}, "version": 2479, "at": 1712265316.637283}
{"obj": {"type": "LogFloats", "path": ["monitoring", "4d72a671", "memory"], "values": [{"value": 9.786407470703125, "step": null, "ts": 1712265316.637028}]}, "version": 2480, "at": 1712265316.6374881}
{"obj": {"type": "LogFloats", "path": ["monitoring", "4d72a671", "cpu"], "values": [{"value": 13.7, "step": null, "ts": 1712265326.6477928}]}, "version": 2481, "at": 1712265326.648035}
{"obj": {"type": "LogFloats", "path": ["monitoring", "4d72a671", "memory"], "values": [{"value": 9.788963317871094, "step": null, "ts": 1712265326.6477928}]}, "version": 2482, "at": 1712265326.651833}
{"obj": {"type": "LogFloats", "path": ["monitoring", "4d72a671", "cpu"], "values": [{"value": 14.1, "step": null, "ts": 1712265336.6585212}]}, "version": 2483, "at": 1712265336.6587489}
{"obj": {"type": "LogFloats", "path": ["monitoring", "4d72a671", "memory"], "values": [{"value": 9.845661163330078, "step": null, "ts": 1712265336.6585212}]}, "version": 2484, "at": 1712265336.6589608}
{"obj": {"type": "LogFloats", "path": ["monitoring", "4d72a671", "cpu"], "values": [{"value": 13.8, "step": null, "ts": 1712265346.6690261}]}, "version": 2485, "at": 1712265346.669274}
{"obj": {"type": "LogFloats", "path": ["monitoring", "4d72a671", "memory"], "values": [{"value": 9.846145629882812, "step": null, "ts": 1712265346.6690261}]}, "version": 2486, "at": 1712265346.669454}
{"obj": {"type": "LogFloats", "path": ["monitoring", "4d72a671", "cpu"], "values": [{"value": 13.9, "step": null, "ts": 1712265356.675144}]}, "version": 2487, "at": 1712265356.675394}
{"obj": {"type": "LogFloats", "path": ["monitoring", "4d72a671", "memory"], "values": [{"value": 9.832679748535156, "step": null, "ts": 1712265356.675144}]}, "version": 2488, "at": 1712265356.675576}
{"obj": {"type": "LogFloats", "path": ["monitoring", "4d72a671", "cpu"], "values": [{"value": 14.7, "step": null, "ts": 1712265366.680623}]}, "version": 2489, "at": 1712265366.680886}
{"obj": {"type": "LogFloats", "path": ["monitoring", "4d72a671", "memory"], "values": [{"value": 9.824535369873047, "step": null, "ts": 1712265366.680623}]}, "version": 2490, "at": 1712265366.6811771}
{"obj": {"type": "LogFloats", "path": ["monitoring", "4d72a671", "cpu"], "values": [{"value": 15.2, "step": null, "ts": 1712265376.6832}]}, "version": 2491, "at": 1712265376.683445}
{"obj": {"type": "LogFloats", "path": ["monitoring", "4d72a671", "memory"], "values": [{"value": 9.836044311523438, "step": null, "ts": 1712265376.6832}]}, "version": 2492, "at": 1712265376.6836212}
{"obj": {"type": "LogFloats", "path": ["monitoring", "4d72a671", "cpu"], "values": [{"value": 14.4, "step": null, "ts": 1712265386.687169}]}, "version": 2493, "at": 1712265386.687428}
{"obj": {"type": "LogFloats", "path": ["monitoring", "4d72a671", "memory"], "values": [{"value": 9.82632064819336, "step": null, "ts": 1712265386.687169}]}, "version": 2494, "at": 1712265386.687617}
{"obj": {"type": "LogFloats", "path": ["monitoring", "4d72a671", "cpu"], "values": [{"value": 14.5, "step": null, "ts": 1712265396.697939}]}, "version": 2495, "at": 1712265396.6981518}
{"obj": {"type": "LogFloats", "path": ["monitoring", "4d72a671", "memory"], "values": [{"value": 9.831314086914062, "step": null, "ts": 1712265396.697939}]}, "version": 2496, "at": 1712265396.698352}
{"obj": {"type": "LogFloats", "path": ["monitoring", "4d72a671", "cpu"], "values": [{"value": 13.8, "step": null, "ts": 1712265406.705015}]}, "version": 2497, "at": 1712265406.705226}
{"obj": {"type": "LogFloats", "path": ["monitoring", "4d72a671", "memory"], "values": [{"value": 9.83123779296875, "step": null, "ts": 1712265406.705015}]}, "version": 2498, "at": 1712265406.7054431}
{"obj": {"type": "LogFloats", "path": ["monitoring", "4d72a671", "cpu"], "values": [{"value": 13.9, "step": null, "ts": 1712265416.709295}]}, "version": 2499, "at": 1712265416.709541}
{"obj": {"type": "LogFloats", "path": ["monitoring", "4d72a671", "memory"], "values": [{"value": 9.834880828857422, "step": null, "ts": 1712265416.709295}]}, "version": 2500, "at": 1712265416.709771}
{"obj": {"type": "LogFloats", "path": ["monitoring", "4d72a671", "cpu"], "values": [{"value": 14.4, "step": null, "ts": 1712265426.7117472}]}, "version": 2501, "at": 1712265426.7119958}
{"obj": {"type": "LogFloats", "path": ["monitoring", "4d72a671", "memory"], "values": [{"value": 9.842857360839844, "step": null, "ts": 1712265426.7117472}]}, "version": 2502, "at": 1712265426.712181}
{"obj": {"type": "LogFloats", "path": ["monitoring", "4d72a671", "cpu"], "values": [{"value": 13.8, "step": null, "ts": 1712265436.719296}]}, "version": 2503, "at": 1712265436.719509}
{"obj": {"type": "LogFloats", "path": ["monitoring", "4d72a671", "memory"], "values": [{"value": 9.836013793945312, "step": null, "ts": 1712265436.719296}]}, "version": 2504, "at": 1712265436.719699}
{"obj": {"type": "LogFloats", "path": ["monitoring", "4d72a671", "cpu"], "values": [{"value": 14.0, "step": null, "ts": 1712265446.726149}]}, "version": 2505, "at": 1712265446.726357}
{"obj": {"type": "LogFloats", "path": ["monitoring", "4d72a671", "memory"], "values": [{"value": 9.837448120117188, "step": null, "ts": 1712265446.726149}]}, "version": 2506, "at": 1712265446.726539}
{"obj": {"type": "LogFloats", "path": ["monitoring", "4d72a671", "cpu"], "values": [{"value": 13.7, "step": null, "ts": 1712265456.736785}]}, "version": 2507, "at": 1712265456.73702}
{"obj": {"type": "LogFloats", "path": ["monitoring", "4d72a671", "memory"], "values": [{"value": 9.79232406616211, "step": null, "ts": 1712265456.736785}]}, "version": 2508, "at": 1712265456.737241}
{"obj": {"type": "LogFloats", "path": ["monitoring", "4d72a671", "cpu"], "values": [{"value": 14.4, "step": null, "ts": 1712265466.744958}]}, "version": 2509, "at": 1712265466.745162}
{"obj": {"type": "LogFloats", "path": ["monitoring", "4d72a671", "memory"], "values": [{"value": 9.798698425292969, "step": null, "ts": 1712265466.744958}]}, "version": 2510, "at": 1712265466.745387}
{"obj": {"type": "LogFloats", "path": ["monitoring", "4d72a671", "cpu"], "values": [{"value": 13.7, "step": null, "ts": 1712265476.753563}]}, "version": 2511, "at": 1712265476.753799}
{"obj": {"type": "LogFloats", "path": ["monitoring", "4d72a671", "memory"], "values": [{"value": 9.806549072265625, "step": null, "ts": 1712265476.753563}]}, "version": 2512, "at": 1712265476.75398}
{"obj": {"type": "LogFloats", "path": ["monitoring", "4d72a671", "cpu"], "values": [{"value": 14.0, "step": null, "ts": 1712265486.759965}]}, "version": 2513, "at": 1712265486.760182}
{"obj": {"type": "LogFloats", "path": ["monitoring", "4d72a671", "memory"], "values": [{"value": 9.809711456298828, "step": null, "ts": 1712265486.759965}]}, "version": 2514, "at": 1712265486.760385}
{"obj": {"type": "LogFloats", "path": ["monitoring", "4d72a671", "cpu"], "values": [{"value": 14.9, "step": null, "ts": 1712265496.770633}]}, "version": 2515, "at": 1712265496.7708402}
{"obj": {"type": "LogFloats", "path": ["monitoring", "4d72a671", "memory"], "values": [{"value": 9.820556640625, "step": null, "ts": 1712265496.770633}]}, "version": 2516, "at": 1712265496.771017}
{"obj": {"type": "LogFloats", "path": ["monitoring", "4d72a671", "cpu"], "values": [{"value": 13.7, "step": null, "ts": 1712265506.776628}]}, "version": 2517, "at": 1712265506.776831}
{"obj": {"type": "LogFloats", "path": ["monitoring", "4d72a671", "memory"], "values": [{"value": 9.820720672607422, "step": null, "ts": 1712265506.776628}]}, "version": 2518, "at": 1712265506.7770119}
{"obj": {"type": "LogFloats", "path": ["monitoring", "4d72a671", "cpu"], "values": [{"value": 14.2, "step": null, "ts": 1712265516.7816992}]}, "version": 2519, "at": 1712265516.781908}
{"obj": {"type": "LogFloats", "path": ["monitoring", "4d72a671", "memory"], "values": [{"value": 9.77615737915039, "step": null, "ts": 1712265516.7816992}]}, "version": 2520, "at": 1712265516.78209}
{"obj": {"type": "LogFloats", "path": ["monitoring", "4d72a671", "cpu"], "values": [{"value": 14.1, "step": null, "ts": 1712265526.7837021}]}, "version": 2521, "at": 1712265526.783919}
{"obj": {"type": "LogFloats", "path": ["monitoring", "4d72a671", "memory"], "values": [{"value": 9.819942474365234, "step": null, "ts": 1712265526.7837021}]}, "version": 2522, "at": 1712265526.78422}
{"obj": {"type": "LogFloats", "path": ["monitoring", "4d72a671", "cpu"], "values": [{"value": 13.9, "step": null, "ts": 1712265536.7914839}]}, "version": 2523, "at": 1712265536.791711}
{"obj": {"type": "LogFloats", "path": ["monitoring", "4d72a671", "memory"], "values": [{"value": 9.827598571777344, "step": null, "ts": 1712265536.7914839}]}, "version": 2524, "at": 1712265536.791914}
{"obj": {"type": "LogFloats", "path": ["monitoring", "4d72a671", "cpu"], "values": [{"value": 14.0, "step": null, "ts": 1712265546.796402}]}, "version": 2525, "at": 1712265546.796604}
{"obj": {"type": "LogFloats", "path": ["monitoring", "4d72a671", "memory"], "values": [{"value": 9.840763092041016, "step": null, "ts": 1712265546.796402}]}, "version": 2526, "at": 1712265546.7967842}
{"obj": {"type": "LogFloats", "path": ["monitoring", "4d72a671", "cpu"], "values": [{"value": 14.1, "step": null, "ts": 1712265556.8043141}]}, "version": 2527, "at": 1712265556.804517}
{"obj": {"type": "LogFloats", "path": ["monitoring", "4d72a671", "memory"], "values": [{"value": 9.84383773803711, "step": null, "ts": 1712265556.8043141}]}, "version": 2528, "at": 1712265556.804697}
{"obj": {"type": "LogFloats", "path": ["monitoring", "4d72a671", "cpu"], "values": [{"value": 13.9, "step": null, "ts": 1712265566.810723}]}, "version": 2529, "at": 1712265566.810957}
{"obj": {"type": "LogFloats", "path": ["monitoring", "4d72a671", "memory"], "values": [{"value": 9.826702117919922, "step": null, "ts": 1712265566.810723}]}, "version": 2530, "at": 1712265566.811136}
{"obj": {"type": "LogFloats", "path": ["monitoring", "4d72a671", "cpu"], "values": [{"value": 14.0, "step": null, "ts": 1712265576.821408}]}, "version": 2531, "at": 1712265576.8216221}
{"obj": {"type": "LogFloats", "path": ["monitoring", "4d72a671", "memory"], "values": [{"value": 9.81113052368164, "step": null, "ts": 1712265576.821408}]}, "version": 2532, "at": 1712265576.821811}
{"obj": {"type": "LogFloats", "path": ["monitoring", "4d72a671", "cpu"], "values": [{"value": 17.8, "step": null, "ts": 1712265586.831303}]}, "version": 2533, "at": 1712265586.831519}
{"obj": {"type": "LogFloats", "path": ["monitoring", "4d72a671", "memory"], "values": [{"value": 9.90927505493164, "step": null, "ts": 1712265586.831303}]}, "version": 2534, "at": 1712265586.8317509}
{"obj": {"type": "LogFloats", "path": ["monitoring", "4d72a671", "cpu"], "values": [{"value": 22.9, "step": null, "ts": 1712265596.836799}]}, "version": 2535, "at": 1712265596.837038}
{"obj": {"type": "LogFloats", "path": ["monitoring", "4d72a671", "memory"], "values": [{"value": 9.99660873413086, "step": null, "ts": 1712265596.836799}]}, "version": 2536, "at": 1712265596.8372412}
{"obj": {"type": "LogFloats", "path": ["monitoring", "4d72a671", "cpu"], "values": [{"value": 14.8, "step": null, "ts": 1712265606.8412318}]}, "version": 2537, "at": 1712265606.8414452}
{"obj": {"type": "LogFloats", "path": ["monitoring", "4d72a671", "memory"], "values": [{"value": 9.989410400390625, "step": null, "ts": 1712265606.8412318}]}, "version": 2538, "at": 1712265606.841644}
{"obj": {"type": "LogFloats", "path": ["monitoring", "4d72a671", "cpu"], "values": [{"value": 16.2, "step": null, "ts": 1712265616.846667}]}, "version": 2539, "at": 1712265616.846884}
{"obj": {"type": "LogFloats", "path": ["monitoring", "4d72a671", "memory"], "values": [{"value": 9.92953872680664, "step": null, "ts": 1712265616.846667}]}, "version": 2540, "at": 1712265616.84708}
{"obj": {"type": "LogFloats", "path": ["monitoring", "4d72a671", "cpu"], "values": [{"value": 14.3, "step": null, "ts": 1712265626.847701}]}, "version": 2541, "at": 1712265626.847905}
{"obj": {"type": "LogFloats", "path": ["monitoring", "4d72a671", "memory"], "values": [{"value": 9.8695068359375, "step": null, "ts": 1712265626.847701}]}, "version": 2542, "at": 1712265626.848085}
{"obj": {"type": "LogFloats", "path": ["monitoring", "4d72a671", "cpu"], "values": [{"value": 14.4, "step": null, "ts": 1712265636.849903}]}, "version": 2543, "at": 1712265636.850145}
{"obj": {"type": "LogFloats", "path": ["monitoring", "4d72a671", "memory"], "values": [{"value": 9.86673355102539, "step": null, "ts": 1712265636.849903}]}, "version": 2544, "at": 1712265636.850328}
{"obj": {"type": "LogFloats", "path": ["monitoring", "4d72a671", "cpu"], "values": [{"value": 14.0, "step": null, "ts": 1712265646.854356}]}, "version": 2545, "at": 1712265646.854557}
{"obj": {"type": "LogFloats", "path": ["monitoring", "4d72a671", "memory"], "values": [{"value": 9.87814712524414, "step": null, "ts": 1712265646.854356}]}, "version": 2546, "at": 1712265646.854741}
{"obj": {"type": "LogFloats", "path": ["monitoring", "4d72a671", "cpu"], "values": [{"value": 14.6, "step": null, "ts": 1712265656.8573241}]}, "version": 2547, "at": 1712265656.8575318}
{"obj": {"type": "LogFloats", "path": ["monitoring", "4d72a671", "memory"], "values": [{"value": 9.860443115234375, "step": null, "ts": 1712265656.8573241}]}, "version": 2548, "at": 1712265656.8577092}
{"obj": {"type": "LogFloats", "path": ["monitoring", "4d72a671", "cpu"], "values": [{"value": 14.3, "step": null, "ts": 1712265666.861695}]}, "version": 2549, "at": 1712265666.861939}
{"obj": {"type": "LogFloats", "path": ["monitoring", "4d72a671", "memory"], "values": [{"value": 9.810237884521484, "step": null, "ts": 1712265666.861695}]}, "version": 2550, "at": 1712265666.86212}
{"obj": {"type": "LogFloats", "path": ["monitoring", "4d72a671", "cpu"], "values": [{"value": 14.5, "step": null, "ts": 1712265676.8643122}]}, "version": 2551, "at": 1712265676.8645382}
{"obj": {"type": "LogFloats", "path": ["monitoring", "4d72a671", "memory"], "values": [{"value": 9.813133239746094, "step": null, "ts": 1712265676.8643122}]}, "version": 2552, "at": 1712265676.864819}
{"obj": {"type": "LogFloats", "path": ["monitoring", "4d72a671", "cpu"], "values": [{"value": 14.5, "step": null, "ts": 1712265686.865212}]}, "version": 2553, "at": 1712265686.8654468}
{"obj": {"type": "LogFloats", "path": ["monitoring", "4d72a671", "memory"], "values": [{"value": 9.811267852783203, "step": null, "ts": 1712265686.865212}]}, "version": 2554, "at": 1712265686.865629}
{"obj": {"type": "LogFloats", "path": ["monitoring", "4d72a671", "cpu"], "values": [{"value": 14.0, "step": null, "ts": 1712265696.870868}]}, "version": 2555, "at": 1712265696.8710752}
{"obj": {"type": "LogFloats", "path": ["monitoring", "4d72a671", "memory"], "values": [{"value": 9.769302368164062, "step": null, "ts": 1712265696.870868}]}, "version": 2556, "at": 1712265696.87126}
{"obj": {"type": "LogFloats", "path": ["monitoring", "4d72a671", "cpu"], "values": [{"value": 14.4, "step": null, "ts": 1712265706.874617}]}, "version": 2557, "at": 1712265706.874858}
{"obj": {"type": "LogFloats", "path": ["monitoring", "4d72a671", "memory"], "values": [{"value": 9.879886627197266, "step": null, "ts": 1712265706.874617}]}, "version": 2558, "at": 1712265706.8750389}
{"obj": {"type": "LogFloats", "path": ["monitoring", "4d72a671", "cpu"], "values": [{"value": 13.8, "step": null, "ts": 1712265716.8786402}]}, "version": 2559, "at": 1712265716.878847}
{"obj": {"type": "LogFloats", "path": ["monitoring", "4d72a671", "memory"], "values": [{"value": 9.880496978759766, "step": null, "ts": 1712265716.8786402}]}, "version": 2560, "at": 1712265716.879026}
{"obj": {"type": "LogFloats", "path": ["monitoring", "4d72a671", "cpu"], "values": [{"value": 14.7, "step": null, "ts": 1712265726.8795898}]}, "version": 2561, "at": 1712265726.879779}
{"obj": {"type": "LogFloats", "path": ["monitoring", "4d72a671", "memory"], "values": [{"value": 9.849956512451172, "step": null, "ts": 1712265726.8795898}]}, "version": 2562, "at": 1712265726.879998}
{"obj": {"type": "LogFloats", "path": ["monitoring", "4d72a671", "cpu"], "values": [{"value": 14.6, "step": null, "ts": 1712265736.880471}]}, "version": 2563, "at": 1712265736.880768}
{"obj": {"type": "LogFloats", "path": ["monitoring", "4d72a671", "memory"], "values": [{"value": 9.801383972167969, "step": null, "ts": 1712265736.880471}]}, "version": 2564, "at": 1712265736.881113}
{"obj": {"type": "LogFloats", "path": ["monitoring", "4d72a671", "cpu"], "values": [{"value": 13.9, "step": null, "ts": 1712265746.8831282}]}, "version": 2565, "at": 1712265746.8844328}
{"obj": {"type": "LogFloats", "path": ["monitoring", "4d72a671", "memory"], "values": [{"value": 9.783519744873047, "step": null, "ts": 1712265746.8831282}]}, "version": 2566, "at": 1712265746.8846211}
{"obj": {"type": "LogFloats", "path": ["monitoring", "4d72a671", "cpu"], "values": [{"value": 15.0, "step": null, "ts": 1712265756.8898938}]}, "version": 2567, "at": 1712265756.890111}
{"obj": {"type": "LogFloats", "path": ["monitoring", "4d72a671", "memory"], "values": [{"value": 9.7679443359375, "step": null, "ts": 1712265756.8898938}]}, "version": 2568, "at": 1712265756.890304}
{"obj": {"type": "LogFloats", "path": ["monitoring", "4d72a671", "cpu"], "values": [{"value": 14.3, "step": null, "ts": 1712265766.8955789}]}, "version": 2569, "at": 1712265766.895814}
{"obj": {"type": "LogFloats", "path": ["monitoring", "4d72a671", "memory"], "values": [{"value": 9.767208099365234, "step": null, "ts": 1712265766.8955789}]}, "version": 2570, "at": 1712265766.895991}
{"obj": {"type": "LogFloats", "path": ["monitoring", "4d72a671", "cpu"], "values": [{"value": 14.4, "step": null, "ts": 1712265776.8997068}]}, "version": 2571, "at": 1712265776.899945}
{"obj": {"type": "LogFloats", "path": ["monitoring", "4d72a671", "memory"], "values": [{"value": 9.7718505859375, "step": null, "ts": 1712265776.8997068}]}, "version": 2572, "at": 1712265776.900129}
{"obj": {"type": "LogFloats", "path": ["monitoring", "4d72a671", "cpu"], "values": [{"value": 14.4, "step": null, "ts": 1712265786.905259}]}, "version": 2573, "at": 1712265786.905487}
{"obj": {"type": "LogFloats", "path": ["monitoring", "4d72a671", "memory"], "values": [{"value": 9.798725128173828, "step": null, "ts": 1712265786.905259}]}, "version": 2574, "at": 1712265786.905705}
{"obj": {"type": "LogFloats", "path": ["monitoring", "4d72a671", "cpu"], "values": [{"value": 13.9, "step": null, "ts": 1712265796.909646}]}, "version": 2575, "at": 1712265796.90989}
{"obj": {"type": "LogFloats", "path": ["monitoring", "4d72a671", "memory"], "values": [{"value": 9.829780578613281, "step": null, "ts": 1712265796.909646}]}, "version": 2576, "at": 1712265796.9101162}
{"obj": {"type": "LogFloats", "path": ["monitoring", "4d72a671", "cpu"], "values": [{"value": 15.3, "step": null, "ts": 1712265806.912978}]}, "version": 2577, "at": 1712265806.913194}
{"obj": {"type": "LogFloats", "path": ["monitoring", "4d72a671", "memory"], "values": [{"value": 9.88714599609375, "step": null, "ts": 1712265806.912978}]}, "version": 2578, "at": 1712265806.913383}
{"obj": {"type": "LogFloats", "path": ["monitoring", "4d72a671", "cpu"], "values": [{"value": 14.2, "step": null, "ts": 1712265816.9146821}]}, "version": 2579, "at": 1712265816.914921}
{"obj": {"type": "LogFloats", "path": ["monitoring", "4d72a671", "memory"], "values": [{"value": 9.86484146118164, "step": null, "ts": 1712265816.9146821}]}, "version": 2580, "at": 1712265816.915105}
{"obj": {"type": "LogFloats", "path": ["monitoring", "4d72a671", "cpu"], "values": [{"value": 14.8, "step": null, "ts": 1712265826.920392}]}, "version": 2581, "at": 1712265826.920597}
{"obj": {"type": "LogFloats", "path": ["monitoring", "4d72a671", "memory"], "values": [{"value": 9.842674255371094, "step": null, "ts": 1712265826.920392}]}, "version": 2582, "at": 1712265826.920774}
{"obj": {"type": "LogFloats", "path": ["monitoring", "4d72a671", "cpu"], "values": [{"value": 14.2, "step": null, "ts": 1712265836.925965}]}, "version": 2583, "at": 1712265836.9261692}
{"obj": {"type": "LogFloats", "path": ["monitoring", "4d72a671", "memory"], "values": [{"value": 9.806938171386719, "step": null, "ts": 1712265836.925965}]}, "version": 2584, "at": 1712265836.92635}
{"obj": {"type": "LogFloats", "path": ["monitoring", "4d72a671", "cpu"], "values": [{"value": 14.4, "step": null, "ts": 1712265846.929923}]}, "version": 2585, "at": 1712265846.930155}
{"obj": {"type": "LogFloats", "path": ["monitoring", "4d72a671", "memory"], "values": [{"value": 9.877635955810547, "step": null, "ts": 1712265846.929923}]}, "version": 2586, "at": 1712265846.9303381}
{"obj": {"type": "LogFloats", "path": ["monitoring", "4d72a671", "cpu"], "values": [{"value": 14.1, "step": null, "ts": 1712265856.93565}]}, "version": 2587, "at": 1712265856.9358878}
{"obj": {"type": "LogFloats", "path": ["monitoring", "4d72a671", "memory"], "values": [{"value": 9.899604797363281, "step": null, "ts": 1712265856.93565}]}, "version": 2588, "at": 1712265856.936075}
{"obj": {"type": "LogFloats", "path": ["monitoring", "4d72a671", "cpu"], "values": [{"value": 15.4, "step": null, "ts": 1712265866.9390469}]}, "version": 2589, "at": 1712265866.939258}
{"obj": {"type": "LogFloats", "path": ["monitoring", "4d72a671", "memory"], "values": [{"value": 9.895214080810547, "step": null, "ts": 1712265866.9390469}]}, "version": 2590, "at": 1712265866.9394429}
{"obj": {"type": "LogFloats", "path": ["monitoring", "4d72a671", "cpu"], "values": [{"value": 14.4, "step": null, "ts": 1712265876.9426959}]}, "version": 2591, "at": 1712265876.94291}
{"obj": {"type": "LogFloats", "path": ["monitoring", "4d72a671", "memory"], "values": [{"value": 9.884574890136719, "step": null, "ts": 1712265876.9426959}]}, "version": 2592, "at": 1712265876.943143}
{"obj": {"type": "LogFloats", "path": ["monitoring", "4d72a671", "cpu"], "values": [{"value": 14.1, "step": null, "ts": 1712265886.948374}]}, "version": 2593, "at": 1712265886.948582}
{"obj": {"type": "LogFloats", "path": ["monitoring", "4d72a671", "memory"], "values": [{"value": 9.841564178466797, "step": null, "ts": 1712265886.948374}]}, "version": 2594, "at": 1712265886.948761}
{"obj": {"type": "LogFloats", "path": ["monitoring", "4d72a671", "cpu"], "values": [{"value": 14.3, "step": null, "ts": 1712265896.9522638}]}, "version": 2595, "at": 1712265896.952499}
{"obj": {"type": "LogFloats", "path": ["monitoring", "4d72a671", "memory"], "values": [{"value": 9.802017211914062, "step": null, "ts": 1712265896.9522638}]}, "version": 2596, "at": 1712265896.9526799}
{"obj": {"type": "LogFloats", "path": ["monitoring", "4d72a671", "cpu"], "values": [{"value": 15.4, "step": null, "ts": 1712265906.956851}]}, "version": 2597, "at": 1712265906.9570932}
{"obj": {"type": "LogFloats", "path": ["monitoring", "4d72a671", "memory"], "values": [{"value": 9.917762756347656, "step": null, "ts": 1712265906.956851}]}, "version": 2598, "at": 1712265906.957278}
{"obj": {"type": "LogFloats", "path": ["monitoring", "4d72a671", "cpu"], "values": [{"value": 20.8, "step": null, "ts": 1712265916.960386}]}, "version": 2599, "at": 1712265916.960604}
{"obj": {"type": "LogFloats", "path": ["monitoring", "4d72a671", "memory"], "values": [{"value": 9.968559265136719, "step": null, "ts": 1712265916.960386}]}, "version": 2600, "at": 1712265916.960778}
{"obj": {"type": "LogFloats", "path": ["monitoring", "4d72a671", "cpu"], "values": [{"value": 17.9, "step": null, "ts": 1712265926.961635}]}, "version": 2601, "at": 1712265926.961847}
{"obj": {"type": "LogFloats", "path": ["monitoring", "4d72a671", "memory"], "values": [{"value": 10.126792907714844, "step": null, "ts": 1712265926.961635}]}, "version": 2602, "at": 1712265926.96216}
{"obj": {"type": "LogFloats", "path": ["monitoring", "4d72a671", "cpu"], "values": [{"value": 25.2, "step": null, "ts": 1712265936.963826}]}, "version": 2603, "at": 1712265936.964096}
{"obj": {"type": "LogFloats", "path": ["monitoring", "4d72a671", "memory"], "values": [{"value": 10.080513000488281, "step": null, "ts": 1712265936.963826}]}, "version": 2604, "at": 1712265936.964301}
{"obj": {"type": "LogFloats", "path": ["monitoring", "4d72a671", "cpu"], "values": [{"value": 21.3, "step": null, "ts": 1712265946.965086}]}, "version": 2605, "at": 1712265946.9653592}
{"obj": {"type": "LogFloats", "path": ["monitoring", "4d72a671", "memory"], "values": [{"value": 10.052780151367188, "step": null, "ts": 1712265946.965086}]}, "version": 2606, "at": 1712265946.9655292}
{"obj": {"type": "LogFloats", "path": ["monitoring", "4d72a671", "cpu"], "values": [{"value": 21.6, "step": null, "ts": 1712265956.969739}]}, "version": 2607, "at": 1712265956.970103}
{"obj": {"type": "LogFloats", "path": ["monitoring", "4d72a671", "memory"], "values": [{"value": 9.937931060791016, "step": null, "ts": 1712265956.969739}]}, "version": 2608, "at": 1712265956.970303}
{"obj": {"type": "LogFloats", "path": ["monitoring", "4d72a671", "cpu"], "values": [{"value": 21.7, "step": null, "ts": 1712265966.971312}]}, "version": 2609, "at": 1712265966.971563}
{"obj": {"type": "LogFloats", "path": ["monitoring", "4d72a671", "memory"], "values": [{"value": 9.94134521484375, "step": null, "ts": 1712265966.971312}]}, "version": 2610, "at": 1712265966.97189}
{"obj": {"type": "LogFloats", "path": ["monitoring", "4d72a671", "cpu"], "values": [{"value": 28.7, "step": null, "ts": 1712265976.972502}]}, "version": 2611, "at": 1712265976.9727092}
{"obj": {"type": "LogFloats", "path": ["monitoring", "4d72a671", "memory"], "values": [{"value": 9.998878479003906, "step": null, "ts": 1712265976.972502}]}, "version": 2612, "at": 1712265976.972904}
{"obj": {"type": "LogFloats", "path": ["monitoring", "4d72a671", "cpu"], "values": [{"value": 21.3, "step": null, "ts": 1712265986.973671}]}, "version": 2613, "at": 1712265986.973866}
{"obj": {"type": "LogFloats", "path": ["monitoring", "4d72a671", "memory"], "values": [{"value": 9.979934692382812, "step": null, "ts": 1712265986.973671}]}, "version": 2614, "at": 1712265986.974049}
{"obj": {"type": "LogFloats", "path": ["monitoring", "4d72a671", "cpu"], "values": [{"value": 21.0, "step": null, "ts": 1712265996.977342}]}, "version": 2615, "at": 1712265996.9776168}
{"obj": {"type": "LogFloats", "path": ["monitoring", "4d72a671", "memory"], "values": [{"value": 9.960205078125, "step": null, "ts": 1712265996.977342}]}, "version": 2616, "at": 1712265996.977814}
{"obj": {"type": "LogFloats", "path": ["monitoring", "4d72a671", "cpu"], "values": [{"value": 21.5, "step": null, "ts": 1712266006.9814389}]}, "version": 2617, "at": 1712266006.981666}
{"obj": {"type": "LogFloats", "path": ["monitoring", "4d72a671", "memory"], "values": [{"value": 9.888359069824219, "step": null, "ts": 1712266006.9814389}]}, "version": 2618, "at": 1712266006.981845}
{"obj": {"type": "LogFloats", "path": ["monitoring", "4d72a671", "cpu"], "values": [{"value": 40.4, "step": null, "ts": 1712266016.986378}]}, "version": 2619, "at": 1712266016.986588}
{"obj": {"type": "LogFloats", "path": ["monitoring", "4d72a671", "memory"], "values": [{"value": 10.10061264038086, "step": null, "ts": 1712266016.986378}]}, "version": 2620, "at": 1712266016.986764}
{"obj": {"type": "LogFloats", "path": ["monitoring", "4d72a671", "cpu"], "values": [{"value": 17.2, "step": null, "ts": 1712266026.992036}]}, "version": 2621, "at": 1712266026.9922812}
{"obj": {"type": "LogFloats", "path": ["monitoring", "4d72a671", "memory"], "values": [{"value": 10.092498779296875, "step": null, "ts": 1712266026.992036}]}, "version": 2622, "at": 1712266026.99247}
{"obj": {"type": "LogFloats", "path": ["monitoring", "4d72a671", "cpu"], "values": [{"value": 15.0, "step": null, "ts": 1712266036.993672}]}, "version": 2623, "at": 1712266036.993922}
{"obj": {"type": "LogFloats", "path": ["monitoring", "4d72a671", "memory"], "values": [{"value": 10.049243927001953, "step": null, "ts": 1712266036.993672}]}, "version": 2624, "at": 1712266036.994112}
{"obj": {"type": "LogFloats", "path": ["monitoring", "4d72a671", "cpu"], "values": [{"value": 15.2, "step": null, "ts": 1712266046.998966}]}, "version": 2625, "at": 1712266046.9991848}
{"obj": {"type": "LogFloats", "path": ["monitoring", "4d72a671", "memory"], "values": [{"value": 10.011371612548828, "step": null, "ts": 1712266046.998966}]}, "version": 2626, "at": 1712266046.999409}
{"obj": {"type": "LogFloats", "path": ["monitoring", "4d72a671", "cpu"], "values": [{"value": 14.8, "step": null, "ts": 1712266057.003784}]}, "version": 2627, "at": 1712266057.0040011}
{"obj": {"type": "LogFloats", "path": ["monitoring", "4d72a671", "memory"], "values": [{"value": 10.003925323486328, "step": null, "ts": 1712266057.003784}]}, "version": 2628, "at": 1712266057.004184}
{"obj": {"type": "LogFloats", "path": ["monitoring", "4d72a671", "cpu"], "values": [{"value": 14.7, "step": null, "ts": 1712266067.008874}]}, "version": 2629, "at": 1712266067.009084}
{"obj": {"type": "LogFloats", "path": ["monitoring", "4d72a671", "memory"], "values": [{"value": 10.003665924072266, "step": null, "ts": 1712266067.008874}]}, "version": 2630, "at": 1712266067.009265}
{"obj": {"type": "LogFloats", "path": ["monitoring", "4d72a671", "cpu"], "values": [{"value": 22.1, "step": null, "ts": 1712266077.014358}]}, "version": 2631, "at": 1712266077.014561}
{"obj": {"type": "LogFloats", "path": ["monitoring", "4d72a671", "memory"], "values": [{"value": 10.145824432373047, "step": null, "ts": 1712266077.014358}]}, "version": 2632, "at": 1712266077.014726}
{"obj": {"type": "LogFloats", "path": ["monitoring", "4d72a671", "cpu"], "values": [{"value": 20.4, "step": null, "ts": 1712266087.015717}]}, "version": 2633, "at": 1712266087.015906}
{"obj": {"type": "LogFloats", "path": ["monitoring", "4d72a671", "memory"], "values": [{"value": 10.206436157226562, "step": null, "ts": 1712266087.015717}]}, "version": 2634, "at": 1712266087.016077}
{"obj": {"type": "LogFloats", "path": ["monitoring", "4d72a671", "cpu"], "values": [{"value": 26.0, "step": null, "ts": 1712266097.017808}]}, "version": 2635, "at": 1712266097.018014}
{"obj": {"type": "LogFloats", "path": ["monitoring", "4d72a671", "memory"], "values": [{"value": 10.538307189941406, "step": null, "ts": 1712266097.017808}]}, "version": 2636, "at": 1712266097.018197}
{"obj": {"type": "LogFloats", "path": ["monitoring", "4d72a671", "cpu"], "values": [{"value": 27.1, "step": null, "ts": 1712266107.023405}]}, "version": 2637, "at": 1712266107.023725}
{"obj": {"type": "LogFloats", "path": ["monitoring", "4d72a671", "memory"], "values": [{"value": 9.276679992675781, "step": null, "ts": 1712266107.023405}]}, "version": 2638, "at": 1712266107.023968}
{"obj": {"type": "LogFloats", "path": ["monitoring", "4d72a671", "cpu"], "values": [{"value": 25.9, "step": null, "ts": 1712266117.028718}]}, "version": 2639, "at": 1712266117.0289521}
{"obj": {"type": "LogFloats", "path": ["monitoring", "4d72a671", "memory"], "values": [{"value": 8.776741027832031, "step": null, "ts": 1712266117.028718}]}, "version": 2640, "at": 1712266117.029153}
{"obj": {"type": "LogFloats", "path": ["monitoring", "4d72a671", "cpu"], "values": [{"value": 24.9, "step": null, "ts": 1712266127.032737}]}, "version": 2641, "at": 1712266127.0331259}
{"obj": {"type": "LogFloats", "path": ["monitoring", "4d72a671", "memory"], "values": [{"value": 8.88360595703125, "step": null, "ts": 1712266127.032737}]}, "version": 2642, "at": 1712266127.0336242}
{"obj": {"type": "LogFloats", "path": ["monitoring", "4d72a671", "cpu"], "values": [{"value": 29.1, "step": null, "ts": 1712266137.0379672}]}, "version": 2643, "at": 1712266137.038251}
{"obj": {"type": "LogFloats", "path": ["monitoring", "4d72a671", "memory"], "values": [{"value": 9.053749084472656, "step": null, "ts": 1712266137.0379672}]}, "version": 2644, "at": 1712266137.038611}
{"obj": {"type": "LogFloats", "path": ["monitoring", "4d72a671", "cpu"], "values": [{"value": 26.4, "step": null, "ts": 1712266147.041675}]}, "version": 2645, "at": 1712266147.041887}
{"obj": {"type": "LogFloats", "path": ["monitoring", "4d72a671", "memory"], "values": [{"value": 9.216270446777344, "step": null, "ts": 1712266147.041675}]}, "version": 2646, "at": 1712266147.042058}
{"obj": {"type": "LogFloats", "path": ["monitoring", "4d72a671", "cpu"], "values": [{"value": 32.7, "step": null, "ts": 1712266157.0423071}]}, "version": 2647, "at": 1712266157.0425642}
{"obj": {"type": "LogFloats", "path": ["monitoring", "4d72a671", "memory"], "values": [{"value": 9.440666198730469, "step": null, "ts": 1712266157.0423071}]}, "version": 2648, "at": 1712266157.0428102}
{"obj": {"type": "LogFloats", "path": ["monitoring", "4d72a671", "cpu"], "values": [{"value": 42.5, "step": null, "ts": 1712266167.045731}]}, "version": 2649, "at": 1712266167.045919}
{"obj": {"type": "LogFloats", "path": ["monitoring", "4d72a671", "memory"], "values": [{"value": 9.660850524902344, "step": null, "ts": 1712266167.045731}]}, "version": 2650, "at": 1712266167.046092}
{"obj": {"type": "LogFloats", "path": ["monitoring", "4d72a671", "cpu"], "values": [{"value": 33.1, "step": null, "ts": 1712266177.051372}]}, "version": 2651, "at": 1712266177.051619}
{"obj": {"type": "LogFloats", "path": ["monitoring", "4d72a671", "memory"], "values": [{"value": 10.523998260498047, "step": null, "ts": 1712266177.051372}]}, "version": 2652, "at": 1712266177.0518432}
{"obj": {"type": "LogFloats", "path": ["monitoring", "4d72a671", "cpu"], "values": [{"value": 26.5, "step": null, "ts": 1712266187.053638}]}, "version": 2653, "at": 1712266187.0538619}
{"obj": {"type": "LogFloats", "path": ["monitoring", "4d72a671", "memory"], "values": [{"value": 10.52260971069336, "step": null, "ts": 1712266187.053638}]}, "version": 2654, "at": 1712266187.054052}
{"obj": {"type": "LogFloats", "path": ["monitoring", "4d72a671", "cpu"], "values": [{"value": 28.2, "step": null, "ts": 1712266197.057506}]}, "version": 2655, "at": 1712266197.057775}
{"obj": {"type": "LogFloats", "path": ["monitoring", "4d72a671", "memory"], "values": [{"value": 11.45071029663086, "step": null, "ts": 1712266197.057506}]}, "version": 2656, "at": 1712266197.058326}
{"obj": {"type": "LogFloats", "path": ["monitoring", "4d72a671", "cpu"], "values": [{"value": 21.5, "step": null, "ts": 1712266207.063659}]}, "version": 2657, "at": 1712266207.0639172}
{"obj": {"type": "LogFloats", "path": ["monitoring", "4d72a671", "memory"], "values": [{"value": 11.748455047607422, "step": null, "ts": 1712266207.063659}]}, "version": 2658, "at": 1712266207.06414}
{"obj": {"type": "LogFloats", "path": ["monitoring", "4d72a671", "cpu"], "values": [{"value": 22.1, "step": null, "ts": 1712266217.068318}]}, "version": 2659, "at": 1712266217.069569}
{"obj": {"type": "LogFloats", "path": ["monitoring", "4d72a671", "memory"], "values": [{"value": 10.753467559814453, "step": null, "ts": 1712266217.068318}]}, "version": 2660, "at": 1712266217.06979}
{"obj": {"type": "LogFloats", "path": ["monitoring", "4d72a671", "cpu"], "values": [{"value": 41.3, "step": null, "ts": 1712266227.073807}]}, "version": 2661, "at": 1712266227.074058}
{"obj": {"type": "LogFloats", "path": ["monitoring", "4d72a671", "memory"], "values": [{"value": 11.200904846191406, "step": null, "ts": 1712266227.073807}]}, "version": 2662, "at": 1712266227.0742579}
{"obj": {"type": "LogFloats", "path": ["monitoring", "4d72a671", "cpu"], "values": [{"value": 32.3, "step": null, "ts": 1712266237.0748749}]}, "version": 2663, "at": 1712266237.075094}
{"obj": {"type": "LogFloats", "path": ["monitoring", "4d72a671", "memory"], "values": [{"value": 11.245292663574219, "step": null, "ts": 1712266237.0748749}]}, "version": 2664, "at": 1712266237.075298}
{"obj": {"type": "LogFloats", "path": ["monitoring", "4d72a671", "cpu"], "values": [{"value": 21.3, "step": null, "ts": 1712266247.080364}]}, "version": 2665, "at": 1712266247.080586}
{"obj": {"type": "LogFloats", "path": ["monitoring", "4d72a671", "memory"], "values": [{"value": 11.073272705078125, "step": null, "ts": 1712266247.080364}]}, "version": 2666, "at": 1712266247.080788}
{"obj": {"type": "LogFloats", "path": ["monitoring", "4d72a671", "cpu"], "values": [{"value": 19.7, "step": null, "ts": 1712266257.0850382}]}, "version": 2667, "at": 1712266257.085289}
{"obj": {"type": "LogFloats", "path": ["monitoring", "4d72a671", "memory"], "values": [{"value": 10.766677856445312, "step": null, "ts": 1712266257.0850382}]}, "version": 2668, "at": 1712266257.0854762}
{"obj": {"type": "LogFloats", "path": ["monitoring", "4d72a671", "cpu"], "values": [{"value": 18.9, "step": null, "ts": 1712266267.089272}]}, "version": 2669, "at": 1712266267.08948}
{"obj": {"type": "LogFloats", "path": ["monitoring", "4d72a671", "memory"], "values": [{"value": 10.407341003417969, "step": null, "ts": 1712266267.089272}]}, "version": 2670, "at": 1712266267.08966}
{"obj": {"type": "LogFloats", "path": ["monitoring", "4d72a671", "cpu"], "values": [{"value": 18.3, "step": null, "ts": 1712266277.0899892}]}, "version": 2671, "at": 1712266277.0902689}
{"obj": {"type": "LogFloats", "path": ["monitoring", "4d72a671", "memory"], "values": [{"value": 10.218368530273438, "step": null, "ts": 1712266277.0899892}]}, "version": 2672, "at": 1712266277.090446}
{"obj": {"type": "LogFloats", "path": ["monitoring", "4d72a671", "cpu"], "values": [{"value": 20.3, "step": null, "ts": 1712266287.0928159}]}, "version": 2673, "at": 1712266287.0930681}
{"obj": {"type": "LogFloats", "path": ["monitoring", "4d72a671", "memory"], "values": [{"value": 9.914505004882812, "step": null, "ts": 1712266287.0928159}]}, "version": 2674, "at": 1712266287.093258}
{"obj": {"type": "LogFloats", "path": ["monitoring", "4d72a671", "cpu"], "values": [{"value": 18.3, "step": null, "ts": 1712266297.094744}]}, "version": 2675, "at": 1712266297.0949628}
{"obj": {"type": "LogFloats", "path": ["monitoring", "4d72a671", "memory"], "values": [{"value": 9.743270874023438, "step": null, "ts": 1712266297.094744}]}, "version": 2676, "at": 1712266297.095186}
{"obj": {"type": "LogFloats", "path": ["monitoring", "4d72a671", "cpu"], "values": [{"value": 18.4, "step": null, "ts": 1712266307.098457}]}, "version": 2677, "at": 1712266307.098752}
{"obj": {"type": "LogFloats", "path": ["monitoring", "4d72a671", "memory"], "values": [{"value": 9.593021392822266, "step": null, "ts": 1712266307.098457}]}, "version": 2678, "at": 1712266307.098939}
{"obj": {"type": "LogFloats", "path": ["monitoring", "4d72a671", "cpu"], "values": [{"value": 18.6, "step": null, "ts": 1712266317.099536}]}, "version": 2679, "at": 1712266317.099756}
{"obj": {"type": "LogFloats", "path": ["monitoring", "4d72a671", "memory"], "values": [{"value": 9.361557006835938, "step": null, "ts": 1712266317.099536}]}, "version": 2680, "at": 1712266317.09997}
{"obj": {"type": "LogFloats", "path": ["monitoring", "4d72a671", "cpu"], "values": [{"value": 18.3, "step": null, "ts": 1712266327.102653}]}, "version": 2681, "at": 1712266327.102901}
{"obj": {"type": "LogFloats", "path": ["monitoring", "4d72a671", "memory"], "values": [{"value": 9.11551284790039, "step": null, "ts": 1712266327.102653}]}, "version": 2682, "at": 1712266327.1030788}
{"obj": {"type": "LogFloats", "path": ["monitoring", "4d72a671", "cpu"], "values": [{"value": 20.1, "step": null, "ts": 1712266337.104379}]}, "version": 2683, "at": 1712266337.104633}
{"obj": {"type": "LogFloats", "path": ["monitoring", "4d72a671", "memory"], "values": [{"value": 8.791160583496094, "step": null, "ts": 1712266337.104379}]}, "version": 2684, "at": 1712266337.1048288}
{"obj": {"type": "LogFloats", "path": ["monitoring", "4d72a671", "cpu"], "values": [{"value": 18.1, "step": null, "ts": 1712266347.11005}]}, "version": 2685, "at": 1712266347.110259}
{"obj": {"type": "LogFloats", "path": ["monitoring", "4d72a671", "memory"], "values": [{"value": 8.590633392333984, "step": null, "ts": 1712266347.11005}]}, "version": 2686, "at": 1712266347.110434}
{"obj": {"type": "LogFloats", "path": ["monitoring", "4d72a671", "cpu"], "values": [{"value": 18.4, "step": null, "ts": 1712266357.1156979}]}, "version": 2687, "at": 1712266357.115902}
{"obj": {"type": "LogFloats", "path": ["monitoring", "4d72a671", "memory"], "values": [{"value": 8.383651733398438, "step": null, "ts": 1712266357.1156979}]}, "version": 2688, "at": 1712266357.116085}
{"obj": {"type": "LogFloats", "path": ["monitoring", "4d72a671", "cpu"], "values": [{"value": 18.5, "step": null, "ts": 1712266367.1184871}]}, "version": 2689, "at": 1712266367.1187332}
{"obj": {"type": "LogFloats", "path": ["monitoring", "4d72a671", "memory"], "values": [{"value": 8.128421783447266, "step": null, "ts": 1712266367.1184871}]}, "version": 2690, "at": 1712266367.118929}
{"obj": {"type": "LogFloats", "path": ["monitoring", "4d72a671", "cpu"], "values": [{"value": 17.6, "step": null, "ts": 1712266377.1219058}]}, "version": 2691, "at": 1712266377.122253}
{"obj": {"type": "LogFloats", "path": ["monitoring", "4d72a671", "memory"], "values": [{"value": 7.946468353271484, "step": null, "ts": 1712266377.1219058}]}, "version": 2692, "at": 1712266377.1224341}
{"obj": {"type": "LogFloats", "path": ["monitoring", "4d72a671", "cpu"], "values": [{"value": 18.4, "step": null, "ts": 1712266387.127726}]}, "version": 2693, "at": 1712266387.127949}
{"obj": {"type": "LogFloats", "path": ["monitoring", "4d72a671", "memory"], "values": [{"value": 7.979225158691406, "step": null, "ts": 1712266387.127726}]}, "version": 2694, "at": 1712266387.128138}
{"obj": {"type": "LogFloats", "path": ["monitoring", "4d72a671", "cpu"], "values": [{"value": 17.8, "step": null, "ts": 1712266397.13233}]}, "version": 2695, "at": 1712266397.132548}
{"obj": {"type": "LogFloats", "path": ["monitoring", "4d72a671", "memory"], "values": [{"value": 7.940208435058594, "step": null, "ts": 1712266397.13233}]}, "version": 2696, "at": 1712266397.132758}
{"obj": {"type": "LogFloats", "path": ["monitoring", "4d72a671", "cpu"], "values": [{"value": 18.6, "step": null, "ts": 1712266407.135378}]}, "version": 2697, "at": 1712266407.135653}
{"obj": {"type": "LogFloats", "path": ["monitoring", "4d72a671", "memory"], "values": [{"value": 7.941112518310547, "step": null, "ts": 1712266407.135378}]}, "version": 2698, "at": 1712266407.135864}
{"obj": {"type": "LogFloats", "path": ["monitoring", "4d72a671", "cpu"], "values": [{"value": 17.8, "step": null, "ts": 1712266417.137237}]}, "version": 2699, "at": 1712266417.137484}
{"obj": {"type": "LogFloats", "path": ["monitoring", "4d72a671", "memory"], "values": [{"value": 7.784797668457031, "step": null, "ts": 1712266417.137237}]}, "version": 2700, "at": 1712266417.137675}
{"obj": {"type": "LogFloats", "path": ["monitoring", "4d72a671", "cpu"], "values": [{"value": 14.0, "step": null, "ts": 1712266427.138261}]}, "version": 2701, "at": 1712266427.1384509}
{"obj": {"type": "LogFloats", "path": ["monitoring", "4d72a671", "memory"], "values": [{"value": 7.6816253662109375, "step": null, "ts": 1712266427.138261}]}, "version": 2702, "at": 1712266427.138645}
{"obj": {"type": "LogFloats", "path": ["monitoring", "4d72a671", "cpu"], "values": [{"value": 13.7, "step": null, "ts": 1712266437.1389382}]}, "version": 2703, "at": 1712266437.139183}
{"obj": {"type": "LogFloats", "path": ["monitoring", "4d72a671", "memory"], "values": [{"value": 7.685710906982422, "step": null, "ts": 1712266437.1389382}]}, "version": 2704, "at": 1712266437.139371}
{"obj": {"type": "LogFloats", "path": ["monitoring", "4d72a671", "cpu"], "values": [{"value": 14.1, "step": null, "ts": 1712266447.140214}]}, "version": 2705, "at": 1712266447.140453}
{"obj": {"type": "LogFloats", "path": ["monitoring", "4d72a671", "memory"], "values": [{"value": 7.6969146728515625, "step": null, "ts": 1712266447.140214}]}, "version": 2706, "at": 1712266447.1406322}
{"obj": {"type": "LogFloats", "path": ["monitoring", "4d72a671", "cpu"], "values": [{"value": 13.8, "step": null, "ts": 1712266457.14225}]}, "version": 2707, "at": 1712266457.142454}
{"obj": {"type": "LogFloats", "path": ["monitoring", "4d72a671", "memory"], "values": [{"value": 7.707340240478516, "step": null, "ts": 1712266457.14225}]}, "version": 2708, "at": 1712266457.142644}
{"obj": {"type": "LogFloats", "path": ["monitoring", "4d72a671", "cpu"], "values": [{"value": 14.0, "step": null, "ts": 1712266467.1471481}]}, "version": 2709, "at": 1712266467.147386}
{"obj": {"type": "LogFloats", "path": ["monitoring", "4d72a671", "memory"], "values": [{"value": 7.712146759033203, "step": null, "ts": 1712266467.1471481}]}, "version": 2710, "at": 1712266467.1475651}
{"obj": {"type": "LogFloats", "path": ["monitoring", "4d72a671", "cpu"], "values": [{"value": 13.8, "step": null, "ts": 1712266477.1516852}]}, "version": 2711, "at": 1712266477.1519349}
{"obj": {"type": "LogFloats", "path": ["monitoring", "4d72a671", "memory"], "values": [{"value": 7.719951629638672, "step": null, "ts": 1712266477.1516852}]}, "version": 2712, "at": 1712266477.152119}
{"obj": {"type": "LogFloats", "path": ["monitoring", "4d72a671", "cpu"], "values": [{"value": 13.7, "step": null, "ts": 1712266487.1532228}]}, "version": 2713, "at": 1712266487.153493}
{"obj": {"type": "LogFloats", "path": ["monitoring", "4d72a671", "memory"], "values": [{"value": 7.722740173339844, "step": null, "ts": 1712266487.1532228}]}, "version": 2714, "at": 1712266487.1537569}
{"obj": {"type": "LogFloats", "path": ["monitoring", "4d72a671", "cpu"], "values": [{"value": 13.6, "step": null, "ts": 1712266497.157214}]}, "version": 2715, "at": 1712266497.157471}
{"obj": {"type": "LogFloats", "path": ["monitoring", "4d72a671", "memory"], "values": [{"value": 7.725421905517578, "step": null, "ts": 1712266497.157214}]}, "version": 2716, "at": 1712266497.157652}
{"obj": {"type": "LogFloats", "path": ["monitoring", "4d72a671", "cpu"], "values": [{"value": 13.9, "step": null, "ts": 1712266507.162323}]}, "version": 2717, "at": 1712266507.162571}
{"obj": {"type": "LogFloats", "path": ["monitoring", "4d72a671", "memory"], "values": [{"value": 7.727146148681641, "step": null, "ts": 1712266507.162323}]}, "version": 2718, "at": 1712266507.162752}
{"obj": {"type": "LogFloats", "path": ["monitoring", "4d72a671", "cpu"], "values": [{"value": 13.7, "step": null, "ts": 1712266517.1665962}]}, "version": 2719, "at": 1712266517.166802}
{"obj": {"type": "LogFloats", "path": ["monitoring", "4d72a671", "memory"], "values": [{"value": 7.731449127197266, "step": null, "ts": 1712266517.1665962}]}, "version": 2720, "at": 1712266517.166983}
{"obj": {"type": "LogFloats", "path": ["monitoring", "4d72a671", "cpu"], "values": [{"value": 14.0, "step": null, "ts": 1712266527.1700459}]}, "version": 2721, "at": 1712266527.170282}
{"obj": {"type": "LogFloats", "path": ["monitoring", "4d72a671", "memory"], "values": [{"value": 7.737632751464844, "step": null, "ts": 1712266527.1700459}]}, "version": 2722, "at": 1712266527.170458}
{"obj": {"type": "LogFloats", "path": ["monitoring", "4d72a671", "cpu"], "values": [{"value": 16.1, "step": null, "ts": 1712266537.180675}]}, "version": 2723, "at": 1712266537.180886}
{"obj": {"type": "LogFloats", "path": ["monitoring", "4d72a671", "memory"], "values": [{"value": 7.829761505126953, "step": null, "ts": 1712266537.180675}]}, "version": 2724, "at": 1712266537.1810749}
{"obj": {"type": "LogFloats", "path": ["monitoring", "4d72a671", "cpu"], "values": [{"value": 15.6, "step": null, "ts": 1712266547.18669}]}, "version": 2725, "at": 1712266547.186929}
{"obj": {"type": "LogFloats", "path": ["monitoring", "4d72a671", "memory"], "values": [{"value": 7.839134216308594, "step": null, "ts": 1712266547.18669}]}, "version": 2726, "at": 1712266547.1871302}
{"obj": {"type": "LogFloats", "path": ["monitoring", "4d72a671", "cpu"], "values": [{"value": 13.7, "step": null, "ts": 1712266557.1974149}]}, "version": 2727, "at": 1712266557.197649}
{"obj": {"type": "LogFloats", "path": ["monitoring", "4d72a671", "memory"], "values": [{"value": 7.8247528076171875, "step": null, "ts": 1712266557.1974149}]}, "version": 2728, "at": 1712266557.1978261}
{"obj": {"type": "LogFloats", "path": ["monitoring", "4d72a671", "cpu"], "values": [{"value": 13.7, "step": null, "ts": 1712266567.203402}]}, "version": 2729, "at": 1712266567.203608}
{"obj": {"type": "LogFloats", "path": ["monitoring", "4d72a671", "memory"], "values": [{"value": 7.8289337158203125, "step": null, "ts": 1712266567.203402}]}, "version": 2730, "at": 1712266567.2037928}
{"obj": {"type": "LogFloats", "path": ["monitoring", "4d72a671", "cpu"], "values": [{"value": 14.0, "step": null, "ts": 1712266577.209665}]}, "version": 2731, "at": 1712266577.209894}
{"obj": {"type": "LogFloats", "path": ["monitoring", "4d72a671", "memory"], "values": [{"value": 7.830539703369141, "step": null, "ts": 1712266577.209665}]}, "version": 2732, "at": 1712266577.21009}
{"obj": {"type": "LogFloats", "path": ["monitoring", "4d72a671", "cpu"], "values": [{"value": 13.6, "step": null, "ts": 1712266587.216383}]}, "version": 2733, "at": 1712266587.216681}
{"obj": {"type": "LogFloats", "path": ["monitoring", "4d72a671", "memory"], "values": [{"value": 7.829128265380859, "step": null, "ts": 1712266587.216383}]}, "version": 2734, "at": 1712266587.216973}
{"obj": {"type": "LogFloats", "path": ["monitoring", "4d72a671", "cpu"], "values": [{"value": 14.7, "step": null, "ts": 1712266597.225848}]}, "version": 2735, "at": 1712266597.226143}
{"obj": {"type": "LogFloats", "path": ["monitoring", "4d72a671", "memory"], "values": [{"value": 7.811435699462891, "step": null, "ts": 1712266597.225848}]}, "version": 2736, "at": 1712266597.226413}
{"obj": {"type": "LogFloats", "path": ["monitoring", "4d72a671", "cpu"], "values": [{"value": 13.9, "step": null, "ts": 1712266607.227617}]}, "version": 2737, "at": 1712266607.2278988}
{"obj": {"type": "LogFloats", "path": ["monitoring", "4d72a671", "memory"], "values": [{"value": 7.832611083984375, "step": null, "ts": 1712266607.227617}]}, "version": 2738, "at": 1712266607.228162}
{"obj": {"type": "LogFloats", "path": ["monitoring", "4d72a671", "cpu"], "values": [{"value": 38.4, "step": null, "ts": 1712266617.237519}]}, "version": 2739, "at": 1712266617.238115}
{"obj": {"type": "LogFloats", "path": ["monitoring", "4d72a671", "memory"], "values": [{"value": 8.258411407470703, "step": null, "ts": 1712266617.237519}]}, "version": 2740, "at": 1712266617.238954}
{"obj": {"type": "LogFloats", "path": ["monitoring", "4d72a671", "cpu"], "values": [{"value": 27.6, "step": null, "ts": 1712266627.2401779}]}, "version": 2741, "at": 1712266627.2405949}
{"obj": {"type": "LogFloats", "path": ["monitoring", "4d72a671", "memory"], "values": [{"value": 8.128467559814453, "step": null, "ts": 1712266627.2401779}]}, "version": 2742, "at": 1712266627.2409458}
{"obj": {"type": "LogFloats", "path": ["monitoring", "4d72a671", "cpu"], "values": [{"value": 39.5, "step": null, "ts": 1712266637.243262}]}, "version": 2743, "at": 1712266637.243534}
{"obj": {"type": "LogFloats", "path": ["monitoring", "4d72a671", "memory"], "values": [{"value": 8.19913101196289, "step": null, "ts": 1712266637.243262}]}, "version": 2744, "at": 1712266637.243789}
{"obj": {"type": "LogFloats", "path": ["monitoring", "4d72a671", "cpu"], "values": [{"value": 42.5, "step": null, "ts": 1712266647.246917}]}, "version": 2745, "at": 1712266647.2471879}
{"obj": {"type": "LogFloats", "path": ["monitoring", "4d72a671", "memory"], "values": [{"value": 8.341514587402344, "step": null, "ts": 1712266647.246917}]}, "version": 2746, "at": 1712266647.2474492}
{"obj": {"type": "LogFloats", "path": ["monitoring", "4d72a671", "cpu"], "values": [{"value": 31.7, "step": null, "ts": 1712266657.251971}]}, "version": 2747, "at": 1712266657.2524989}
{"obj": {"type": "LogFloats", "path": ["monitoring", "4d72a671", "memory"], "values": [{"value": 8.316082000732422, "step": null, "ts": 1712266657.251971}]}, "version": 2748, "at": 1712266657.253002}
{"obj": {"type": "LogFloats", "path": ["monitoring", "4d72a671", "cpu"], "values": [{"value": 44.5, "step": null, "ts": 1712266667.257925}]}, "version": 2749, "at": 1712266667.25827}
{"obj": {"type": "LogFloats", "path": ["monitoring", "4d72a671", "memory"], "values": [{"value": 8.324752807617188, "step": null, "ts": 1712266667.257925}]}, "version": 2750, "at": 1712266667.2650921}
{"obj": {"type": "LogFloats", "path": ["monitoring", "4d72a671", "cpu"], "values": [{"value": 26.4, "step": null, "ts": 1712266677.267516}]}, "version": 2751, "at": 1712266677.2678158}
{"obj": {"type": "LogFloats", "path": ["monitoring", "4d72a671", "memory"], "values": [{"value": 8.284626007080078, "step": null, "ts": 1712266677.267516}]}, "version": 2752, "at": 1712266677.2682528}
{"obj": {"type": "LogFloats", "path": ["monitoring", "4d72a671", "cpu"], "values": [{"value": 30.0, "step": null, "ts": 1712266687.272585}]}, "version": 2753, "at": 1712266687.2728682}
{"obj": {"type": "LogFloats", "path": ["monitoring", "4d72a671", "memory"], "values": [{"value": 8.427780151367188, "step": null, "ts": 1712266687.272585}]}, "version": 2754, "at": 1712266687.2731462}
{"obj": {"type": "LogFloats", "path": ["monitoring", "4d72a671", "cpu"], "values": [{"value": 17.6, "step": null, "ts": 1712266697.2773}]}, "version": 2755, "at": 1712266697.277594}
{"obj": {"type": "LogFloats", "path": ["monitoring", "4d72a671", "memory"], "values": [{"value": 8.424247741699219, "step": null, "ts": 1712266697.2773}]}, "version": 2756, "at": 1712266697.2778602}
{"obj": {"type": "LogFloats", "path": ["monitoring", "4d72a671", "cpu"], "values": [{"value": 21.1, "step": null, "ts": 1712266707.27855}]}, "version": 2757, "at": 1712266707.278813}
{"obj": {"type": "LogFloats", "path": ["monitoring", "4d72a671", "memory"], "values": [{"value": 8.42474365234375, "step": null, "ts": 1712266707.27855}]}, "version": 2758, "at": 1712266707.2790642}
{"obj": {"type": "LogFloats", "path": ["monitoring", "4d72a671", "cpu"], "values": [{"value": 40.1, "step": null, "ts": 1712266717.2833369}]}, "version": 2759, "at": 1712266717.2838058}
{"obj": {"type": "LogFloats", "path": ["monitoring", "4d72a671", "memory"], "values": [{"value": 8.208499908447266, "step": null, "ts": 1712266717.2833369}]}, "version": 2760, "at": 1712266717.300438}
{"obj": {"type": "LogFloats", "path": ["monitoring", "4d72a671", "cpu"], "values": [{"value": 41.0, "step": null, "ts": 1712266727.304422}]}, "version": 2761, "at": 1712266727.3047209}
{"obj": {"type": "LogFloats", "path": ["monitoring", "4d72a671", "memory"], "values": [{"value": 8.262702941894531, "step": null, "ts": 1712266727.304422}]}, "version": 2762, "at": 1712266727.304981}
{"obj": {"type": "LogFloats", "path": ["monitoring", "4d72a671", "cpu"], "values": [{"value": 21.6, "step": null, "ts": 1712266737.307842}]}, "version": 2763, "at": 1712266737.3081222}
{"obj": {"type": "LogFloats", "path": ["monitoring", "4d72a671", "memory"], "values": [{"value": 8.238105773925781, "step": null, "ts": 1712266737.307842}]}, "version": 2764, "at": 1712266737.308386}
{"obj": {"type": "LogFloats", "path": ["monitoring", "4d72a671", "cpu"], "values": [{"value": 18.0, "step": null, "ts": 1712266747.3111439}]}, "version": 2765, "at": 1712266747.311469}
{"obj": {"type": "LogFloats", "path": ["monitoring", "4d72a671", "memory"], "values": [{"value": 8.137714385986328, "step": null, "ts": 1712266747.3111439}]}, "version": 2766, "at": 1712266747.311733}
{"obj": {"type": "LogFloats", "path": ["monitoring", "4d72a671", "cpu"], "values": [{"value": 15.1, "step": null, "ts": 1712266757.3119931}]}, "version": 2767, "at": 1712266757.312448}
{"obj": {"type": "LogFloats", "path": ["monitoring", "4d72a671", "memory"], "values": [{"value": 8.124488830566406, "step": null, "ts": 1712266757.3119931}]}, "version": 2768, "at": 1712266757.3129659}
{"obj": {"type": "LogFloats", "path": ["monitoring", "4d72a671", "cpu"], "values": [{"value": 14.9, "step": null, "ts": 1712266767.316022}]}, "version": 2769, "at": 1712266767.316323}
{"obj": {"type": "LogFloats", "path": ["monitoring", "4d72a671", "memory"], "values": [{"value": 8.051589965820312, "step": null, "ts": 1712266767.316022}]}, "version": 2770, "at": 1712266767.31659}
{"obj": {"type": "LogFloats", "path": ["monitoring", "4d72a671", "cpu"], "values": [{"value": 16.5, "step": null, "ts": 1712266777.321921}]}, "version": 2771, "at": 1712266777.322203}
{"obj": {"type": "LogFloats", "path": ["monitoring", "4d72a671", "memory"], "values": [{"value": 8.048423767089844, "step": null, "ts": 1712266777.321921}]}, "version": 2772, "at": 1712266777.322463}
{"obj": {"type": "LogFloats", "path": ["monitoring", "4d72a671", "cpu"], "values": [{"value": 14.7, "step": null, "ts": 1712266787.327744}]}, "version": 2773, "at": 1712266787.328042}
{"obj": {"type": "LogFloats", "path": ["monitoring", "4d72a671", "memory"], "values": [{"value": 8.047721862792969, "step": null, "ts": 1712266787.327744}]}, "version": 2774, "at": 1712266787.328311}
{"obj": {"type": "LogFloats", "path": ["monitoring", "4d72a671", "cpu"], "values": [{"value": 14.1, "step": null, "ts": 1712266797.333612}]}, "version": 2775, "at": 1712266797.333899}
{"obj": {"type": "LogFloats", "path": ["monitoring", "4d72a671", "memory"], "values": [{"value": 8.042278289794922, "step": null, "ts": 1712266797.333612}]}, "version": 2776, "at": 1712266797.33417}
{"obj": {"type": "LogFloats", "path": ["monitoring", "4d72a671", "cpu"], "values": [{"value": 14.5, "step": null, "ts": 1712266807.339246}]}, "version": 2777, "at": 1712266807.339539}
{"obj": {"type": "LogFloats", "path": ["monitoring", "4d72a671", "memory"], "values": [{"value": 8.06561279296875, "step": null, "ts": 1712266807.339246}]}, "version": 2778, "at": 1712266807.339808}
{"obj": {"type": "LogFloats", "path": ["monitoring", "4d72a671", "cpu"], "values": [{"value": 13.9, "step": null, "ts": 1712266817.3445811}]}, "version": 2779, "at": 1712266817.344876}
{"obj": {"type": "LogFloats", "path": ["monitoring", "4d72a671", "memory"], "values": [{"value": 8.067745208740234, "step": null, "ts": 1712266817.3445811}]}, "version": 2780, "at": 1712266817.345143}
{"obj": {"type": "LogFloats", "path": ["monitoring", "4d72a671", "cpu"], "values": [{"value": 14.3, "step": null, "ts": 1712266827.347767}]}, "version": 2781, "at": 1712266827.348053}
{"obj": {"type": "LogFloats", "path": ["monitoring", "4d72a671", "memory"], "values": [{"value": 8.056800842285156, "step": null, "ts": 1712266827.347767}]}, "version": 2782, "at": 1712266827.348325}
{"obj": {"type": "LogFloats", "path": ["monitoring", "4d72a671", "cpu"], "values": [{"value": 14.7, "step": null, "ts": 1712266837.353622}]}, "version": 2783, "at": 1712266837.353905}
{"obj": {"type": "LogFloats", "path": ["monitoring", "4d72a671", "memory"], "values": [{"value": 8.12197494506836, "step": null, "ts": 1712266837.353622}]}, "version": 2784, "at": 1712266837.3541682}
{"obj": {"type": "LogFloats", "path": ["monitoring", "4d72a671", "cpu"], "values": [{"value": 14.1, "step": null, "ts": 1712266847.3594182}]}, "version": 2785, "at": 1712266847.359712}
{"obj": {"type": "LogFloats", "path": ["monitoring", "4d72a671", "memory"], "values": [{"value": 8.113407135009766, "step": null, "ts": 1712266847.3594182}]}, "version": 2786, "at": 1712266847.359978}
{"obj": {"type": "LogFloats", "path": ["monitoring", "4d72a671", "cpu"], "values": [{"value": 13.9, "step": null, "ts": 1712266857.365282}]}, "version": 2787, "at": 1712266857.3655748}
{"obj": {"type": "LogFloats", "path": ["monitoring", "4d72a671", "memory"], "values": [{"value": 8.112018585205078, "step": null, "ts": 1712266857.365282}]}, "version": 2788, "at": 1712266857.365841}
{"obj": {"type": "LogFloats", "path": ["monitoring", "4d72a671", "cpu"], "values": [{"value": 14.4, "step": null, "ts": 1712266867.3695948}]}, "version": 2789, "at": 1712266867.36988}
{"obj": {"type": "LogFloats", "path": ["monitoring", "4d72a671", "memory"], "values": [{"value": 8.139163970947266, "step": null, "ts": 1712266867.3695948}]}, "version": 2790, "at": 1712266867.3701382}
{"obj": {"type": "LogFloats", "path": ["monitoring", "4d72a671", "cpu"], "values": [{"value": 14.0, "step": null, "ts": 1712266877.3742678}]}, "version": 2791, "at": 1712266877.374549}
{"obj": {"type": "LogFloats", "path": ["monitoring", "4d72a671", "memory"], "values": [{"value": 8.134273529052734, "step": null, "ts": 1712266877.3742678}]}, "version": 2792, "at": 1712266877.3748128}
{"obj": {"type": "LogFloats", "path": ["monitoring", "4d72a671", "cpu"], "values": [{"value": 13.9, "step": null, "ts": 1712266887.3769112}]}, "version": 2793, "at": 1712266887.377229}
{"obj": {"type": "LogFloats", "path": ["monitoring", "4d72a671", "memory"], "values": [{"value": 8.13302993774414, "step": null, "ts": 1712266887.3769112}]}, "version": 2794, "at": 1712266887.377504}
{"obj": {"type": "LogFloats", "path": ["monitoring", "4d72a671", "cpu"], "values": [{"value": 14.0, "step": null, "ts": 1712266897.3813992}]}, "version": 2795, "at": 1712266897.3816829}
{"obj": {"type": "LogFloats", "path": ["monitoring", "4d72a671", "memory"], "values": [{"value": 8.086990356445312, "step": null, "ts": 1712266897.3813992}]}, "version": 2796, "at": 1712266897.38195}
{"obj": {"type": "LogFloats", "path": ["monitoring", "4d72a671", "cpu"], "values": [{"value": 14.1, "step": null, "ts": 1712266907.387245}]}, "version": 2797, "at": 1712266907.3875341}
{"obj": {"type": "LogFloats", "path": ["monitoring", "4d72a671", "memory"], "values": [{"value": 8.099544525146484, "step": null, "ts": 1712266907.387245}]}, "version": 2798, "at": 1712266907.387815}
{"obj": {"type": "LogFloats", "path": ["monitoring", "4d72a671", "cpu"], "values": [{"value": 13.9, "step": null, "ts": 1712266917.389431}]}, "version": 2799, "at": 1712266917.389724}
{"obj": {"type": "LogFloats", "path": ["monitoring", "4d72a671", "memory"], "values": [{"value": 8.105518341064453, "step": null, "ts": 1712266917.389431}]}, "version": 2800, "at": 1712266917.3899882}
{"obj": {"type": "LogFloats", "path": ["monitoring", "4d72a671", "cpu"], "values": [{"value": 14.6, "step": null, "ts": 1712266927.392887}]}, "version": 2801, "at": 1712266927.393197}
{"obj": {"type": "LogFloats", "path": ["monitoring", "4d72a671", "memory"], "values": [{"value": 8.125102996826172, "step": null, "ts": 1712266927.392887}]}, "version": 2802, "at": 1712266927.393457}
{"obj": {"type": "LogFloats", "path": ["monitoring", "4d72a671", "cpu"], "values": [{"value": 14.1, "step": null, "ts": 1712266937.3987541}]}, "version": 2803, "at": 1712266937.399041}
{"obj": {"type": "LogFloats", "path": ["monitoring", "4d72a671", "memory"], "values": [{"value": 8.13723373413086, "step": null, "ts": 1712266937.3987541}]}, "version": 2804, "at": 1712266937.399325}
{"obj": {"type": "LogFloats", "path": ["monitoring", "4d72a671", "cpu"], "values": [{"value": 13.9, "step": null, "ts": 1712266947.404643}]}, "version": 2805, "at": 1712266947.404927}
{"obj": {"type": "LogFloats", "path": ["monitoring", "4d72a671", "memory"], "values": [{"value": 8.043201446533203, "step": null, "ts": 1712266947.404643}]}, "version": 2806, "at": 1712266947.405181}
{"obj": {"type": "LogFloats", "path": ["monitoring", "4d72a671", "cpu"], "values": [{"value": 14.0, "step": null, "ts": 1712266957.410208}]}, "version": 2807, "at": 1712266957.410503}
{"obj": {"type": "LogFloats", "path": ["monitoring", "4d72a671", "memory"], "values": [{"value": 8.028526306152344, "step": null, "ts": 1712266957.410208}]}, "version": 2808, "at": 1712266957.4107678}
{"obj": {"type": "LogFloats", "path": ["monitoring", "4d72a671", "cpu"], "values": [{"value": 14.8, "step": null, "ts": 1712266967.416057}]}, "version": 2809, "at": 1712266967.416445}
{"obj": {"type": "LogFloats", "path": ["monitoring", "4d72a671", "memory"], "values": [{"value": 7.976116180419922, "step": null, "ts": 1712266967.416057}]}, "version": 2810, "at": 1712266967.416729}
{"obj": {"type": "LogFloats", "path": ["monitoring", "4d72a671", "cpu"], "values": [{"value": 14.1, "step": null, "ts": 1712266977.4220319}]}, "version": 2811, "at": 1712266977.422327}
{"obj": {"type": "LogFloats", "path": ["monitoring", "4d72a671", "memory"], "values": [{"value": 7.939422607421875, "step": null, "ts": 1712266977.4220319}]}, "version": 2812, "at": 1712266977.4225888}
{"obj": {"type": "LogFloats", "path": ["monitoring", "4d72a671", "cpu"], "values": [{"value": 14.2, "step": null, "ts": 1712266987.427354}]}, "version": 2813, "at": 1712266987.427644}
{"obj": {"type": "LogFloats", "path": ["monitoring", "4d72a671", "memory"], "values": [{"value": 8.009864807128906, "step": null, "ts": 1712266987.427354}]}, "version": 2814, "at": 1712266987.427906}
{"obj": {"type": "LogFloats", "path": ["monitoring", "4d72a671", "cpu"], "values": [{"value": 14.3, "step": null, "ts": 1712266997.433255}]}, "version": 2815, "at": 1712266997.433541}
{"obj": {"type": "LogFloats", "path": ["monitoring", "4d72a671", "memory"], "values": [{"value": 8.022823333740234, "step": null, "ts": 1712266997.433255}]}, "version": 2816, "at": 1712266997.433821}
{"obj": {"type": "LogFloats", "path": ["monitoring", "4d72a671", "cpu"], "values": [{"value": 13.8, "step": null, "ts": 1712267007.434239}]}, "version": 2817, "at": 1712267007.434531}
{"obj": {"type": "LogFloats", "path": ["monitoring", "4d72a671", "memory"], "values": [{"value": 7.986351013183594, "step": null, "ts": 1712267007.434239}]}, "version": 2818, "at": 1712267007.434797}
{"obj": {"type": "LogFloats", "path": ["monitoring", "4d72a671", "cpu"], "values": [{"value": 14.5, "step": null, "ts": 1712267017.436081}]}, "version": 2819, "at": 1712267017.436366}
{"obj": {"type": "LogFloats", "path": ["monitoring", "4d72a671", "memory"], "values": [{"value": 7.949504852294922, "step": null, "ts": 1712267017.436081}]}, "version": 2820, "at": 1712267017.4366348}
{"obj": {"type": "LogFloats", "path": ["monitoring", "4d72a671", "cpu"], "values": [{"value": 15.7, "step": null, "ts": 1712267027.441222}]}, "version": 2821, "at": 1712267027.441516}
{"obj": {"type": "LogFloats", "path": ["monitoring", "4d72a671", "memory"], "values": [{"value": 7.963298797607422, "step": null, "ts": 1712267027.441222}]}, "version": 2822, "at": 1712267027.441777}
{"obj": {"type": "LogFloats", "path": ["monitoring", "4d72a671", "cpu"], "values": [{"value": 14.9, "step": null, "ts": 1712267037.44551}]}, "version": 2823, "at": 1712267037.445805}
{"obj": {"type": "LogFloats", "path": ["monitoring", "4d72a671", "memory"], "values": [{"value": 7.985965728759766, "step": null, "ts": 1712267037.44551}]}, "version": 2824, "at": 1712267037.446072}
{"obj": {"type": "LogFloats", "path": ["monitoring", "4d72a671", "cpu"], "values": [{"value": 14.2, "step": null, "ts": 1712267047.4552581}]}, "version": 2825, "at": 1712267047.455611}
{"obj": {"type": "LogFloats", "path": ["monitoring", "4d72a671", "memory"], "values": [{"value": 7.995983123779297, "step": null, "ts": 1712267047.4552581}]}, "version": 2826, "at": 1712267047.455887}
{"obj": {"type": "LogFloats", "path": ["monitoring", "4d72a671", "cpu"], "values": [{"value": 15.6, "step": null, "ts": 1712267057.4615328}]}, "version": 2827, "at": 1712267057.461807}
{"obj": {"type": "LogFloats", "path": ["monitoring", "4d72a671", "memory"], "values": [{"value": 7.997901916503906, "step": null, "ts": 1712267057.4615328}]}, "version": 2828, "at": 1712267057.4620612}
{"obj": {"type": "LogFloats", "path": ["monitoring", "4d72a671", "cpu"], "values": [{"value": 13.9, "step": null, "ts": 1712267067.4625769}]}, "version": 2829, "at": 1712267067.4628701}
{"obj": {"type": "LogFloats", "path": ["monitoring", "4d72a671", "memory"], "values": [{"value": 7.9662322998046875, "step": null, "ts": 1712267067.4625769}]}, "version": 2830, "at": 1712267067.463139}
{"obj": {"type": "LogFloats", "path": ["monitoring", "4d72a671", "cpu"], "values": [{"value": 14.0, "step": null, "ts": 1712267077.4727402}]}, "version": 2831, "at": 1712267077.4730291}
{"obj": {"type": "LogFloats", "path": ["monitoring", "4d72a671", "memory"], "values": [{"value": 7.969993591308594, "step": null, "ts": 1712267077.4727402}]}, "version": 2832, "at": 1712267077.473296}
{"obj": {"type": "LogFloats", "path": ["monitoring", "4d72a671", "cpu"], "values": [{"value": 13.9, "step": null, "ts": 1712267087.4748878}]}, "version": 2833, "at": 1712267087.4751842}
{"obj": {"type": "LogFloats", "path": ["monitoring", "4d72a671", "memory"], "values": [{"value": 7.968120574951172, "step": null, "ts": 1712267087.4748878}]}, "version": 2834, "at": 1712267087.47545}
{"obj": {"type": "LogFloats", "path": ["monitoring", "4d72a671", "cpu"], "values": [{"value": 13.6, "step": null, "ts": 1712267097.47854}]}, "version": 2835, "at": 1712267097.4788291}
{"obj": {"type": "LogFloats", "path": ["monitoring", "4d72a671", "memory"], "values": [{"value": 7.968471527099609, "step": null, "ts": 1712267097.47854}]}, "version": 2836, "at": 1712267097.4790971}
{"obj": {"type": "LogFloats", "path": ["monitoring", "4d72a671", "cpu"], "values": [{"value": 32.0, "step": null, "ts": 1712267107.488319}]}, "version": 2837, "at": 1712267107.488631}
{"obj": {"type": "LogFloats", "path": ["monitoring", "4d72a671", "memory"], "values": [{"value": 8.350929260253906, "step": null, "ts": 1712267107.488319}]}, "version": 2838, "at": 1712267107.488998}
{"obj": {"type": "LogFloats", "path": ["monitoring", "4d72a671", "cpu"], "values": [{"value": 48.7, "step": null, "ts": 1712267117.491942}]}, "version": 2839, "at": 1712267117.492222}
{"obj": {"type": "LogFloats", "path": ["monitoring", "4d72a671", "memory"], "values": [{"value": 8.191658020019531, "step": null, "ts": 1712267117.491942}]}, "version": 2840, "at": 1712267117.492498}
{"obj": {"type": "LogFloats", "path": ["monitoring", "4d72a671", "cpu"], "values": [{"value": 17.1, "step": null, "ts": 1712267127.496381}]}, "version": 2841, "at": 1712267127.496694}
{"obj": {"type": "LogFloats", "path": ["monitoring", "4d72a671", "memory"], "values": [{"value": 8.166305541992188, "step": null, "ts": 1712267127.496381}]}, "version": 2842, "at": 1712267127.49696}
{"obj": {"type": "LogFloats", "path": ["monitoring", "4d72a671", "cpu"], "values": [{"value": 15.1, "step": null, "ts": 1712267137.501528}]}, "version": 2843, "at": 1712267137.501819}
{"obj": {"type": "LogFloats", "path": ["monitoring", "4d72a671", "memory"], "values": [{"value": 8.123218536376953, "step": null, "ts": 1712267137.501528}]}, "version": 2844, "at": 1712267137.502096}
{"obj": {"type": "LogFloats", "path": ["monitoring", "4d72a671", "cpu"], "values": [{"value": 15.0, "step": null, "ts": 1712267147.504407}]}, "version": 2845, "at": 1712267147.504689}
{"obj": {"type": "LogFloats", "path": ["monitoring", "4d72a671", "memory"], "values": [{"value": 8.029426574707031, "step": null, "ts": 1712267147.504407}]}, "version": 2846, "at": 1712267147.50495}
{"obj": {"type": "LogFloats", "path": ["monitoring", "4d72a671", "cpu"], "values": [{"value": 14.7, "step": null, "ts": 1712267157.508992}]}, "version": 2847, "at": 1712267157.509278}
{"obj": {"type": "LogFloats", "path": ["monitoring", "4d72a671", "memory"], "values": [{"value": 8.024181365966797, "step": null, "ts": 1712267157.508992}]}, "version": 2848, "at": 1712267157.509542}
{"obj": {"type": "LogFloats", "path": ["monitoring", "4d72a671", "cpu"], "values": [{"value": 14.8, "step": null, "ts": 1712267167.5101}]}, "version": 2849, "at": 1712267167.510506}
{"obj": {"type": "LogFloats", "path": ["monitoring", "4d72a671", "memory"], "values": [{"value": 8.009014129638672, "step": null, "ts": 1712267167.5101}]}, "version": 2850, "at": 1712267167.510902}
{"obj": {"type": "LogFloats", "path": ["monitoring", "4d72a671", "cpu"], "values": [{"value": 45.3, "step": null, "ts": 1712267177.514046}]}, "version": 2851, "at": 1712267177.514414}
{"obj": {"type": "LogFloats", "path": ["monitoring", "4d72a671", "memory"], "values": [{"value": 8.285240173339844, "step": null, "ts": 1712267177.514046}]}, "version": 2852, "at": 1712267177.514781}
{"obj": {"type": "LogFloats", "path": ["monitoring", "4d72a671", "cpu"], "values": [{"value": 30.1, "step": null, "ts": 1712267187.518035}]}, "version": 2853, "at": 1712267187.518314}
{"obj": {"type": "LogFloats", "path": ["monitoring", "4d72a671", "memory"], "values": [{"value": 8.15804672241211, "step": null, "ts": 1712267187.518035}]}, "version": 2854, "at": 1712267187.518574}
{"obj": {"type": "LogFloats", "path": ["monitoring", "4d72a671", "cpu"], "values": [{"value": 15.0, "step": null, "ts": 1712267197.523177}]}, "version": 2855, "at": 1712267197.5234601}
{"obj": {"type": "LogFloats", "path": ["monitoring", "4d72a671", "memory"], "values": [{"value": 8.119697570800781, "step": null, "ts": 1712267197.523177}]}, "version": 2856, "at": 1712267197.528807}
{"obj": {"type": "LogFloats", "path": ["monitoring", "4d72a671", "cpu"], "values": [{"value": 14.6, "step": null, "ts": 1712267207.531243}]}, "version": 2857, "at": 1712267207.53148}
{"obj": {"type": "LogFloats", "path": ["monitoring", "4d72a671", "memory"], "values": [{"value": 8.054698944091797, "step": null, "ts": 1712267207.531243}]}, "version": 2858, "at": 1712267207.5316658}
{"obj": {"type": "LogFloats", "path": ["monitoring", "4d72a671", "cpu"], "values": [{"value": 26.7, "step": null, "ts": 1712267217.5325608}]}, "version": 2859, "at": 1712267217.532864}
{"obj": {"type": "LogFloats", "path": ["monitoring", "4d72a671", "memory"], "values": [{"value": 8.37668228149414, "step": null, "ts": 1712267217.5325608}]}, "version": 2860, "at": 1712267217.5330591}
{"obj": {"type": "LogFloats", "path": ["monitoring", "4d72a671", "cpu"], "values": [{"value": 20.5, "step": null, "ts": 1712267227.5348768}]}, "version": 2861, "at": 1712267227.535157}
{"obj": {"type": "LogFloats", "path": ["monitoring", "4d72a671", "memory"], "values": [{"value": 8.445114135742188, "step": null, "ts": 1712267227.5348768}]}, "version": 2862, "at": 1712267227.535436}
{"obj": {"type": "LogFloats", "path": ["monitoring", "4d72a671", "cpu"], "values": [{"value": 20.8, "step": null, "ts": 1712267237.536882}]}, "version": 2863, "at": 1712267237.537149}
{"obj": {"type": "LogFloats", "path": ["monitoring", "4d72a671", "memory"], "values": [{"value": 8.487201690673828, "step": null, "ts": 1712267237.536882}]}, "version": 2864, "at": 1712267237.537387}
{"obj": {"type": "LogFloats", "path": ["monitoring", "4d72a671", "cpu"], "values": [{"value": 22.4, "step": null, "ts": 1712267247.538465}]}, "version": 2865, "at": 1712267247.538652}
{"obj": {"type": "LogFloats", "path": ["monitoring", "4d72a671", "memory"], "values": [{"value": 8.951496124267578, "step": null, "ts": 1712267247.538465}]}, "version": 2866, "at": 1712267247.5388339}
{"obj": {"type": "LogFloats", "path": ["monitoring", "4d72a671", "cpu"], "values": [{"value": 17.7, "step": null, "ts": 1712267257.539221}]}, "version": 2867, "at": 1712267257.539435}
{"obj": {"type": "LogFloats", "path": ["monitoring", "4d72a671", "memory"], "values": [{"value": 8.701889038085938, "step": null, "ts": 1712267257.539221}]}, "version": 2868, "at": 1712267257.539634}
{"obj": {"type": "LogFloats", "path": ["monitoring", "4d72a671", "cpu"], "values": [{"value": 20.0, "step": null, "ts": 1712267267.541187}]}, "version": 2869, "at": 1712267267.541514}
{"obj": {"type": "LogFloats", "path": ["monitoring", "4d72a671", "memory"], "values": [{"value": 8.735702514648438, "step": null, "ts": 1712267267.541187}]}, "version": 2870, "at": 1712267267.5417778}
{"obj": {"type": "LogFloats", "path": ["monitoring", "4d72a671", "cpu"], "values": [{"value": 20.5, "step": null, "ts": 1712267277.5424142}]}, "version": 2871, "at": 1712267277.542625}
{"obj": {"type": "LogFloats", "path": ["monitoring", "4d72a671", "memory"], "values": [{"value": 8.784149169921875, "step": null, "ts": 1712267277.5424142}]}, "version": 2872, "at": 1712267277.5428312}
{"obj": {"type": "LogFloats", "path": ["monitoring", "4d72a671", "cpu"], "values": [{"value": 18.9, "step": null, "ts": 1712267287.544054}]}, "version": 2873, "at": 1712267287.5443149}
{"obj": {"type": "LogFloats", "path": ["monitoring", "4d72a671", "memory"], "values": [{"value": 8.791648864746094, "step": null, "ts": 1712267287.544054}]}, "version": 2874, "at": 1712267287.544568}
{"obj": {"type": "LogFloats", "path": ["monitoring", "4d72a671", "cpu"], "values": [{"value": 19.0, "step": null, "ts": 1712267297.548755}]}, "version": 2875, "at": 1712267297.5491278}
{"obj": {"type": "LogFloats", "path": ["monitoring", "4d72a671", "memory"], "values": [{"value": 8.810211181640625, "step": null, "ts": 1712267297.548755}]}, "version": 2876, "at": 1712267297.5493739}
{"obj": {"type": "LogFloats", "path": ["monitoring", "4d72a671", "cpu"], "values": [{"value": 19.9, "step": null, "ts": 1712267307.549921}]}, "version": 2877, "at": 1712267307.550147}
{"obj": {"type": "LogFloats", "path": ["monitoring", "4d72a671", "memory"], "values": [{"value": 8.83041000366211, "step": null, "ts": 1712267307.549921}]}, "version": 2878, "at": 1712267307.550346}
{"obj": {"type": "LogFloats", "path": ["monitoring", "4d72a671", "cpu"], "values": [{"value": 24.8, "step": null, "ts": 1712267317.555077}]}, "version": 2879, "at": 1712267317.55532}
{"obj": {"type": "LogFloats", "path": ["monitoring", "4d72a671", "memory"], "values": [{"value": 8.920101165771484, "step": null, "ts": 1712267317.555077}]}, "version": 2880, "at": 1712267317.555516}
{"obj": {"type": "LogFloats", "path": ["monitoring", "4d72a671", "cpu"], "values": [{"value": 18.9, "step": null, "ts": 1712267327.560425}]}, "version": 2881, "at": 1712267327.560632}
{"obj": {"type": "LogFloats", "path": ["monitoring", "4d72a671", "memory"], "values": [{"value": 8.894908905029297, "step": null, "ts": 1712267327.560425}]}, "version": 2882, "at": 1712267327.560807}
{"obj": {"type": "LogFloats", "path": ["monitoring", "4d72a671", "cpu"], "values": [{"value": 18.0, "step": null, "ts": 1712267337.5638778}]}, "version": 2883, "at": 1712267337.564116}
{"obj": {"type": "LogFloats", "path": ["monitoring", "4d72a671", "memory"], "values": [{"value": 8.877674102783203, "step": null, "ts": 1712267337.5638778}]}, "version": 2884, "at": 1712267337.564328}
{"obj": {"type": "LogFloats", "path": ["monitoring", "4d72a671", "cpu"], "values": [{"value": 18.9, "step": null, "ts": 1712267347.565835}]}, "version": 2885, "at": 1712267347.5660841}
{"obj": {"type": "LogFloats", "path": ["monitoring", "4d72a671", "memory"], "values": [{"value": 8.878799438476562, "step": null, "ts": 1712267347.565835}]}, "version": 2886, "at": 1712267347.566277}
{"obj": {"type": "LogFloats", "path": ["monitoring", "4d72a671", "cpu"], "values": [{"value": 21.5, "step": null, "ts": 1712267357.5698218}]}, "version": 2887, "at": 1712267357.5700648}
{"obj": {"type": "LogFloats", "path": ["monitoring", "4d72a671", "memory"], "values": [{"value": 8.992969512939453, "step": null, "ts": 1712267357.5698218}]}, "version": 2888, "at": 1712267357.570248}
{"obj": {"type": "LogFloats", "path": ["monitoring", "4d72a671", "cpu"], "values": [{"value": 17.4, "step": null, "ts": 1712267367.574105}]}, "version": 2889, "at": 1712267367.574304}
{"obj": {"type": "LogFloats", "path": ["monitoring", "4d72a671", "memory"], "values": [{"value": 8.999286651611328, "step": null, "ts": 1712267367.574105}]}, "version": 2890, "at": 1712267367.574517}
{"obj": {"type": "LogFloats", "path": ["monitoring", "4d72a671", "cpu"], "values": [{"value": 21.3, "step": null, "ts": 1712267377.575344}]}, "version": 2891, "at": 1712267377.575586}
{"obj": {"type": "LogFloats", "path": ["monitoring", "4d72a671", "memory"], "values": [{"value": 9.258560180664062, "step": null, "ts": 1712267377.575344}]}, "version": 2892, "at": 1712267377.575849}
{"obj": {"type": "LogFloats", "path": ["monitoring", "4d72a671", "cpu"], "values": [{"value": 15.4, "step": null, "ts": 1712267387.578911}]}, "version": 2893, "at": 1712267387.579149}
{"obj": {"type": "LogFloats", "path": ["monitoring", "4d72a671", "memory"], "values": [{"value": 8.910831451416016, "step": null, "ts": 1712267387.578911}]}, "version": 2894, "at": 1712267387.579335}
{"obj": {"type": "LogFloats", "path": ["monitoring", "4d72a671", "cpu"], "values": [{"value": 18.4, "step": null, "ts": 1712267397.582145}]}, "version": 2895, "at": 1712267397.5824032}
{"obj": {"type": "LogFloats", "path": ["monitoring", "4d72a671", "memory"], "values": [{"value": 8.898746490478516, "step": null, "ts": 1712267397.582145}]}, "version": 2896, "at": 1712267397.5825942}
{"obj": {"type": "LogFloats", "path": ["monitoring", "4d72a671", "cpu"], "values": [{"value": 18.3, "step": null, "ts": 1712267407.583781}]}, "version": 2897, "at": 1712267407.584023}
{"obj": {"type": "LogFloats", "path": ["monitoring", "4d72a671", "memory"], "values": [{"value": 8.905204772949219, "step": null, "ts": 1712267407.583781}]}, "version": 2898, "at": 1712267407.584279}
{"obj": {"type": "LogFloats", "path": ["monitoring", "4d72a671", "cpu"], "values": [{"value": 17.1, "step": null, "ts": 1712267417.58805}]}, "version": 2899, "at": 1712267417.588264}
{"obj": {"type": "LogFloats", "path": ["monitoring", "4d72a671", "memory"], "values": [{"value": 8.918701171875, "step": null, "ts": 1712267417.58805}]}, "version": 2900, "at": 1712267417.588489}
{"obj": {"type": "LogFloats", "path": ["monitoring", "4d72a671", "cpu"], "values": [{"value": 16.0, "step": null, "ts": 1712267427.5926158}]}, "version": 2901, "at": 1712267427.592831}
{"obj": {"type": "LogFloats", "path": ["monitoring", "4d72a671", "memory"], "values": [{"value": 8.946887969970703, "step": null, "ts": 1712267427.5926158}]}, "version": 2902, "at": 1712267427.5930161}
{"obj": {"type": "LogFloats", "path": ["monitoring", "4d72a671", "cpu"], "values": [{"value": 18.2, "step": null, "ts": 1712267437.595008}]}, "version": 2903, "at": 1712267437.595228}
{"obj": {"type": "LogFloats", "path": ["monitoring", "4d72a671", "memory"], "values": [{"value": 8.955307006835938, "step": null, "ts": 1712267437.595008}]}, "version": 2904, "at": 1712267437.595437}
{"obj": {"type": "LogFloats", "path": ["monitoring", "4d72a671", "cpu"], "values": [{"value": 18.0, "step": null, "ts": 1712267447.6002119}]}, "version": 2905, "at": 1712267447.600459}
{"obj": {"type": "LogFloats", "path": ["monitoring", "4d72a671", "memory"], "values": [{"value": 8.927688598632812, "step": null, "ts": 1712267447.6002119}]}, "version": 2906, "at": 1712267447.600631}
{"obj": {"type": "LogFloats", "path": ["monitoring", "4d72a671", "cpu"], "values": [{"value": 14.9, "step": null, "ts": 1712267457.605473}]}, "version": 2907, "at": 1712267457.605694}
{"obj": {"type": "LogFloats", "path": ["monitoring", "4d72a671", "memory"], "values": [{"value": 8.912445068359375, "step": null, "ts": 1712267457.605473}]}, "version": 2908, "at": 1712267457.6058922}
{"obj": {"type": "LogFloats", "path": ["monitoring", "4d72a671", "cpu"], "values": [{"value": 14.3, "step": null, "ts": 1712267467.608227}]}, "version": 2909, "at": 1712267467.608435}
{"obj": {"type": "LogFloats", "path": ["monitoring", "4d72a671", "memory"], "values": [{"value": 8.86746597290039, "step": null, "ts": 1712267467.608227}]}, "version": 2910, "at": 1712267467.6086159}
{"obj": {"type": "LogFloats", "path": ["monitoring", "4d72a671", "cpu"], "values": [{"value": 17.4, "step": null, "ts": 1712267477.611868}]}, "version": 2911, "at": 1712267477.612055}
{"obj": {"type": "LogFloats", "path": ["monitoring", "4d72a671", "memory"], "values": [{"value": 8.868194580078125, "step": null, "ts": 1712267477.611868}]}, "version": 2912, "at": 1712267477.612267}
{"obj": {"type": "LogFloats", "path": ["monitoring", "4d72a671", "cpu"], "values": [{"value": 15.2, "step": null, "ts": 1712267487.6163352}]}, "version": 2913, "at": 1712267487.616571}
{"obj": {"type": "LogFloats", "path": ["monitoring", "4d72a671", "memory"], "values": [{"value": 8.878925323486328, "step": null, "ts": 1712267487.6163352}]}, "version": 2914, "at": 1712267487.616769}
{"obj": {"type": "LogFloats", "path": ["monitoring", "4d72a671", "cpu"], "values": [{"value": 14.0, "step": null, "ts": 1712267497.622068}]}, "version": 2915, "at": 1712267497.622305}
{"obj": {"type": "LogFloats", "path": ["monitoring", "4d72a671", "memory"], "values": [{"value": 8.885780334472656, "step": null, "ts": 1712267497.622068}]}, "version": 2916, "at": 1712267497.6224902}
{"obj": {"type": "LogFloats", "path": ["monitoring", "4d72a671", "cpu"], "values": [{"value": 13.8, "step": null, "ts": 1712267507.6243641}]}, "version": 2917, "at": 1712267507.624626}
{"obj": {"type": "LogFloats", "path": ["monitoring", "4d72a671", "memory"], "values": [{"value": 8.85635757446289, "step": null, "ts": 1712267507.6243641}]}, "version": 2918, "at": 1712267507.624835}
{"obj": {"type": "LogFloats", "path": ["monitoring", "4d72a671", "cpu"], "values": [{"value": 13.7, "step": null, "ts": 1712267517.629736}]}, "version": 2919, "at": 1712267517.6299489}
{"obj": {"type": "LogFloats", "path": ["monitoring", "4d72a671", "memory"], "values": [{"value": 8.855998992919922, "step": null, "ts": 1712267517.629736}]}, "version": 2920, "at": 1712267517.6301372}
{"obj": {"type": "LogFloats", "path": ["monitoring", "4d72a671", "cpu"], "values": [{"value": 14.4, "step": null, "ts": 1712267527.634345}]}, "version": 2921, "at": 1712267527.634561}
{"obj": {"type": "LogFloats", "path": ["monitoring", "4d72a671", "memory"], "values": [{"value": 8.882057189941406, "step": null, "ts": 1712267527.634345}]}, "version": 2922, "at": 1712267527.6347651}
{"obj": {"type": "LogFloats", "path": ["monitoring", "4d72a671", "cpu"], "values": [{"value": 15.2, "step": null, "ts": 1712267537.635815}]}, "version": 2923, "at": 1712267537.636033}
{"obj": {"type": "LogFloats", "path": ["monitoring", "4d72a671", "memory"], "values": [{"value": 8.916187286376953, "step": null, "ts": 1712267537.635815}]}, "version": 2924, "at": 1712267537.636251}
{"obj": {"type": "LogFloats", "path": ["monitoring", "4d72a671", "cpu"], "values": [{"value": 14.6, "step": null, "ts": 1712267547.639494}]}, "version": 2925, "at": 1712267547.63972}
{"obj": {"type": "LogFloats", "path": ["monitoring", "4d72a671", "memory"], "values": [{"value": 8.935317993164062, "step": null, "ts": 1712267547.639494}]}, "version": 2926, "at": 1712267547.639919}
{"obj": {"type": "LogFloats", "path": ["monitoring", "4d72a671", "cpu"], "values": [{"value": 14.7, "step": null, "ts": 1712267557.645206}]}, "version": 2927, "at": 1712267557.6454132}
{"obj": {"type": "LogFloats", "path": ["monitoring", "4d72a671", "memory"], "values": [{"value": 8.757678985595703, "step": null, "ts": 1712267557.645206}]}, "version": 2928, "at": 1712267557.6455958}
{"obj": {"type": "LogFloats", "path": ["monitoring", "4d72a671", "cpu"], "values": [{"value": 18.9, "step": null, "ts": 1712267567.643873}]}, "version": 2929, "at": 1712267567.644106}
{"obj": {"type": "LogFloats", "path": ["monitoring", "4d72a671", "memory"], "values": [{"value": 8.746173858642578, "step": null, "ts": 1712267567.643873}]}, "version": 2930, "at": 1712267567.644303}
{"obj": {"type": "LogFloats", "path": ["monitoring", "4d72a671", "cpu"], "values": [{"value": 19.9, "step": null, "ts": 1712267577.6346781}]}, "version": 2931, "at": 1712267577.634895}
{"obj": {"type": "LogFloats", "path": ["monitoring", "4d72a671", "memory"], "values": [{"value": 8.890243530273438, "step": null, "ts": 1712267577.6346781}]}, "version": 2932, "at": 1712267577.635071}
{"obj": {"type": "LogFloats", "path": ["monitoring", "4d72a671", "cpu"], "values": [{"value": 18.3, "step": null, "ts": 1712267587.632353}]}, "version": 2933, "at": 1712267587.632599}
{"obj": {"type": "LogFloats", "path": ["monitoring", "4d72a671", "memory"], "values": [{"value": 9.050544738769531, "step": null, "ts": 1712267587.632353}]}, "version": 2934, "at": 1712267587.632767}
{"obj": {"type": "LogFloats", "path": ["monitoring", "4d72a671", "cpu"], "values": [{"value": 27.6, "step": null, "ts": 1712267597.632564}]}, "version": 2935, "at": 1712267597.632894}
{"obj": {"type": "LogFloats", "path": ["monitoring", "4d72a671", "memory"], "values": [{"value": 8.969036102294922, "step": null, "ts": 1712267597.632564}]}, "version": 2936, "at": 1712267597.6332428}
{"obj": {"type": "LogFloats", "path": ["monitoring", "4d72a671", "cpu"], "values": [{"value": 19.1, "step": null, "ts": 1712267607.6347258}]}, "version": 2937, "at": 1712267607.63493}
{"obj": {"type": "LogFloats", "path": ["monitoring", "4d72a671", "memory"], "values": [{"value": 8.961181640625, "step": null, "ts": 1712267607.6347258}]}, "version": 2938, "at": 1712267607.635106}
{"obj": {"type": "LogFloats", "path": ["monitoring", "4d72a671", "cpu"], "values": [{"value": 14.7, "step": null, "ts": 1712267617.63921}]}, "version": 2939, "at": 1712267617.6394382}
{"obj": {"type": "LogFloats", "path": ["monitoring", "4d72a671", "memory"], "values": [{"value": 8.906414031982422, "step": null, "ts": 1712267617.63921}]}, "version": 2940, "at": 1712267617.639641}
{"obj": {"type": "LogFloats", "path": ["monitoring", "4d72a671", "cpu"], "values": [{"value": 16.7, "step": null, "ts": 1712267627.642743}]}, "version": 2941, "at": 1712267627.642987}
{"obj": {"type": "LogFloats", "path": ["monitoring", "4d72a671", "memory"], "values": [{"value": 8.898693084716797, "step": null, "ts": 1712267627.642743}]}, "version": 2942, "at": 1712267627.6432462}
{"obj": {"type": "LogFloats", "path": ["monitoring", "4d72a671", "cpu"], "values": [{"value": 21.3, "step": null, "ts": 1712267637.647626}]}, "version": 2943, "at": 1712267637.6478348}
{"obj": {"type": "LogFloats", "path": ["monitoring", "4d72a671", "memory"], "values": [{"value": 9.0487060546875, "step": null, "ts": 1712267637.647626}]}, "version": 2944, "at": 1712267637.648043}
{"obj": {"type": "LogFloats", "path": ["monitoring", "4d72a671", "cpu"], "values": [{"value": 27.0, "step": null, "ts": 1712267647.652319}]}, "version": 2945, "at": 1712267647.65293}
{"obj": {"type": "LogFloats", "path": ["monitoring", "4d72a671", "memory"], "values": [{"value": 8.994537353515625, "step": null, "ts": 1712267647.652319}]}, "version": 2946, "at": 1712267647.653314}
{"obj": {"type": "LogFloats", "path": ["monitoring", "4d72a671", "cpu"], "values": [{"value": 19.5, "step": null, "ts": 1712267657.656595}]}, "version": 2947, "at": 1712267657.656817}
{"obj": {"type": "LogFloats", "path": ["monitoring", "4d72a671", "memory"], "values": [{"value": 9.048648834228516, "step": null, "ts": 1712267657.656595}]}, "version": 2948, "at": 1712267657.6569889}
{"obj": {"type": "LogFloats", "path": ["monitoring", "4d72a671", "cpu"], "values": [{"value": 23.1, "step": null, "ts": 1712267667.657851}]}, "version": 2949, "at": 1712267667.658082}
{"obj": {"type": "LogFloats", "path": ["monitoring", "4d72a671", "memory"], "values": [{"value": 8.81207275390625, "step": null, "ts": 1712267667.657851}]}, "version": 2950, "at": 1712267667.658311}
{"obj": {"type": "LogFloats", "path": ["monitoring", "4d72a671", "cpu"], "values": [{"value": 19.2, "step": null, "ts": 1712267677.661762}]}, "version": 2951, "at": 1712267677.6620212}
{"obj": {"type": "LogFloats", "path": ["monitoring", "4d72a671", "memory"], "values": [{"value": 8.887001037597656, "step": null, "ts": 1712267677.661762}]}, "version": 2952, "at": 1712267677.66225}
{"obj": {"type": "LogFloats", "path": ["monitoring", "4d72a671", "cpu"], "values": [{"value": 22.9, "step": null, "ts": 1712267687.664348}]}, "version": 2953, "at": 1712267687.664563}
{"obj": {"type": "LogFloats", "path": ["monitoring", "4d72a671", "memory"], "values": [{"value": 9.524272918701172, "step": null, "ts": 1712267687.664348}]}, "version": 2954, "at": 1712267687.664733}
{"obj": {"type": "LogFloats", "path": ["monitoring", "4d72a671", "cpu"], "values": [{"value": 23.2, "step": null, "ts": 1712267697.668983}]}, "version": 2955, "at": 1712267697.6692219}
{"obj": {"type": "LogFloats", "path": ["monitoring", "4d72a671", "memory"], "values": [{"value": 8.91927719116211, "step": null, "ts": 1712267697.668983}]}, "version": 2956, "at": 1712267697.66942}
{"obj": {"type": "LogFloats", "path": ["monitoring", "4d72a671", "cpu"], "values": [{"value": 25.9, "step": null, "ts": 1712267707.672537}]}, "version": 2957, "at": 1712267707.672759}
{"obj": {"type": "LogFloats", "path": ["monitoring", "4d72a671", "memory"], "values": [{"value": 8.88848876953125, "step": null, "ts": 1712267707.672537}]}, "version": 2958, "at": 1712267707.6729522}
{"obj": {"type": "LogFloats", "path": ["monitoring", "4d72a671", "cpu"], "values": [{"value": 19.2, "step": null, "ts": 1712267717.674185}]}, "version": 2959, "at": 1712267717.674416}
{"obj": {"type": "LogFloats", "path": ["monitoring", "4d72a671", "memory"], "values": [{"value": 8.867469787597656, "step": null, "ts": 1712267717.674185}]}, "version": 2960, "at": 1712267717.674609}
{"obj": {"type": "LogFloats", "path": ["monitoring", "4d72a671", "cpu"], "values": [{"value": 15.6, "step": null, "ts": 1712267727.678931}]}, "version": 2961, "at": 1712267727.679174}
{"obj": {"type": "LogFloats", "path": ["monitoring", "4d72a671", "memory"], "values": [{"value": 8.720592498779297, "step": null, "ts": 1712267727.678931}]}, "version": 2962, "at": 1712267727.679351}
{"obj": {"type": "LogFloats", "path": ["monitoring", "4d72a671", "cpu"], "values": [{"value": 13.8, "step": null, "ts": 1712267737.681776}]}, "version": 2963, "at": 1712267737.681982}
{"obj": {"type": "LogFloats", "path": ["monitoring", "4d72a671", "memory"], "values": [{"value": 8.723552703857422, "step": null, "ts": 1712267737.681776}]}, "version": 2964, "at": 1712267737.682164}
{"obj": {"type": "LogFloats", "path": ["monitoring", "4d72a671", "cpu"], "values": [{"value": 13.4, "step": null, "ts": 1712267747.6864681}]}, "version": 2965, "at": 1712267747.686668}
{"obj": {"type": "LogFloats", "path": ["monitoring", "4d72a671", "memory"], "values": [{"value": 8.72348403930664, "step": null, "ts": 1712267747.6864681}]}, "version": 2966, "at": 1712267747.68685}
{"obj": {"type": "LogFloats", "path": ["monitoring", "4d72a671", "cpu"], "values": [{"value": 13.5, "step": null, "ts": 1712267757.6923351}]}, "version": 2967, "at": 1712267757.692584}
{"obj": {"type": "LogFloats", "path": ["monitoring", "4d72a671", "memory"], "values": [{"value": 8.723438262939453, "step": null, "ts": 1712267757.6923351}]}, "version": 2968, "at": 1712267757.692766}
{"obj": {"type": "LogFloats", "path": ["monitoring", "4d72a671", "cpu"], "values": [{"value": 13.7, "step": null, "ts": 1712267767.6982589}]}, "version": 2969, "at": 1712267767.6984682}
{"obj": {"type": "LogFloats", "path": ["monitoring", "4d72a671", "memory"], "values": [{"value": 8.71829605102539, "step": null, "ts": 1712267767.6982589}]}, "version": 2970, "at": 1712267767.6986518}
{"obj": {"type": "LogFloats", "path": ["monitoring", "4d72a671", "cpu"], "values": [{"value": 13.7, "step": null, "ts": 1712267777.704056}]}, "version": 2971, "at": 1712267777.704274}
{"obj": {"type": "LogFloats", "path": ["monitoring", "4d72a671", "memory"], "values": [{"value": 8.708248138427734, "step": null, "ts": 1712267777.704056}]}, "version": 2972, "at": 1712267777.704445}
{"obj": {"type": "LogFloats", "path": ["monitoring", "4d72a671", "cpu"], "values": [{"value": 14.9, "step": null, "ts": 1712267787.709913}]}, "version": 2973, "at": 1712267787.710151}
{"obj": {"type": "LogFloats", "path": ["monitoring", "4d72a671", "memory"], "values": [{"value": 8.715316772460938, "step": null, "ts": 1712267787.709913}]}, "version": 2974, "at": 1712267787.710334}
{"obj": {"type": "LogFloats", "path": ["monitoring", "4d72a671", "cpu"], "values": [{"value": 14.1, "step": null, "ts": 1712267797.7146702}]}, "version": 2975, "at": 1712267797.71491}
{"obj": {"type": "LogFloats", "path": ["monitoring", "4d72a671", "memory"], "values": [{"value": 8.714569091796875, "step": null, "ts": 1712267797.7146702}]}, "version": 2976, "at": 1712267797.715085}
{"obj": {"type": "LogFloats", "path": ["monitoring", "4d72a671", "cpu"], "values": [{"value": 13.7, "step": null, "ts": 1712267807.7195148}]}, "version": 2977, "at": 1712267807.719733}
{"obj": {"type": "LogFloats", "path": ["monitoring", "4d72a671", "memory"], "values": [{"value": 8.749210357666016, "step": null, "ts": 1712267807.7195148}]}, "version": 2978, "at": 1712267807.719959}
{"obj": {"type": "LogFloats", "path": ["monitoring", "4d72a671", "cpu"], "values": [{"value": 13.8, "step": null, "ts": 1712267817.721899}]}, "version": 2979, "at": 1712267817.7221498}
{"obj": {"type": "LogFloats", "path": ["monitoring", "4d72a671", "memory"], "values": [{"value": 8.720512390136719, "step": null, "ts": 1712267817.721899}]}, "version": 2980, "at": 1712267817.722326}
{"obj": {"type": "LogFloats", "path": ["monitoring", "4d72a671", "cpu"], "values": [{"value": 14.0, "step": null, "ts": 1712267827.727821}]}, "version": 2981, "at": 1712267827.7280378}
{"obj": {"type": "LogFloats", "path": ["monitoring", "4d72a671", "memory"], "values": [{"value": 8.716320037841797, "step": null, "ts": 1712267827.727821}]}, "version": 2982, "at": 1712267827.728229}
{"obj": {"type": "LogFloats", "path": ["monitoring", "4d72a671", "cpu"], "values": [{"value": 13.6, "step": null, "ts": 1712267837.7337458}]}, "version": 2983, "at": 1712267837.73399}
{"obj": {"type": "LogFloats", "path": ["monitoring", "4d72a671", "memory"], "values": [{"value": 8.71384048461914, "step": null, "ts": 1712267837.7337458}]}, "version": 2984, "at": 1712267837.734171}
{"obj": {"type": "LogFloats", "path": ["monitoring", "4d72a671", "cpu"], "values": [{"value": 13.5, "step": null, "ts": 1712267847.739115}]}, "version": 2985, "at": 1712267847.739326}
{"obj": {"type": "LogFloats", "path": ["monitoring", "4d72a671", "memory"], "values": [{"value": 8.714656829833984, "step": null, "ts": 1712267847.739115}]}, "version": 2986, "at": 1712267847.739504}
{"obj": {"type": "LogFloats", "path": ["monitoring", "4d72a671", "cpu"], "values": [{"value": 13.6, "step": null, "ts": 1712267857.74497}]}, "version": 2987, "at": 1712267857.7451782}
{"obj": {"type": "LogFloats", "path": ["monitoring", "4d72a671", "memory"], "values": [{"value": 8.696765899658203, "step": null, "ts": 1712267857.74497}]}, "version": 2988, "at": 1712267857.745363}
{"obj": {"type": "LogFloats", "path": ["monitoring", "4d72a671", "cpu"], "values": [{"value": 13.5, "step": null, "ts": 1712267867.7497091}]}, "version": 2989, "at": 1712267867.749957}
{"obj": {"type": "LogFloats", "path": ["monitoring", "4d72a671", "memory"], "values": [{"value": 8.695701599121094, "step": null, "ts": 1712267867.7497091}]}, "version": 2990, "at": 1712267867.750139}
{"obj": {"type": "LogFloats", "path": ["monitoring", "4d72a671", "cpu"], "values": [{"value": 13.6, "step": null, "ts": 1712267877.751188}]}, "version": 2991, "at": 1712267877.751431}
{"obj": {"type": "LogFloats", "path": ["monitoring", "4d72a671", "memory"], "values": [{"value": 8.697052001953125, "step": null, "ts": 1712267877.751188}]}, "version": 2992, "at": 1712267877.751605}
{"obj": {"type": "LogFloats", "path": ["monitoring", "4d72a671", "cpu"], "values": [{"value": 13.7, "step": null, "ts": 1712267887.75264}]}, "version": 2993, "at": 1712267887.752884}
{"obj": {"type": "LogFloats", "path": ["monitoring", "4d72a671", "memory"], "values": [{"value": 8.714916229248047, "step": null, "ts": 1712267887.75264}]}, "version": 2994, "at": 1712267887.7530649}
{"obj": {"type": "LogFloats", "path": ["monitoring", "4d72a671", "cpu"], "values": [{"value": 13.8, "step": null, "ts": 1712267897.754087}]}, "version": 2995, "at": 1712267897.754303}
{"obj": {"type": "LogFloats", "path": ["monitoring", "4d72a671", "memory"], "values": [{"value": 8.715705871582031, "step": null, "ts": 1712267897.754087}]}, "version": 2996, "at": 1712267897.754459}
{"obj": {"type": "LogFloats", "path": ["monitoring", "4d72a671", "cpu"], "values": [{"value": 13.5, "step": null, "ts": 1712267907.755583}]}, "version": 2997, "at": 1712267907.75583}
{"obj": {"type": "LogFloats", "path": ["monitoring", "4d72a671", "memory"], "values": [{"value": 8.716087341308594, "step": null, "ts": 1712267907.755583}]}, "version": 2998, "at": 1712267907.756011}
{"obj": {"type": "LogFloats", "path": ["monitoring", "4d72a671", "cpu"], "values": [{"value": 13.6, "step": null, "ts": 1712267917.756905}]}, "version": 2999, "at": 1712267917.757152}
{"obj": {"type": "LogFloats", "path": ["monitoring", "4d72a671", "memory"], "values": [{"value": 8.681289672851562, "step": null, "ts": 1712267917.756905}]}, "version": 3000, "at": 1712267917.757334}
{"obj": {"type": "LogFloats", "path": ["monitoring", "4d72a671", "cpu"], "values": [{"value": 13.9, "step": null, "ts": 1712267927.760486}]}, "version": 3001, "at": 1712267927.760727}
{"obj": {"type": "LogFloats", "path": ["monitoring", "4d72a671", "memory"], "values": [{"value": 8.684627532958984, "step": null, "ts": 1712267927.760486}]}, "version": 3002, "at": 1712267927.760906}
{"obj": {"type": "LogFloats", "path": ["monitoring", "4d72a671", "cpu"], "values": [{"value": 14.2, "step": null, "ts": 1712267937.7637818}]}, "version": 3003, "at": 1712267937.76403}
{"obj": {"type": "LogFloats", "path": ["monitoring", "4d72a671", "memory"], "values": [{"value": 8.685073852539062, "step": null, "ts": 1712267937.7637818}]}, "version": 3004, "at": 1712267937.764225}
{"obj": {"type": "LogFloats", "path": ["monitoring", "4d72a671", "cpu"], "values": [{"value": 13.7, "step": null, "ts": 1712267947.7669508}]}, "version": 3005, "at": 1712267947.767186}
{"obj": {"type": "LogFloats", "path": ["monitoring", "4d72a671", "memory"], "values": [{"value": 8.693206787109375, "step": null, "ts": 1712267947.7669508}]}, "version": 3006, "at": 1712267947.767375}
{"obj": {"type": "LogFloats", "path": ["monitoring", "4d72a671", "cpu"], "values": [{"value": 13.7, "step": null, "ts": 1712267957.771225}]}, "version": 3007, "at": 1712267957.771436}
{"obj": {"type": "LogFloats", "path": ["monitoring", "4d72a671", "memory"], "values": [{"value": 8.697650909423828, "step": null, "ts": 1712267957.771225}]}, "version": 3008, "at": 1712267957.77162}
{"obj": {"type": "LogFloats", "path": ["monitoring", "4d72a671", "cpu"], "values": [{"value": 13.4, "step": null, "ts": 1712267967.7759402}]}, "version": 3009, "at": 1712267967.776146}
{"obj": {"type": "LogFloats", "path": ["monitoring", "4d72a671", "memory"], "values": [{"value": 8.698131561279297, "step": null, "ts": 1712267967.7759402}]}, "version": 3010, "at": 1712267967.776323}
{"obj": {"type": "LogFloats", "path": ["monitoring", "4d72a671", "cpu"], "values": [{"value": 13.7, "step": null, "ts": 1712267977.779378}]}, "version": 3011, "at": 1712267977.779754}
{"obj": {"type": "LogFloats", "path": ["monitoring", "4d72a671", "memory"], "values": [{"value": 8.670654296875, "step": null, "ts": 1712267977.779378}]}, "version": 3012, "at": 1712267977.77998}
{"obj": {"type": "LogFloats", "path": ["monitoring", "4d72a671", "cpu"], "values": [{"value": 13.4, "step": null, "ts": 1712267987.785389}]}, "version": 3013, "at": 1712267987.7856052}
{"obj": {"type": "LogFloats", "path": ["monitoring", "4d72a671", "memory"], "values": [{"value": 8.670295715332031, "step": null, "ts": 1712267987.785389}]}, "version": 3014, "at": 1712267987.7858071}
{"obj": {"type": "LogFloats", "path": ["monitoring", "4d72a671", "cpu"], "values": [{"value": 13.9, "step": null, "ts": 1712267997.789702}]}, "version": 3015, "at": 1712267997.789908}
{"obj": {"type": "LogFloats", "path": ["monitoring", "4d72a671", "memory"], "values": [{"value": 8.671077728271484, "step": null, "ts": 1712267997.789702}]}, "version": 3016, "at": 1712267997.790093}
{"obj": {"type": "LogFloats", "path": ["monitoring", "4d72a671", "cpu"], "values": [{"value": 14.2, "step": null, "ts": 1712268007.800357}]}, "version": 3017, "at": 1712268007.800562}
{"obj": {"type": "LogFloats", "path": ["monitoring", "4d72a671", "memory"], "values": [{"value": 8.634334564208984, "step": null, "ts": 1712268007.800357}]}, "version": 3018, "at": 1712268007.800739}
{"obj": {"type": "LogFloats", "path": ["monitoring", "4d72a671", "cpu"], "values": [{"value": 17.6, "step": null, "ts": 1712268017.809984}]}, "version": 3019, "at": 1712268017.810247}
{"obj": {"type": "LogFloats", "path": ["monitoring", "4d72a671", "memory"], "values": [{"value": 8.671955108642578, "step": null, "ts": 1712268017.809984}]}, "version": 3020, "at": 1712268017.810441}
{"obj": {"type": "LogFloats", "path": ["monitoring", "4d72a671", "cpu"], "values": [{"value": 13.5, "step": null, "ts": 1712268027.820302}]}, "version": 3021, "at": 1712268027.820503}
{"obj": {"type": "LogFloats", "path": ["monitoring", "4d72a671", "memory"], "values": [{"value": 8.665325164794922, "step": null, "ts": 1712268027.820302}]}, "version": 3022, "at": 1712268027.820677}
{"obj": {"type": "LogFloats", "path": ["monitoring", "4d72a671", "cpu"], "values": [{"value": 13.4, "step": null, "ts": 1712268037.827913}]}, "version": 3023, "at": 1712268037.8281229}
{"obj": {"type": "LogFloats", "path": ["monitoring", "4d72a671", "memory"], "values": [{"value": 8.665393829345703, "step": null, "ts": 1712268037.827913}]}, "version": 3024, "at": 1712268037.828321}
{"obj": {"type": "LogFloats", "path": ["monitoring", "4d72a671", "cpu"], "values": [{"value": 13.5, "step": null, "ts": 1712268047.8385658}]}, "version": 3025, "at": 1712268047.838805}
{"obj": {"type": "LogFloats", "path": ["monitoring", "4d72a671", "memory"], "values": [{"value": 8.655311584472656, "step": null, "ts": 1712268047.8385658}]}, "version": 3026, "at": 1712268047.838986}
{"obj": {"type": "LogFloats", "path": ["monitoring", "4d72a671", "cpu"], "values": [{"value": 14.1, "step": null, "ts": 1712268057.8448908}]}, "version": 3027, "at": 1712268057.845093}
{"obj": {"type": "LogFloats", "path": ["monitoring", "4d72a671", "memory"], "values": [{"value": 8.722335815429688, "step": null, "ts": 1712268057.8448908}]}, "version": 3028, "at": 1712268057.845269}
{"obj": {"type": "LogFloats", "path": ["monitoring", "4d72a671", "cpu"], "values": [{"value": 13.7, "step": null, "ts": 1712268067.855742}]}, "version": 3029, "at": 1712268067.855989}
{"obj": {"type": "LogFloats", "path": ["monitoring", "4d72a671", "memory"], "values": [{"value": 8.74618911743164, "step": null, "ts": 1712268067.855742}]}, "version": 3030, "at": 1712268067.856168}
{"obj": {"type": "LogFloats", "path": ["monitoring", "4d72a671", "cpu"], "values": [{"value": 14.5, "step": null, "ts": 1712268077.864366}]}, "version": 3031, "at": 1712268077.8645902}
{"obj": {"type": "LogFloats", "path": ["monitoring", "4d72a671", "memory"], "values": [{"value": 8.82046890258789, "step": null, "ts": 1712268077.864366}]}, "version": 3032, "at": 1712268077.86477}
{"obj": {"type": "LogFloats", "path": ["monitoring", "4d72a671", "cpu"], "values": [{"value": 14.5, "step": null, "ts": 1712268087.871613}]}, "version": 3033, "at": 1712268087.871845}
{"obj": {"type": "LogFloats", "path": ["monitoring", "4d72a671", "memory"], "values": [{"value": 8.849422454833984, "step": null, "ts": 1712268087.871613}]}, "version": 3034, "at": 1712268087.872033}
{"obj": {"type": "LogFloats", "path": ["monitoring", "4d72a671", "cpu"], "values": [{"value": 13.4, "step": null, "ts": 1712268097.879549}]}, "version": 3035, "at": 1712268097.8797948}
{"obj": {"type": "LogFloats", "path": ["monitoring", "4d72a671", "memory"], "values": [{"value": 8.831031799316406, "step": null, "ts": 1712268097.879549}]}, "version": 3036, "at": 1712268097.879974}
{"obj": {"type": "LogFloats", "path": ["monitoring", "4d72a671", "cpu"], "values": [{"value": 13.4, "step": null, "ts": 1712268107.8904388}]}, "version": 3037, "at": 1712268107.890644}
{"obj": {"type": "LogFloats", "path": ["monitoring", "4d72a671", "memory"], "values": [{"value": 8.831745147705078, "step": null, "ts": 1712268107.8904388}]}, "version": 3038, "at": 1712268107.890819}
{"obj": {"type": "LogFloats", "path": ["monitoring", "4d72a671", "cpu"], "values": [{"value": 13.4, "step": null, "ts": 1712268117.900783}]}, "version": 3039, "at": 1712268117.901025}
{"obj": {"type": "LogFloats", "path": ["monitoring", "4d72a671", "memory"], "values": [{"value": 8.83176040649414, "step": null, "ts": 1712268117.900783}]}, "version": 3040, "at": 1712268117.901202}
{"obj": {"type": "LogFloats", "path": ["monitoring", "4d72a671", "cpu"], "values": [{"value": 13.6, "step": null, "ts": 1712268127.908316}]}, "version": 3041, "at": 1712268127.90857}
{"obj": {"type": "LogFloats", "path": ["monitoring", "4d72a671", "memory"], "values": [{"value": 8.853878021240234, "step": null, "ts": 1712268127.908316}]}, "version": 3042, "at": 1712268127.908751}
{"obj": {"type": "LogFloats", "path": ["monitoring", "4d72a671", "cpu"], "values": [{"value": 13.8, "step": null, "ts": 1712268137.918636}]}, "version": 3043, "at": 1712268137.918862}
{"obj": {"type": "LogFloats", "path": ["monitoring", "4d72a671", "memory"], "values": [{"value": 8.855636596679688, "step": null, "ts": 1712268137.918636}]}, "version": 3044, "at": 1712268137.919029}
{"obj": {"type": "LogFloats", "path": ["monitoring", "4d72a671", "cpu"], "values": [{"value": 13.4, "step": null, "ts": 1712268147.9202461}]}, "version": 3045, "at": 1712268147.9204779}
{"obj": {"type": "LogFloats", "path": ["monitoring", "4d72a671", "memory"], "values": [{"value": 8.850166320800781, "step": null, "ts": 1712268147.9202461}]}, "version": 3046, "at": 1712268147.920657}
{"obj": {"type": "LogFloats", "path": ["monitoring", "4d72a671", "cpu"], "values": [{"value": 13.4, "step": null, "ts": 1712268157.927577}]}, "version": 3047, "at": 1712268157.927815}
{"obj": {"type": "LogFloats", "path": ["monitoring", "4d72a671", "memory"], "values": [{"value": 8.840412139892578, "step": null, "ts": 1712268157.927577}]}, "version": 3048, "at": 1712268157.9279869}
{"obj": {"type": "LogFloats", "path": ["monitoring", "4d72a671", "cpu"], "values": [{"value": 14.1, "step": null, "ts": 1712268167.931498}]}, "version": 3049, "at": 1712268167.931772}
{"obj": {"type": "LogFloats", "path": ["monitoring", "4d72a671", "memory"], "values": [{"value": 8.831710815429688, "step": null, "ts": 1712268167.931498}]}, "version": 3050, "at": 1712268167.931982}
{"obj": {"type": "LogFloats", "path": ["monitoring", "4d72a671", "cpu"], "values": [{"value": 13.4, "step": null, "ts": 1712268177.940557}]}, "version": 3051, "at": 1712268177.940793}
{"obj": {"type": "LogFloats", "path": ["monitoring", "4d72a671", "memory"], "values": [{"value": 8.833919525146484, "step": null, "ts": 1712268177.940557}]}, "version": 3052, "at": 1712268177.940966}
{"obj": {"type": "LogFloats", "path": ["monitoring", "4d72a671", "cpu"], "values": [{"value": 14.7, "step": null, "ts": 1712268187.9484632}]}, "version": 3053, "at": 1712268187.948664}
{"obj": {"type": "LogFloats", "path": ["monitoring", "4d72a671", "memory"], "values": [{"value": 8.900276184082031, "step": null, "ts": 1712268187.9484632}]}, "version": 3054, "at": 1712268187.9488351}
{"obj": {"type": "LogFloats", "path": ["monitoring", "4d72a671", "cpu"], "values": [{"value": 13.5, "step": null, "ts": 1712268197.950309}]}, "version": 3055, "at": 1712268197.9505239}
{"obj": {"type": "LogFloats", "path": ["monitoring", "4d72a671", "memory"], "values": [{"value": 8.900459289550781, "step": null, "ts": 1712268197.950309}]}, "version": 3056, "at": 1712268197.950717}
{"obj": {"type": "LogFloats", "path": ["monitoring", "4d72a671", "cpu"], "values": [{"value": 13.5, "step": null, "ts": 1712268207.9612002}]}, "version": 3057, "at": 1712268207.9614542}
{"obj": {"type": "LogFloats", "path": ["monitoring", "4d72a671", "memory"], "values": [{"value": 8.890369415283203, "step": null, "ts": 1712268207.9612002}]}, "version": 3058, "at": 1712268207.961642}
{"obj": {"type": "LogFloats", "path": ["monitoring", "4d72a671", "cpu"], "values": [{"value": 13.5, "step": null, "ts": 1712268217.970003}]}, "version": 3059, "at": 1712268217.970247}
{"obj": {"type": "LogFloats", "path": ["monitoring", "4d72a671", "memory"], "values": [{"value": 8.863666534423828, "step": null, "ts": 1712268217.970003}]}, "version": 3060, "at": 1712268217.970428}
{"obj": {"type": "LogFloats", "path": ["monitoring", "4d72a671", "cpu"], "values": [{"value": 13.6, "step": null, "ts": 1712268227.973182}]}, "version": 3061, "at": 1712268227.973473}
{"obj": {"type": "LogFloats", "path": ["monitoring", "4d72a671", "memory"], "values": [{"value": 8.862003326416016, "step": null, "ts": 1712268227.973182}]}, "version": 3062, "at": 1712268227.9737332}
{"obj": {"type": "LogFloats", "path": ["monitoring", "4d72a671", "cpu"], "values": [{"value": 14.2, "step": null, "ts": 1712268237.9833899}]}, "version": 3063, "at": 1712268237.98368}
{"obj": {"type": "LogFloats", "path": ["monitoring", "4d72a671", "memory"], "values": [{"value": 8.866539001464844, "step": null, "ts": 1712268237.9833899}]}, "version": 3064, "at": 1712268237.983943}
{"obj": {"type": "LogFloats", "path": ["monitoring", "4d72a671", "cpu"], "values": [{"value": 14.4, "step": null, "ts": 1712268247.993265}]}, "version": 3065, "at": 1712268247.993561}
{"obj": {"type": "LogFloats", "path": ["monitoring", "4d72a671", "memory"], "values": [{"value": 8.886199951171875, "step": null, "ts": 1712268247.993265}]}, "version": 3066, "at": 1712268247.99382}
{"obj": {"type": "LogFloats", "path": ["monitoring", "4d72a671", "cpu"], "values": [{"value": 13.8, "step": null, "ts": 1712268258.002675}]}, "version": 3067, "at": 1712268258.0029671}
{"obj": {"type": "LogFloats", "path": ["monitoring", "4d72a671", "memory"], "values": [{"value": 8.887779235839844, "step": null, "ts": 1712268258.002675}]}, "version": 3068, "at": 1712268258.0032241}
{"obj": {"type": "LogFloats", "path": ["monitoring", "4d72a671", "cpu"], "values": [{"value": 14.4, "step": null, "ts": 1712268268.012766}]}, "version": 3069, "at": 1712268268.013006}
{"obj": {"type": "LogFloats", "path": ["monitoring", "4d72a671", "memory"], "values": [{"value": 8.870765686035156, "step": null, "ts": 1712268268.012766}]}, "version": 3070, "at": 1712268268.013176}
{"obj": {"type": "LogFloats", "path": ["monitoring", "4d72a671", "cpu"], "values": [{"value": 13.4, "step": null, "ts": 1712268278.023637}]}, "version": 3071, "at": 1712268278.023874}
{"obj": {"type": "LogFloats", "path": ["monitoring", "4d72a671", "memory"], "values": [{"value": 8.86953353881836, "step": null, "ts": 1712268278.023637}]}, "version": 3072, "at": 1712268278.024039}
{"obj": {"type": "LogFloats", "path": ["monitoring", "4d72a671", "cpu"], "values": [{"value": 13.5, "step": null, "ts": 1712268288.0344498}]}, "version": 3073, "at": 1712268288.0346508}
{"obj": {"type": "LogFloats", "path": ["monitoring", "4d72a671", "memory"], "values": [{"value": 8.866947174072266, "step": null, "ts": 1712268288.0344498}]}, "version": 3074, "at": 1712268288.0348191}
{"obj": {"type": "LogFloats", "path": ["monitoring", "4d72a671", "cpu"], "values": [{"value": 14.2, "step": null, "ts": 1712268298.041705}]}, "version": 3075, "at": 1712268298.041996}
{"obj": {"type": "LogFloats", "path": ["monitoring", "4d72a671", "memory"], "values": [{"value": 8.878887176513672, "step": null, "ts": 1712268298.041705}]}, "version": 3076, "at": 1712268298.042207}
{"obj": {"type": "LogFloats", "path": ["monitoring", "4d72a671", "cpu"], "values": [{"value": 14.8, "step": null, "ts": 1712268308.044436}]}, "version": 3077, "at": 1712268308.044684}
{"obj": {"type": "LogFloats", "path": ["monitoring", "4d72a671", "memory"], "values": [{"value": 8.878551483154297, "step": null, "ts": 1712268308.044436}]}, "version": 3078, "at": 1712268308.04488}
{"obj": {"type": "LogFloats", "path": ["monitoring", "4d72a671", "cpu"], "values": [{"value": 15.9, "step": null, "ts": 1712268318.054831}]}, "version": 3079, "at": 1712268318.0550761}
{"obj": {"type": "LogFloats", "path": ["monitoring", "4d72a671", "memory"], "values": [{"value": 8.878631591796875, "step": null, "ts": 1712268318.054831}]}, "version": 3080, "at": 1712268318.055249}
{"obj": {"type": "LogFloats", "path": ["monitoring", "4d72a671", "cpu"], "values": [{"value": 13.5, "step": null, "ts": 1712268328.065312}]}, "version": 3081, "at": 1712268328.065563}
{"obj": {"type": "LogFloats", "path": ["monitoring", "4d72a671", "memory"], "values": [{"value": 8.87784194946289, "step": null, "ts": 1712268328.065312}]}, "version": 3082, "at": 1712268328.065744}
{"obj": {"type": "LogFloats", "path": ["monitoring", "4d72a671", "cpu"], "values": [{"value": 13.4, "step": null, "ts": 1712268338.0751638}]}, "version": 3083, "at": 1712268338.075408}
{"obj": {"type": "LogFloats", "path": ["monitoring", "4d72a671", "memory"], "values": [{"value": 8.866378784179688, "step": null, "ts": 1712268338.0751638}]}, "version": 3084, "at": 1712268338.075583}
{"obj": {"type": "LogFloats", "path": ["monitoring", "4d72a671", "cpu"], "values": [{"value": 13.7, "step": null, "ts": 1712268348.081405}]}, "version": 3085, "at": 1712268348.081708}
{"obj": {"type": "LogFloats", "path": ["monitoring", "4d72a671", "memory"], "values": [{"value": 8.859310150146484, "step": null, "ts": 1712268348.081405}]}, "version": 3086, "at": 1712268348.0819688}
{"obj": {"type": "LogFloats", "path": ["monitoring", "4d72a671", "cpu"], "values": [{"value": 13.4, "step": null, "ts": 1712268358.087863}]}, "version": 3087, "at": 1712268358.0881548}
{"obj": {"type": "LogFloats", "path": ["monitoring", "4d72a671", "memory"], "values": [{"value": 8.859283447265625, "step": null, "ts": 1712268358.087863}]}, "version": 3088, "at": 1712268358.088418}
{"obj": {"type": "LogFloats", "path": ["monitoring", "4d72a671", "cpu"], "values": [{"value": 13.9, "step": null, "ts": 1712268368.092812}]}, "version": 3089, "at": 1712268368.093102}
{"obj": {"type": "LogFloats", "path": ["monitoring", "4d72a671", "memory"], "values": [{"value": 8.869190216064453, "step": null, "ts": 1712268368.092812}]}, "version": 3090, "at": 1712268368.0933619}
{"obj": {"type": "LogFloats", "path": ["monitoring", "4d72a671", "cpu"], "values": [{"value": 13.4, "step": null, "ts": 1712268378.1031868}]}, "version": 3091, "at": 1712268378.103489}
{"obj": {"type": "LogFloats", "path": ["monitoring", "4d72a671", "memory"], "values": [{"value": 8.86947250366211, "step": null, "ts": 1712268378.1031868}]}, "version": 3092, "at": 1712268378.1037529}
{"obj": {"type": "LogFloats", "path": ["monitoring", "4d72a671", "cpu"], "values": [{"value": 13.6, "step": null, "ts": 1712268388.114214}]}, "version": 3093, "at": 1712268388.114511}
{"obj": {"type": "LogFloats", "path": ["monitoring", "4d72a671", "memory"], "values": [{"value": 8.860511779785156, "step": null, "ts": 1712268388.114214}]}, "version": 3094, "at": 1712268388.114778}
{"obj": {"type": "LogFloats", "path": ["monitoring", "4d72a671", "cpu"], "values": [{"value": 13.6, "step": null, "ts": 1712268398.1229749}]}, "version": 3095, "at": 1712268398.123262}
{"obj": {"type": "LogFloats", "path": ["monitoring", "4d72a671", "memory"], "values": [{"value": 8.859817504882812, "step": null, "ts": 1712268398.1229749}]}, "version": 3096, "at": 1712268398.123534}
{"obj": {"type": "LogFloats", "path": ["monitoring", "4d72a671", "cpu"], "values": [{"value": 13.6, "step": null, "ts": 1712268408.1339588}]}, "version": 3097, "at": 1712268408.134271}
{"obj": {"type": "LogFloats", "path": ["monitoring", "4d72a671", "memory"], "values": [{"value": 8.859367370605469, "step": null, "ts": 1712268408.1339588}]}, "version": 3098, "at": 1712268408.13454}
{"obj": {"type": "LogFloats", "path": ["monitoring", "4d72a671", "cpu"], "values": [{"value": 13.3, "step": null, "ts": 1712268418.144653}]}, "version": 3099, "at": 1712268418.144942}
{"obj": {"type": "LogFloats", "path": ["monitoring", "4d72a671", "memory"], "values": [{"value": 8.859428405761719, "step": null, "ts": 1712268418.144653}]}, "version": 3100, "at": 1712268418.145206}
{"obj": {"type": "LogFloats", "path": ["monitoring", "4d72a671", "cpu"], "values": [{"value": 13.9, "step": null, "ts": 1712268428.154863}]}, "version": 3101, "at": 1712268428.155189}
{"obj": {"type": "LogFloats", "path": ["monitoring", "4d72a671", "memory"], "values": [{"value": 8.866897583007812, "step": null, "ts": 1712268428.154863}]}, "version": 3102, "at": 1712268428.155467}
{"obj": {"type": "LogFloats", "path": ["monitoring", "4d72a671", "cpu"], "values": [{"value": 13.4, "step": null, "ts": 1712268438.16591}]}, "version": 3103, "at": 1712268438.166233}
{"obj": {"type": "LogFloats", "path": ["monitoring", "4d72a671", "memory"], "values": [{"value": 8.865943908691406, "step": null, "ts": 1712268438.16591}]}, "version": 3104, "at": 1712268438.166503}
{"obj": {"type": "LogFloats", "path": ["monitoring", "4d72a671", "cpu"], "values": [{"value": 13.7, "step": null, "ts": 1712268448.1764}]}, "version": 3105, "at": 1712268448.176696}
{"obj": {"type": "LogFloats", "path": ["monitoring", "4d72a671", "memory"], "values": [{"value": 8.85988998413086, "step": null, "ts": 1712268448.1764}]}, "version": 3106, "at": 1712268448.176959}
{"obj": {"type": "LogFloats", "path": ["monitoring", "4d72a671", "cpu"], "values": [{"value": 13.6, "step": null, "ts": 1712268458.18529}]}, "version": 3107, "at": 1712268458.185591}
{"obj": {"type": "LogFloats", "path": ["monitoring", "4d72a671", "memory"], "values": [{"value": 8.80157470703125, "step": null, "ts": 1712268458.18529}]}, "version": 3108, "at": 1712268458.185868}
{"obj": {"type": "LogFloats", "path": ["monitoring", "4d72a671", "cpu"], "values": [{"value": 13.8, "step": null, "ts": 1712268468.196267}]}, "version": 3109, "at": 1712268468.196643}
{"obj": {"type": "LogFloats", "path": ["monitoring", "4d72a671", "memory"], "values": [{"value": 8.80279541015625, "step": null, "ts": 1712268468.196267}]}, "version": 3110, "at": 1712268468.19694}
{"obj": {"type": "LogFloats", "path": ["monitoring", "4d72a671", "cpu"], "values": [{"value": 14.7, "step": null, "ts": 1712268478.20656}]}, "version": 3111, "at": 1712268478.20685}
{"obj": {"type": "LogFloats", "path": ["monitoring", "4d72a671", "memory"], "values": [{"value": 8.806716918945312, "step": null, "ts": 1712268478.20656}]}, "version": 3112, "at": 1712268478.207114}
{"obj": {"type": "LogFloats", "path": ["monitoring", "4d72a671", "cpu"], "values": [{"value": 14.0, "step": null, "ts": 1712268488.215724}]}, "version": 3113, "at": 1712268488.2160158}
{"obj": {"type": "LogFloats", "path": ["monitoring", "4d72a671", "memory"], "values": [{"value": 8.813934326171875, "step": null, "ts": 1712268488.215724}]}, "version": 3114, "at": 1712268488.216288}
{"obj": {"type": "LogFloats", "path": ["monitoring", "4d72a671", "cpu"], "values": [{"value": 13.5, "step": null, "ts": 1712268498.224949}]}, "version": 3115, "at": 1712268498.225248}
{"obj": {"type": "LogFloats", "path": ["monitoring", "4d72a671", "memory"], "values": [{"value": 8.812637329101562, "step": null, "ts": 1712268498.224949}]}, "version": 3116, "at": 1712268498.225512}
{"obj": {"type": "LogFloats", "path": ["monitoring", "4d72a671", "cpu"], "values": [{"value": 13.6, "step": null, "ts": 1712268508.23435}]}, "version": 3117, "at": 1712268508.234644}
{"obj": {"type": "LogFloats", "path": ["monitoring", "4d72a671", "memory"], "values": [{"value": 8.812496185302734, "step": null, "ts": 1712268508.23435}]}, "version": 3118, "at": 1712268508.234904}
{"obj": {"type": "LogFloats", "path": ["monitoring", "4d72a671", "cpu"], "values": [{"value": 13.5, "step": null, "ts": 1712268518.243943}]}, "version": 3119, "at": 1712268518.244288}
{"obj": {"type": "LogFloats", "path": ["monitoring", "4d72a671", "memory"], "values": [{"value": 8.812660217285156, "step": null, "ts": 1712268518.243943}]}, "version": 3120, "at": 1712268518.244559}
{"obj": {"type": "LogFloats", "path": ["monitoring", "4d72a671", "cpu"], "values": [{"value": 13.6, "step": null, "ts": 1712268528.254569}]}, "version": 3121, "at": 1712268528.254852}
{"obj": {"type": "LogFloats", "path": ["monitoring", "4d72a671", "memory"], "values": [{"value": 8.813518524169922, "step": null, "ts": 1712268528.254569}]}, "version": 3122, "at": 1712268528.255114}
{"obj": {"type": "LogFloats", "path": ["monitoring", "4d72a671", "cpu"], "values": [{"value": 13.4, "step": null, "ts": 1712268538.2645981}]}, "version": 3123, "at": 1712268538.264957}
{"obj": {"type": "LogFloats", "path": ["monitoring", "4d72a671", "memory"], "values": [{"value": 8.813335418701172, "step": null, "ts": 1712268538.2645981}]}, "version": 3124, "at": 1712268538.265227}
{"obj": {"type": "LogFloats", "path": ["monitoring", "4d72a671", "cpu"], "values": [{"value": 15.4, "step": null, "ts": 1712268548.274792}]}, "version": 3125, "at": 1712268548.2750862}
{"obj": {"type": "LogFloats", "path": ["monitoring", "4d72a671", "memory"], "values": [{"value": 8.869316101074219, "step": null, "ts": 1712268548.274792}]}, "version": 3126, "at": 1712268548.275376}
{"obj": {"type": "LogFloats", "path": ["monitoring", "4d72a671", "cpu"], "values": [{"value": 14.4, "step": null, "ts": 1712268558.281719}]}, "version": 3127, "at": 1712268558.282002}
{"obj": {"type": "LogFloats", "path": ["monitoring", "4d72a671", "memory"], "values": [{"value": 8.871623992919922, "step": null, "ts": 1712268558.281719}]}, "version": 3128, "at": 1712268558.282263}
{"obj": {"type": "LogFloats", "path": ["monitoring", "4d72a671", "cpu"], "values": [{"value": 13.6, "step": null, "ts": 1712268568.2841}]}, "version": 3129, "at": 1712268568.284398}
{"obj": {"type": "LogFloats", "path": ["monitoring", "4d72a671", "memory"], "values": [{"value": 8.872791290283203, "step": null, "ts": 1712268568.2841}]}, "version": 3130, "at": 1712268568.2846541}
{"obj": {"type": "LogFloats", "path": ["monitoring", "4d72a671", "cpu"], "values": [{"value": 14.2, "step": null, "ts": 1712268578.292951}]}, "version": 3131, "at": 1712268578.293239}
{"obj": {"type": "LogFloats", "path": ["monitoring", "4d72a671", "memory"], "values": [{"value": 8.847789764404297, "step": null, "ts": 1712268578.292951}]}, "version": 3132, "at": 1712268578.293499}
{"obj": {"type": "LogFloats", "path": ["monitoring", "4d72a671", "cpu"], "values": [{"value": 13.6, "step": null, "ts": 1712268588.3037848}]}, "version": 3133, "at": 1712268588.304078}
{"obj": {"type": "LogFloats", "path": ["monitoring", "4d72a671", "memory"], "values": [{"value": 8.846336364746094, "step": null, "ts": 1712268588.3037848}]}, "version": 3134, "at": 1712268588.3043368}
{"obj": {"type": "LogFloats", "path": ["monitoring", "4d72a671", "cpu"], "values": [{"value": 13.8, "step": null, "ts": 1712268598.3145862}]}, "version": 3135, "at": 1712268598.314873}
{"obj": {"type": "LogFloats", "path": ["monitoring", "4d72a671", "memory"], "values": [{"value": 8.837810516357422, "step": null, "ts": 1712268598.3145862}]}, "version": 3136, "at": 1712268598.315132}
{"obj": {"type": "LogFloats", "path": ["monitoring", "4d72a671", "cpu"], "values": [{"value": 14.5, "step": null, "ts": 1712268608.3256378}]}, "version": 3137, "at": 1712268608.325943}
{"obj": {"type": "LogFloats", "path": ["monitoring", "4d72a671", "memory"], "values": [{"value": 8.839851379394531, "step": null, "ts": 1712268608.3256378}]}, "version": 3138, "at": 1712268608.326209}
{"obj": {"type": "LogFloats", "path": ["monitoring", "4d72a671", "cpu"], "values": [{"value": 14.3, "step": null, "ts": 1712268618.335428}]}, "version": 3139, "at": 1712268618.3357341}
{"obj": {"type": "LogFloats", "path": ["monitoring", "4d72a671", "memory"], "values": [{"value": 8.839900970458984, "step": null, "ts": 1712268618.335428}]}, "version": 3140, "at": 1712268618.3360069}
{"obj": {"type": "LogFloats", "path": ["monitoring", "4d72a671", "cpu"], "values": [{"value": 13.5, "step": null, "ts": 1712268628.346175}]}, "version": 3141, "at": 1712268628.3465118}
{"obj": {"type": "LogFloats", "path": ["monitoring", "4d72a671", "memory"], "values": [{"value": 8.839893341064453, "step": null, "ts": 1712268628.346175}]}, "version": 3142, "at": 1712268628.3467672}
{"obj": {"type": "LogFloats", "path": ["monitoring", "4d72a671", "cpu"], "values": [{"value": 13.8, "step": null, "ts": 1712268638.354998}]}, "version": 3143, "at": 1712268638.35528}
{"obj": {"type": "LogFloats", "path": ["monitoring", "4d72a671", "memory"], "values": [{"value": 8.81338882446289, "step": null, "ts": 1712268638.354998}]}, "version": 3144, "at": 1712268638.3555431}
{"obj": {"type": "LogFloats", "path": ["monitoring", "4d72a671", "cpu"], "values": [{"value": 13.5, "step": null, "ts": 1712268648.35831}]}, "version": 3145, "at": 1712268648.358597}
{"obj": {"type": "LogFloats", "path": ["monitoring", "4d72a671", "memory"], "values": [{"value": 8.813838958740234, "step": null, "ts": 1712268648.35831}]}, "version": 3146, "at": 1712268648.358851}
{"obj": {"type": "LogFloats", "path": ["monitoring", "4d72a671", "cpu"], "values": [{"value": 26.8, "step": null, "ts": 1712268658.3657348}]}, "version": 3147, "at": 1712268658.366132}
{"obj": {"type": "LogFloats", "path": ["monitoring", "4d72a671", "memory"], "values": [{"value": 8.920799255371094, "step": null, "ts": 1712268658.3657348}]}, "version": 3148, "at": 1712268658.3666592}
{"obj": {"type": "LogFloats", "path": ["monitoring", "4d72a671", "cpu"], "values": [{"value": 39.1, "step": null, "ts": 1712268668.370955}]}, "version": 3149, "at": 1712268668.371281}
{"obj": {"type": "LogFloats", "path": ["monitoring", "4d72a671", "memory"], "values": [{"value": 9.160423278808594, "step": null, "ts": 1712268668.370955}]}, "version": 3150, "at": 1712268668.371562}
{"obj": {"type": "LogFloats", "path": ["monitoring", "4d72a671", "cpu"], "values": [{"value": 38.4, "step": null, "ts": 1712268678.374639}]}, "version": 3151, "at": 1712268678.374936}
{"obj": {"type": "LogFloats", "path": ["monitoring", "4d72a671", "memory"], "values": [{"value": 9.133434295654297, "step": null, "ts": 1712268678.374639}]}, "version": 3152, "at": 1712268678.375232}
{"obj": {"type": "LogFloats", "path": ["monitoring", "4d72a671", "cpu"], "values": [{"value": 17.4, "step": null, "ts": 1712268688.37946}]}, "version": 3153, "at": 1712268688.379796}
{"obj": {"type": "LogFloats", "path": ["monitoring", "4d72a671", "memory"], "values": [{"value": 9.093292236328125, "step": null, "ts": 1712268688.37946}]}, "version": 3154, "at": 1712268688.380189}
{"obj": {"type": "LogFloats", "path": ["monitoring", "4d72a671", "cpu"], "values": [{"value": 21.4, "step": null, "ts": 1712268698.384676}]}, "version": 3155, "at": 1712268698.3850088}
{"obj": {"type": "LogFloats", "path": ["monitoring", "4d72a671", "memory"], "values": [{"value": 9.021339416503906, "step": null, "ts": 1712268698.384676}]}, "version": 3156, "at": 1712268698.385477}
{"obj": {"type": "LogFloats", "path": ["monitoring", "4d72a671", "cpu"], "values": [{"value": 21.3, "step": null, "ts": 1712268708.387126}]}, "version": 3157, "at": 1712268708.3874292}
{"obj": {"type": "LogFloats", "path": ["monitoring", "4d72a671", "memory"], "values": [{"value": 9.052005767822266, "step": null, "ts": 1712268708.387126}]}, "version": 3158, "at": 1712268708.387681}
{"obj": {"type": "LogFloats", "path": ["monitoring", "4d72a671", "cpu"], "values": [{"value": 29.4, "step": null, "ts": 1712268718.391865}]}, "version": 3159, "at": 1712268718.392108}
{"obj": {"type": "LogFloats", "path": ["monitoring", "4d72a671", "memory"], "values": [{"value": 9.371639251708984, "step": null, "ts": 1712268718.391865}]}, "version": 3160, "at": 1712268718.392422}
{"obj": {"type": "LogFloats", "path": ["monitoring", "4d72a671", "cpu"], "values": [{"value": 21.1, "step": null, "ts": 1712268728.3931022}]}, "version": 3161, "at": 1712268728.393426}
{"obj": {"type": "LogFloats", "path": ["monitoring", "4d72a671", "memory"], "values": [{"value": 9.349258422851562, "step": null, "ts": 1712268728.3931022}]}, "version": 3162, "at": 1712268728.393722}
{"obj": {"type": "LogFloats", "path": ["monitoring", "4d72a671", "cpu"], "values": [{"value": 24.6, "step": null, "ts": 1712268738.397776}]}, "version": 3163, "at": 1712268738.3981462}
{"obj": {"type": "LogFloats", "path": ["monitoring", "4d72a671", "memory"], "values": [{"value": 9.363243103027344, "step": null, "ts": 1712268738.397776}]}, "version": 3164, "at": 1712268738.398346}
{"obj": {"type": "LogFloats", "path": ["monitoring", "4d72a671", "cpu"], "values": [{"value": 40.1, "step": null, "ts": 1712268748.401335}]}, "version": 3165, "at": 1712268748.401553}
{"obj": {"type": "LogFloats", "path": ["monitoring", "4d72a671", "memory"], "values": [{"value": 9.268535614013672, "step": null, "ts": 1712268748.401335}]}, "version": 3166, "at": 1712268748.40174}
{"obj": {"type": "LogFloats", "path": ["monitoring", "4d72a671", "cpu"], "values": [{"value": 19.1, "step": null, "ts": 1712268758.40714}]}, "version": 3167, "at": 1712268758.407351}
{"obj": {"type": "LogFloats", "path": ["monitoring", "4d72a671", "memory"], "values": [{"value": 9.179691314697266, "step": null, "ts": 1712268758.40714}]}, "version": 3168, "at": 1712268758.407538}
{"obj": {"type": "LogFloats", "path": ["monitoring", "4d72a671", "cpu"], "values": [{"value": 29.2, "step": null, "ts": 1712268768.4082491}]}, "version": 3169, "at": 1712268768.408607}
{"obj": {"type": "LogFloats", "path": ["monitoring", "4d72a671", "memory"], "values": [{"value": 9.36801528930664, "step": null, "ts": 1712268768.4082491}]}, "version": 3170, "at": 1712268768.408941}
{"obj": {"type": "LogFloats", "path": ["monitoring", "4d72a671", "cpu"], "values": [{"value": 28.0, "step": null, "ts": 1712268778.413494}]}, "version": 3171, "at": 1712268778.413878}
{"obj": {"type": "LogFloats", "path": ["monitoring", "4d72a671", "memory"], "values": [{"value": 9.001888275146484, "step": null, "ts": 1712268778.413494}]}, "version": 3172, "at": 1712268778.414227}
{"obj": {"type": "LogFloats", "path": ["monitoring", "4d72a671", "cpu"], "values": [{"value": 27.0, "step": null, "ts": 1712268788.418725}]}, "version": 3173, "at": 1712268788.419049}
{"obj": {"type": "LogFloats", "path": ["monitoring", "4d72a671", "memory"], "values": [{"value": 9.106338500976562, "step": null, "ts": 1712268788.418725}]}, "version": 3174, "at": 1712268788.4193091}
{"obj": {"type": "LogFloats", "path": ["monitoring", "4d72a671", "cpu"], "values": [{"value": 20.2, "step": null, "ts": 1712268798.419747}]}, "version": 3175, "at": 1712268798.419996}
{"obj": {"type": "LogFloats", "path": ["monitoring", "4d72a671", "memory"], "values": [{"value": 9.090755462646484, "step": null, "ts": 1712268798.419747}]}, "version": 3176, "at": 1712268798.420201}
{"obj": {"type": "LogFloats", "path": ["monitoring", "4d72a671", "cpu"], "values": [{"value": 22.3, "step": null, "ts": 1712268808.424457}]}, "version": 3177, "at": 1712268808.4247448}
{"obj": {"type": "LogFloats", "path": ["monitoring", "4d72a671", "memory"], "values": [{"value": 9.312938690185547, "step": null, "ts": 1712268808.424457}]}, "version": 3178, "at": 1712268808.4249349}
{"obj": {"type": "LogFloats", "path": ["monitoring", "4d72a671", "cpu"], "values": [{"value": 14.1, "step": null, "ts": 1712268818.4303548}]}, "version": 3179, "at": 1712268818.430563}
{"obj": {"type": "LogFloats", "path": ["monitoring", "4d72a671", "memory"], "values": [{"value": 8.95138168334961, "step": null, "ts": 1712268818.4303548}]}, "version": 3180, "at": 1712268818.430746}
{"obj": {"type": "LogFloats", "path": ["monitoring", "4d72a671", "cpu"], "values": [{"value": 13.8, "step": null, "ts": 1712268828.436142}]}, "version": 3181, "at": 1712268828.436356}
{"obj": {"type": "LogFloats", "path": ["monitoring", "4d72a671", "memory"], "values": [{"value": 8.941108703613281, "step": null, "ts": 1712268828.436142}]}, "version": 3182, "at": 1712268828.436543}
{"obj": {"type": "LogFloats", "path": ["monitoring", "4d72a671", "cpu"], "values": [{"value": 13.7, "step": null, "ts": 1712268838.438355}]}, "version": 3183, "at": 1712268838.43856}
{"obj": {"type": "LogFloats", "path": ["monitoring", "4d72a671", "memory"], "values": [{"value": 8.906837463378906, "step": null, "ts": 1712268838.438355}]}, "version": 3184, "at": 1712268838.4387379}
{"obj": {"type": "LogFloats", "path": ["monitoring", "4d72a671", "cpu"], "values": [{"value": 21.8, "step": null, "ts": 1712268848.4406679}]}, "version": 3185, "at": 1712268848.44095}
{"obj": {"type": "LogFloats", "path": ["monitoring", "4d72a671", "memory"], "values": [{"value": 9.101451873779297, "step": null, "ts": 1712268848.4406679}]}, "version": 3186, "at": 1712268848.441204}
{"obj": {"type": "LogFloats", "path": ["monitoring", "4d72a671", "cpu"], "values": [{"value": 34.3, "step": null, "ts": 1712268858.441869}]}, "version": 3187, "at": 1712268858.4422011}
{"obj": {"type": "LogFloats", "path": ["monitoring", "4d72a671", "memory"], "values": [{"value": 9.394580841064453, "step": null, "ts": 1712268858.441869}]}, "version": 3188, "at": 1712268858.442486}
{"obj": {"type": "LogFloats", "path": ["monitoring", "4d72a671", "cpu"], "values": [{"value": 23.2, "step": null, "ts": 1712268868.4459252}]}, "version": 3189, "at": 1712268868.446146}
{"obj": {"type": "LogFloats", "path": ["monitoring", "4d72a671", "memory"], "values": [{"value": 9.48541259765625, "step": null, "ts": 1712268868.4459252}]}, "version": 3190, "at": 1712268868.446319}
{"obj": {"type": "LogFloats", "path": ["monitoring", "4d72a671", "cpu"], "values": [{"value": 23.6, "step": null, "ts": 1712268878.4497962}]}, "version": 3191, "at": 1712268878.450058}
{"obj": {"type": "LogFloats", "path": ["monitoring", "4d72a671", "memory"], "values": [{"value": 9.444549560546875, "step": null, "ts": 1712268878.4497962}]}, "version": 3192, "at": 1712268878.4504142}
{"obj": {"type": "LogFloats", "path": ["monitoring", "4d72a671", "cpu"], "values": [{"value": 23.7, "step": null, "ts": 1712268888.452087}]}, "version": 3193, "at": 1712268888.452287}
{"obj": {"type": "LogFloats", "path": ["monitoring", "4d72a671", "memory"], "values": [{"value": 9.416580200195312, "step": null, "ts": 1712268888.452087}]}, "version": 3194, "at": 1712268888.452469}
{"obj": {"type": "LogFloats", "path": ["monitoring", "4d72a671", "cpu"], "values": [{"value": 17.2, "step": null, "ts": 1712268898.45486}]}, "version": 3195, "at": 1712268898.455106}
{"obj": {"type": "LogFloats", "path": ["monitoring", "4d72a671", "memory"], "values": [{"value": 9.3721923828125, "step": null, "ts": 1712268898.45486}]}, "version": 3196, "at": 1712268898.4552891}
{"obj": {"type": "LogFloats", "path": ["monitoring", "4d72a671", "cpu"], "values": [{"value": 15.1, "step": null, "ts": 1712268908.4561641}]}, "version": 3197, "at": 1712268908.456369}
{"obj": {"type": "LogFloats", "path": ["monitoring", "4d72a671", "memory"], "values": [{"value": 9.266372680664062, "step": null, "ts": 1712268908.4561641}]}, "version": 3198, "at": 1712268908.4565482}
{"obj": {"type": "LogFloats", "path": ["monitoring", "4d72a671", "cpu"], "values": [{"value": 22.1, "step": null, "ts": 1712268918.4605818}]}, "version": 3199, "at": 1712268918.460777}
{"obj": {"type": "LogFloats", "path": ["monitoring", "4d72a671", "memory"], "values": [{"value": 9.305259704589844, "step": null, "ts": 1712268918.4605818}]}, "version": 3200, "at": 1712268918.46099}
{"obj": {"type": "LogFloats", "path": ["monitoring", "4d72a671", "cpu"], "values": [{"value": 20.9, "step": null, "ts": 1712268928.4621708}]}, "version": 3201, "at": 1712268928.462522}
{"obj": {"type": "LogFloats", "path": ["monitoring", "4d72a671", "memory"], "values": [{"value": 9.37374496459961, "step": null, "ts": 1712268928.4621708}]}, "version": 3202, "at": 1712268928.4628701}
{"obj": {"type": "LogFloats", "path": ["monitoring", "4d72a671", "cpu"], "values": [{"value": 24.3, "step": null, "ts": 1712268938.467938}]}, "version": 3203, "at": 1712268938.4681458}
{"obj": {"type": "LogFloats", "path": ["monitoring", "4d72a671", "memory"], "values": [{"value": 9.429241180419922, "step": null, "ts": 1712268938.467938}]}, "version": 3204, "at": 1712268938.468329}
{"obj": {"type": "LogFloats", "path": ["monitoring", "4d72a671", "cpu"], "values": [{"value": 15.8, "step": null, "ts": 1712268948.4709902}]}, "version": 3205, "at": 1712268948.471273}
{"obj": {"type": "LogFloats", "path": ["monitoring", "4d72a671", "memory"], "values": [{"value": 9.374950408935547, "step": null, "ts": 1712268948.4709902}]}, "version": 3206, "at": 1712268948.471464}
{"obj": {"type": "LogFloats", "path": ["monitoring", "4d72a671", "cpu"], "values": [{"value": 14.5, "step": null, "ts": 1712268958.476558}]}, "version": 3207, "at": 1712268958.4768262}
{"obj": {"type": "LogFloats", "path": ["monitoring", "4d72a671", "memory"], "values": [{"value": 9.353496551513672, "step": null, "ts": 1712268958.476558}]}, "version": 3208, "at": 1712268958.477003}
{"obj": {"type": "LogFloats", "path": ["monitoring", "4d72a671", "cpu"], "values": [{"value": 14.8, "step": null, "ts": 1712268968.478456}]}, "version": 3209, "at": 1712268968.478691}
{"obj": {"type": "LogFloats", "path": ["monitoring", "4d72a671", "memory"], "values": [{"value": 9.292854309082031, "step": null, "ts": 1712268968.478456}]}, "version": 3210, "at": 1712268968.478867}
{"obj": {"type": "LogFloats", "path": ["monitoring", "4d72a671", "cpu"], "values": [{"value": 14.6, "step": null, "ts": 1712268978.479599}]}, "version": 3211, "at": 1712268978.4798138}
{"obj": {"type": "LogFloats", "path": ["monitoring", "4d72a671", "memory"], "values": [{"value": 9.278072357177734, "step": null, "ts": 1712268978.479599}]}, "version": 3212, "at": 1712268978.48001}
{"obj": {"type": "LogFloats", "path": ["monitoring", "4d72a671", "cpu"], "values": [{"value": 14.3, "step": null, "ts": 1712268988.485533}]}, "version": 3213, "at": 1712268988.485739}
{"obj": {"type": "LogFloats", "path": ["monitoring", "4d72a671", "memory"], "values": [{"value": 9.267242431640625, "step": null, "ts": 1712268988.485533}]}, "version": 3214, "at": 1712268988.485922}
{"obj": {"type": "LogFloats", "path": ["monitoring", "4d72a671", "cpu"], "values": [{"value": 14.7, "step": null, "ts": 1712268998.4914198}]}, "version": 3215, "at": 1712268998.491625}
{"obj": {"type": "LogFloats", "path": ["monitoring", "4d72a671", "memory"], "values": [{"value": 9.26754379272461, "step": null, "ts": 1712268998.4914198}]}, "version": 3216, "at": 1712268998.491801}
{"obj": {"type": "LogFloats", "path": ["monitoring", "4d72a671", "cpu"], "values": [{"value": 17.2, "step": null, "ts": 1712269008.493975}]}, "version": 3217, "at": 1712269008.494285}
{"obj": {"type": "LogFloats", "path": ["monitoring", "4d72a671", "memory"], "values": [{"value": 9.320903778076172, "step": null, "ts": 1712269008.493975}]}, "version": 3218, "at": 1712269008.494452}
{"obj": {"type": "LogFloats", "path": ["monitoring", "4d72a671", "cpu"], "values": [{"value": 24.0, "step": null, "ts": 1712269018.496966}]}, "version": 3219, "at": 1712269018.4972212}
{"obj": {"type": "LogFloats", "path": ["monitoring", "4d72a671", "memory"], "values": [{"value": 9.357128143310547, "step": null, "ts": 1712269018.496966}]}, "version": 3220, "at": 1712269018.497411}
{"obj": {"type": "LogFloats", "path": ["monitoring", "4d72a671", "cpu"], "values": [{"value": 21.5, "step": null, "ts": 1712269028.502785}]}, "version": 3221, "at": 1712269028.502979}
{"obj": {"type": "LogFloats", "path": ["monitoring", "4d72a671", "memory"], "values": [{"value": 9.39407730102539, "step": null, "ts": 1712269028.502785}]}, "version": 3222, "at": 1712269028.503216}
{"obj": {"type": "LogFloats", "path": ["monitoring", "4d72a671", "cpu"], "values": [{"value": 19.2, "step": null, "ts": 1712269038.504138}]}, "version": 3223, "at": 1712269038.5043619}
{"obj": {"type": "LogFloats", "path": ["monitoring", "4d72a671", "memory"], "values": [{"value": 9.41128158569336, "step": null, "ts": 1712269038.504138}]}, "version": 3224, "at": 1712269038.504609}
{"obj": {"type": "LogFloats", "path": ["monitoring", "4d72a671", "cpu"], "values": [{"value": 16.8, "step": null, "ts": 1712269048.507257}]}, "version": 3225, "at": 1712269048.5074718}
{"obj": {"type": "LogFloats", "path": ["monitoring", "4d72a671", "memory"], "values": [{"value": 9.372577667236328, "step": null, "ts": 1712269048.507257}]}, "version": 3226, "at": 1712269048.507663}
{"obj": {"type": "LogFloats", "path": ["monitoring", "4d72a671", "cpu"], "values": [{"value": 16.8, "step": null, "ts": 1712269058.513172}]}, "version": 3227, "at": 1712269058.513411}
{"obj": {"type": "LogFloats", "path": ["monitoring", "4d72a671", "memory"], "values": [{"value": 9.349525451660156, "step": null, "ts": 1712269058.513172}]}, "version": 3228, "at": 1712269058.513597}
{"obj": {"type": "LogFloats", "path": ["monitoring", "4d72a671", "cpu"], "values": [{"value": 17.9, "step": null, "ts": 1712269068.5181398}]}, "version": 3229, "at": 1712269068.518383}
{"obj": {"type": "LogFloats", "path": ["monitoring", "4d72a671", "memory"], "values": [{"value": 9.406097412109375, "step": null, "ts": 1712269068.5181398}]}, "version": 3230, "at": 1712269068.5185752}
{"obj": {"type": "LogFloats", "path": ["monitoring", "4d72a671", "cpu"], "values": [{"value": 16.4, "step": null, "ts": 1712269078.521722}]}, "version": 3231, "at": 1712269078.521923}
{"obj": {"type": "LogFloats", "path": ["monitoring", "4d72a671", "memory"], "values": [{"value": 9.350181579589844, "step": null, "ts": 1712269078.521722}]}, "version": 3232, "at": 1712269078.5221179}
{"obj": {"type": "LogFloats", "path": ["monitoring", "4d72a671", "cpu"], "values": [{"value": 15.6, "step": null, "ts": 1712269088.523181}]}, "version": 3233, "at": 1712269088.523417}
{"obj": {"type": "LogFloats", "path": ["monitoring", "4d72a671", "memory"], "values": [{"value": 9.384510040283203, "step": null, "ts": 1712269088.523181}]}, "version": 3234, "at": 1712269088.523678}
{"obj": {"type": "LogFloats", "path": ["monitoring", "4d72a671", "cpu"], "values": [{"value": 17.2, "step": null, "ts": 1712269098.525695}]}, "version": 3235, "at": 1712269098.525934}
{"obj": {"type": "LogFloats", "path": ["monitoring", "4d72a671", "memory"], "values": [{"value": 9.39321517944336, "step": null, "ts": 1712269098.525695}]}, "version": 3236, "at": 1712269098.5261161}
{"obj": {"type": "LogFloats", "path": ["monitoring", "4d72a671", "cpu"], "values": [{"value": 22.8, "step": null, "ts": 1712269108.527657}]}, "version": 3237, "at": 1712269108.527903}
{"obj": {"type": "LogFloats", "path": ["monitoring", "4d72a671", "memory"], "values": [{"value": 9.359600067138672, "step": null, "ts": 1712269108.527657}]}, "version": 3238, "at": 1712269108.528086}
{"obj": {"type": "LogFloats", "path": ["monitoring", "4d72a671", "cpu"], "values": [{"value": 24.9, "step": null, "ts": 1712269118.532234}]}, "version": 3239, "at": 1712269118.5325198}
{"obj": {"type": "LogFloats", "path": ["monitoring", "4d72a671", "memory"], "values": [{"value": 9.332778930664062, "step": null, "ts": 1712269118.532234}]}, "version": 3240, "at": 1712269118.53272}
{"obj": {"type": "LogFloats", "path": ["monitoring", "4d72a671", "cpu"], "values": [{"value": 26.5, "step": null, "ts": 1712269128.536683}]}, "version": 3241, "at": 1712269128.5369222}
{"obj": {"type": "LogFloats", "path": ["monitoring", "4d72a671", "memory"], "values": [{"value": 9.498126983642578, "step": null, "ts": 1712269128.536683}]}, "version": 3242, "at": 1712269128.537117}
{"obj": {"type": "LogFloats", "path": ["monitoring", "4d72a671", "cpu"], "values": [{"value": 15.9, "step": null, "ts": 1712269138.540954}]}, "version": 3243, "at": 1712269138.5411892}
{"obj": {"type": "LogFloats", "path": ["monitoring", "4d72a671", "memory"], "values": [{"value": 9.501506805419922, "step": null, "ts": 1712269138.540954}]}, "version": 3244, "at": 1712269138.541426}
{"obj": {"type": "LogFloats", "path": ["monitoring", "4d72a671", "cpu"], "values": [{"value": 16.5, "step": null, "ts": 1712269148.5466619}]}, "version": 3245, "at": 1712269148.5468748}
{"obj": {"type": "LogFloats", "path": ["monitoring", "4d72a671", "memory"], "values": [{"value": 9.476093292236328, "step": null, "ts": 1712269148.5466619}]}, "version": 3246, "at": 1712269148.5470679}
{"obj": {"type": "LogFloats", "path": ["monitoring", "4d72a671", "cpu"], "values": [{"value": 17.6, "step": null, "ts": 1712269158.548779}]}, "version": 3247, "at": 1712269158.549037}
{"obj": {"type": "LogFloats", "path": ["monitoring", "4d72a671", "memory"], "values": [{"value": 9.463462829589844, "step": null, "ts": 1712269158.548779}]}, "version": 3248, "at": 1712269158.5492852}
{"obj": {"type": "LogFloats", "path": ["monitoring", "4d72a671", "cpu"], "values": [{"value": 16.1, "step": null, "ts": 1712269168.5510569}]}, "version": 3249, "at": 1712269168.55126}
{"obj": {"type": "LogFloats", "path": ["monitoring", "4d72a671", "memory"], "values": [{"value": 9.451007843017578, "step": null, "ts": 1712269168.5510569}]}, "version": 3250, "at": 1712269168.551444}
{"obj": {"type": "LogFloats", "path": ["monitoring", "4d72a671", "cpu"], "values": [{"value": 15.1, "step": null, "ts": 1712269178.556881}]}, "version": 3251, "at": 1712269178.5571141}
{"obj": {"type": "LogFloats", "path": ["monitoring", "4d72a671", "memory"], "values": [{"value": 9.421867370605469, "step": null, "ts": 1712269178.556881}]}, "version": 3252, "at": 1712269178.567185}
{"obj": {"type": "LogFloats", "path": ["monitoring", "4d72a671", "cpu"], "values": [{"value": 17.8, "step": null, "ts": 1712269188.568098}]}, "version": 3253, "at": 1712269188.5682912}
{"obj": {"type": "LogFloats", "path": ["monitoring", "4d72a671", "memory"], "values": [{"value": 9.439674377441406, "step": null, "ts": 1712269188.568098}]}, "version": 3254, "at": 1712269188.5684679}
{"obj": {"type": "LogFloats", "path": ["monitoring", "4d72a671", "cpu"], "values": [{"value": 18.4, "step": null, "ts": 1712269198.570693}]}, "version": 3255, "at": 1712269198.570965}
{"obj": {"type": "LogFloats", "path": ["monitoring", "4d72a671", "memory"], "values": [{"value": 9.47561264038086, "step": null, "ts": 1712269198.570693}]}, "version": 3256, "at": 1712269198.5712168}
{"obj": {"type": "LogFloats", "path": ["monitoring", "4d72a671", "cpu"], "values": [{"value": 20.4, "step": null, "ts": 1712269208.576389}]}, "version": 3257, "at": 1712269208.576629}
{"obj": {"type": "LogFloats", "path": ["monitoring", "4d72a671", "memory"], "values": [{"value": 9.500648498535156, "step": null, "ts": 1712269208.576389}]}, "version": 3258, "at": 1712269208.5768142}
{"obj": {"type": "LogFloats", "path": ["monitoring", "4d72a671", "cpu"], "values": [{"value": 20.4, "step": null, "ts": 1712269218.577493}]}, "version": 3259, "at": 1712269218.577682}
{"obj": {"type": "LogFloats", "path": ["monitoring", "4d72a671", "memory"], "values": [{"value": 9.488548278808594, "step": null, "ts": 1712269218.577493}]}, "version": 3260, "at": 1712269218.578084}
{"obj": {"type": "LogFloats", "path": ["monitoring", "4d72a671", "cpu"], "values": [{"value": 19.1, "step": null, "ts": 1712269228.581279}]}, "version": 3261, "at": 1712269228.5815308}
{"obj": {"type": "LogFloats", "path": ["monitoring", "4d72a671", "memory"], "values": [{"value": 9.527843475341797, "step": null, "ts": 1712269228.581279}]}, "version": 3262, "at": 1712269228.58182}
{"obj": {"type": "LogFloats", "path": ["monitoring", "4d72a671", "cpu"], "values": [{"value": 17.2, "step": null, "ts": 1712269238.586369}]}, "version": 3263, "at": 1712269238.586611}
{"obj": {"type": "LogFloats", "path": ["monitoring", "4d72a671", "memory"], "values": [{"value": 9.480003356933594, "step": null, "ts": 1712269238.586369}]}, "version": 3264, "at": 1712269238.586942}
{"obj": {"type": "LogFloats", "path": ["monitoring", "4d72a671", "cpu"], "values": [{"value": 15.4, "step": null, "ts": 1712269248.5887518}]}, "version": 3265, "at": 1712269248.5889752}
{"obj": {"type": "LogFloats", "path": ["monitoring", "4d72a671", "memory"], "values": [{"value": 9.445228576660156, "step": null, "ts": 1712269248.5887518}]}, "version": 3266, "at": 1712269248.589174}
{"obj": {"type": "LogFloats", "path": ["monitoring", "4d72a671", "cpu"], "values": [{"value": 14.1, "step": null, "ts": 1712269258.59463}]}, "version": 3267, "at": 1712269258.5949}
{"obj": {"type": "LogFloats", "path": ["monitoring", "4d72a671", "memory"], "values": [{"value": 9.441268920898438, "step": null, "ts": 1712269258.59463}]}, "version": 3268, "at": 1712269258.595115}
{"obj": {"type": "LogFloats", "path": ["monitoring", "4d72a671", "cpu"], "values": [{"value": 13.9, "step": null, "ts": 1712269268.600501}]}, "version": 3269, "at": 1712269268.600744}
{"obj": {"type": "LogFloats", "path": ["monitoring", "4d72a671", "memory"], "values": [{"value": 9.433555603027344, "step": null, "ts": 1712269268.600501}]}, "version": 3270, "at": 1712269268.6009312}
{"obj": {"type": "LogFloats", "path": ["monitoring", "4d72a671", "cpu"], "values": [{"value": 14.0, "step": null, "ts": 1712269278.6064}]}, "version": 3271, "at": 1712269278.606605}
{"obj": {"type": "LogFloats", "path": ["monitoring", "4d72a671", "memory"], "values": [{"value": 9.420280456542969, "step": null, "ts": 1712269278.6064}]}, "version": 3272, "at": 1712269278.606786}
{"obj": {"type": "LogFloats", "path": ["monitoring", "4d72a671", "cpu"], "values": [{"value": 20.8, "step": null, "ts": 1712269288.611049}]}, "version": 3273, "at": 1712269288.6113238}
{"obj": {"type": "LogFloats", "path": ["monitoring", "4d72a671", "memory"], "values": [{"value": 9.493759155273438, "step": null, "ts": 1712269288.611049}]}, "version": 3274, "at": 1712269288.611538}
{"obj": {"type": "LogFloats", "path": ["monitoring", "4d72a671", "cpu"], "values": [{"value": 77.6, "step": null, "ts": 1712269298.615989}]}, "version": 3275, "at": 1712269298.616276}
{"obj": {"type": "LogFloats", "path": ["monitoring", "4d72a671", "memory"], "values": [{"value": 9.72903060913086, "step": null, "ts": 1712269298.615989}]}, "version": 3276, "at": 1712269298.61662}
{"obj": {"type": "LogFloats", "path": ["monitoring", "4d72a671", "cpu"], "values": [{"value": 64.5, "step": null, "ts": 1712269308.621807}]}, "version": 3277, "at": 1712269308.622056}
{"obj": {"type": "LogFloats", "path": ["monitoring", "4d72a671", "memory"], "values": [{"value": 9.83646011352539, "step": null, "ts": 1712269308.621807}]}, "version": 3278, "at": 1712269308.62873}
{"obj": {"type": "LogFloats", "path": ["monitoring", "4d72a671", "cpu"], "values": [{"value": 67.8, "step": null, "ts": 1712269318.633493}]}, "version": 3279, "at": 1712269318.633764}
{"obj": {"type": "LogFloats", "path": ["monitoring", "4d72a671", "memory"], "values": [{"value": 10.05096435546875, "step": null, "ts": 1712269318.633493}]}, "version": 3280, "at": 1712269318.633968}
{"obj": {"type": "LogFloats", "path": ["monitoring", "4d72a671", "cpu"], "values": [{"value": 47.7, "step": null, "ts": 1712269328.639025}]}, "version": 3281, "at": 1712269328.63921}
{"obj": {"type": "LogFloats", "path": ["monitoring", "4d72a671", "memory"], "values": [{"value": 10.158184051513672, "step": null, "ts": 1712269328.639025}]}, "version": 3282, "at": 1712269328.639372}
{"obj": {"type": "LogFloats", "path": ["monitoring", "4d72a671", "cpu"], "values": [{"value": 23.7, "step": null, "ts": 1712269338.643829}]}, "version": 3283, "at": 1712269338.644138}
{"obj": {"type": "LogFloats", "path": ["monitoring", "4d72a671", "memory"], "values": [{"value": 10.111309051513672, "step": null, "ts": 1712269338.643829}]}, "version": 3284, "at": 1712269338.644368}
{"obj": {"type": "LogFloats", "path": ["monitoring", "4d72a671", "cpu"], "values": [{"value": 21.8, "step": null, "ts": 1712269348.64506}]}, "version": 3285, "at": 1712269348.645293}
{"obj": {"type": "LogFloats", "path": ["monitoring", "4d72a671", "memory"], "values": [{"value": 10.10457992553711, "step": null, "ts": 1712269348.64506}]}, "version": 3286, "at": 1712269348.645495}
{"obj": {"type": "LogFloats", "path": ["monitoring", "4d72a671", "cpu"], "values": [{"value": 27.2, "step": null, "ts": 1712269358.646646}]}, "version": 3287, "at": 1712269358.64687}
{"obj": {"type": "LogFloats", "path": ["monitoring", "4d72a671", "memory"], "values": [{"value": 10.058414459228516, "step": null, "ts": 1712269358.646646}]}, "version": 3288, "at": 1712269358.647095}
{"obj": {"type": "LogFloats", "path": ["monitoring", "4d72a671", "cpu"], "values": [{"value": 24.6, "step": null, "ts": 1712269368.650757}]}, "version": 3289, "at": 1712269368.6509461}
{"obj": {"type": "LogFloats", "path": ["monitoring", "4d72a671", "memory"], "values": [{"value": 10.06753921508789, "step": null, "ts": 1712269368.650757}]}, "version": 3290, "at": 1712269368.651221}
{"obj": {"type": "LogFloats", "path": ["monitoring", "4d72a671", "cpu"], "values": [{"value": 28.3, "step": null, "ts": 1712269378.6519868}]}, "version": 3291, "at": 1712269378.652276}
{"obj": {"type": "LogFloats", "path": ["monitoring", "4d72a671", "memory"], "values": [{"value": 10.160728454589844, "step": null, "ts": 1712269378.6519868}]}, "version": 3292, "at": 1712269378.65251}
{"obj": {"type": "LogFloats", "path": ["monitoring", "4d72a671", "cpu"], "values": [{"value": 33.3, "step": null, "ts": 1712269388.655343}]}, "version": 3293, "at": 1712269388.655624}
{"obj": {"type": "LogFloats", "path": ["monitoring", "4d72a671", "memory"], "values": [{"value": 10.050525665283203, "step": null, "ts": 1712269388.655343}]}, "version": 3294, "at": 1712269388.655908}
{"obj": {"type": "LogFloats", "path": ["monitoring", "4d72a671", "cpu"], "values": [{"value": 22.5, "step": null, "ts": 1712269398.6614232}]}, "version": 3295, "at": 1712269398.6616619}
{"obj": {"type": "LogFloats", "path": ["monitoring", "4d72a671", "memory"], "values": [{"value": 9.961673736572266, "step": null, "ts": 1712269398.6614232}]}, "version": 3296, "at": 1712269398.661847}
{"obj": {"type": "LogFloats", "path": ["monitoring", "4d72a671", "cpu"], "values": [{"value": 19.0, "step": null, "ts": 1712269408.66595}]}, "version": 3297, "at": 1712269408.6661701}
{"obj": {"type": "LogFloats", "path": ["monitoring", "4d72a671", "memory"], "values": [{"value": 9.972469329833984, "step": null, "ts": 1712269408.66595}]}, "version": 3298, "at": 1712269408.666506}
{"obj": {"type": "LogFloats", "path": ["monitoring", "4d72a671", "cpu"], "values": [{"value": 20.6, "step": null, "ts": 1712269418.669546}]}, "version": 3299, "at": 1712269418.669775}
{"obj": {"type": "LogFloats", "path": ["monitoring", "4d72a671", "memory"], "values": [{"value": 9.989398956298828, "step": null, "ts": 1712269418.669546}]}, "version": 3300, "at": 1712269418.669985}
{"obj": {"type": "LogFloats", "path": ["monitoring", "4d72a671", "cpu"], "values": [{"value": 28.1, "step": null, "ts": 1712269428.674731}]}, "version": 3301, "at": 1712269428.675061}
{"obj": {"type": "LogFloats", "path": ["monitoring", "4d72a671", "memory"], "values": [{"value": 10.33993148803711, "step": null, "ts": 1712269428.674731}]}, "version": 3302, "at": 1712269428.675393}
{"obj": {"type": "LogFloats", "path": ["monitoring", "4d72a671", "cpu"], "values": [{"value": 23.8, "step": null, "ts": 1712269438.677394}]}, "version": 3303, "at": 1712269438.6775858}
{"obj": {"type": "LogFloats", "path": ["monitoring", "4d72a671", "memory"], "values": [{"value": 10.364204406738281, "step": null, "ts": 1712269438.677394}]}, "version": 3304, "at": 1712269438.677758}
{"obj": {"type": "LogFloats", "path": ["monitoring", "4d72a671", "cpu"], "values": [{"value": 18.6, "step": null, "ts": 1712269448.681868}]}, "version": 3305, "at": 1712269448.682066}
{"obj": {"type": "LogFloats", "path": ["monitoring", "4d72a671", "memory"], "values": [{"value": 10.349769592285156, "step": null, "ts": 1712269448.681868}]}, "version": 3306, "at": 1712269448.682233}
{"obj": {"type": "LogFloats", "path": ["monitoring", "4d72a671", "cpu"], "values": [{"value": 15.2, "step": null, "ts": 1712269458.684392}]}, "version": 3307, "at": 1712269458.6846259}
{"obj": {"type": "LogFloats", "path": ["monitoring", "4d72a671", "memory"], "values": [{"value": 10.145938873291016, "step": null, "ts": 1712269458.684392}]}, "version": 3308, "at": 1712269458.684801}
{"obj": {"type": "LogFloats", "path": ["monitoring", "4d72a671", "cpu"], "values": [{"value": 17.2, "step": null, "ts": 1712269468.6891751}]}, "version": 3309, "at": 1712269468.6894112}
{"obj": {"type": "LogFloats", "path": ["monitoring", "4d72a671", "memory"], "values": [{"value": 10.081707000732422, "step": null, "ts": 1712269468.6891751}]}, "version": 3310, "at": 1712269468.689742}
{"obj": {"type": "LogFloats", "path": ["monitoring", "4d72a671", "cpu"], "values": [{"value": 27.0, "step": null, "ts": 1712269478.694539}]}, "version": 3311, "at": 1712269478.694784}
{"obj": {"type": "LogFloats", "path": ["monitoring", "4d72a671", "memory"], "values": [{"value": 10.22906494140625, "step": null, "ts": 1712269478.694539}]}, "version": 3312, "at": 1712269478.695047}
{"obj": {"type": "LogFloats", "path": ["monitoring", "4d72a671", "cpu"], "values": [{"value": 24.3, "step": null, "ts": 1712269488.697076}]}, "version": 3313, "at": 1712269488.697311}
{"obj": {"type": "LogFloats", "path": ["monitoring", "4d72a671", "memory"], "values": [{"value": 10.220474243164062, "step": null, "ts": 1712269488.697076}]}, "version": 3314, "at": 1712269488.697542}
{"obj": {"type": "LogFloats", "path": ["monitoring", "4d72a671", "cpu"], "values": [{"value": 23.7, "step": null, "ts": 1712269498.6982431}]}, "version": 3315, "at": 1712269498.698453}
{"obj": {"type": "LogFloats", "path": ["monitoring", "4d72a671", "memory"], "values": [{"value": 10.264106750488281, "step": null, "ts": 1712269498.6982431}]}, "version": 3316, "at": 1712269498.698626}
{"obj": {"type": "LogFloats", "path": ["monitoring", "4d72a671", "cpu"], "values": [{"value": 24.2, "step": null, "ts": 1712269508.7008278}]}, "version": 3317, "at": 1712269508.701045}
{"obj": {"type": "LogFloats", "path": ["monitoring", "4d72a671", "memory"], "values": [{"value": 10.091686248779297, "step": null, "ts": 1712269508.7008278}]}, "version": 3318, "at": 1712269508.701268}
{"obj": {"type": "LogFloats", "path": ["monitoring", "4d72a671", "cpu"], "values": [{"value": 33.7, "step": null, "ts": 1712269518.5411358}]}, "version": 3319, "at": 1712269518.5414011}
{"obj": {"type": "LogFloats", "path": ["monitoring", "4d72a671", "memory"], "values": [{"value": 10.32979965209961, "step": null, "ts": 1712269518.5411358}]}, "version": 3320, "at": 1712269518.541579}
{"obj": {"type": "LogFloats", "path": ["monitoring", "4d72a671", "cpu"], "values": [{"value": 24.8, "step": null, "ts": 1712269528.542938}]}, "version": 3321, "at": 1712269528.543116}
{"obj": {"type": "LogFloats", "path": ["monitoring", "4d72a671", "memory"], "values": [{"value": 10.438995361328125, "step": null, "ts": 1712269528.542938}]}, "version": 3322, "at": 1712269528.5432918}
{"obj": {"type": "LogFloats", "path": ["monitoring", "4d72a671", "cpu"], "values": [{"value": 19.8, "step": null, "ts": 1712269538.547808}]}, "version": 3323, "at": 1712269538.548063}
{"obj": {"type": "LogFloats", "path": ["monitoring", "4d72a671", "memory"], "values": [{"value": 10.351783752441406, "step": null, "ts": 1712269538.547808}]}, "version": 3324, "at": 1712269538.5482528}
{"obj": {"type": "LogFloats", "path": ["monitoring", "4d72a671", "cpu"], "values": [{"value": 22.1, "step": null, "ts": 1712269548.553069}]}, "version": 3325, "at": 1712269548.553279}
{"obj": {"type": "LogFloats", "path": ["monitoring", "4d72a671", "memory"], "values": [{"value": 10.490806579589844, "step": null, "ts": 1712269548.553069}]}, "version": 3326, "at": 1712269548.5534651}
{"obj": {"type": "LogFloats", "path": ["monitoring", "4d72a671", "cpu"], "values": [{"value": 20.7, "step": null, "ts": 1712269558.558402}]}, "version": 3327, "at": 1712269558.5585878}
{"obj": {"type": "LogFloats", "path": ["monitoring", "4d72a671", "memory"], "values": [{"value": 10.374870300292969, "step": null, "ts": 1712269558.558402}]}, "version": 3328, "at": 1712269558.558761}
{"obj": {"type": "LogFloats", "path": ["monitoring", "4d72a671", "cpu"], "values": [{"value": 18.8, "step": null, "ts": 1712269568.563395}]}, "version": 3329, "at": 1712269568.5636292}
{"obj": {"type": "LogFloats", "path": ["monitoring", "4d72a671", "memory"], "values": [{"value": 10.294670104980469, "step": null, "ts": 1712269568.563395}]}, "version": 3330, "at": 1712269568.563819}
{"obj": {"type": "LogFloats", "path": ["monitoring", "4d72a671", "cpu"], "values": [{"value": 17.6, "step": null, "ts": 1712269578.564196}]}, "version": 3331, "at": 1712269578.564439}
{"obj": {"type": "LogFloats", "path": ["monitoring", "4d72a671", "memory"], "values": [{"value": 10.259727478027344, "step": null, "ts": 1712269578.564196}]}, "version": 3332, "at": 1712269578.564619}
{"obj": {"type": "LogFloats", "path": ["monitoring", "4d72a671", "cpu"], "values": [{"value": 14.8, "step": null, "ts": 1712269588.569371}]}, "version": 3333, "at": 1712269588.569599}
{"obj": {"type": "LogFloats", "path": ["monitoring", "4d72a671", "memory"], "values": [{"value": 10.156501770019531, "step": null, "ts": 1712269588.569371}]}, "version": 3334, "at": 1712269588.569773}
{"obj": {"type": "LogFloats", "path": ["monitoring", "4d72a671", "cpu"], "values": [{"value": 20.2, "step": null, "ts": 1712269598.571718}]}, "version": 3335, "at": 1712269598.571968}
{"obj": {"type": "LogFloats", "path": ["monitoring", "4d72a671", "memory"], "values": [{"value": 10.232315063476562, "step": null, "ts": 1712269598.571718}]}, "version": 3336, "at": 1712269598.572173}
{"obj": {"type": "LogFloats", "path": ["monitoring", "4d72a671", "cpu"], "values": [{"value": 18.7, "step": null, "ts": 1712269608.577247}]}, "version": 3337, "at": 1712269608.57745}
{"obj": {"type": "LogFloats", "path": ["monitoring", "4d72a671", "memory"], "values": [{"value": 10.228046417236328, "step": null, "ts": 1712269608.577247}]}, "version": 3338, "at": 1712269608.577625}
{"obj": {"type": "LogFloats", "path": ["monitoring", "4d72a671", "cpu"], "values": [{"value": 18.1, "step": null, "ts": 1712269618.5802}]}, "version": 3339, "at": 1712269618.580441}
{"obj": {"type": "LogFloats", "path": ["monitoring", "4d72a671", "memory"], "values": [{"value": 10.126724243164062, "step": null, "ts": 1712269618.5802}]}, "version": 3340, "at": 1712269618.580631}
{"obj": {"type": "LogFloats", "path": ["monitoring", "4d72a671", "cpu"], "values": [{"value": 24.7, "step": null, "ts": 1712269628.582009}]}, "version": 3341, "at": 1712269628.582211}
{"obj": {"type": "LogFloats", "path": ["monitoring", "4d72a671", "memory"], "values": [{"value": 10.343986511230469, "step": null, "ts": 1712269628.582009}]}, "version": 3342, "at": 1712269628.582377}
{"obj": {"type": "LogFloats", "path": ["monitoring", "4d72a671", "cpu"], "values": [{"value": 17.7, "step": null, "ts": 1712269638.586692}]}, "version": 3343, "at": 1712269638.586934}
{"obj": {"type": "LogFloats", "path": ["monitoring", "4d72a671", "memory"], "values": [{"value": 10.220184326171875, "step": null, "ts": 1712269638.586692}]}, "version": 3344, "at": 1712269638.587169}
{"obj": {"type": "LogFloats", "path": ["monitoring", "4d72a671", "cpu"], "values": [{"value": 20.7, "step": null, "ts": 1712269648.587289}]}, "version": 3345, "at": 1712269648.587599}
{"obj": {"type": "LogFloats", "path": ["monitoring", "4d72a671", "memory"], "values": [{"value": 10.429203033447266, "step": null, "ts": 1712269648.587289}]}, "version": 3346, "at": 1712269648.587986}
{"obj": {"type": "LogFloats", "path": ["monitoring", "4d72a671", "cpu"], "values": [{"value": 24.6, "step": null, "ts": 1712269658.589531}]}, "version": 3347, "at": 1712269658.5897212}
{"obj": {"type": "LogFloats", "path": ["monitoring", "4d72a671", "memory"], "values": [{"value": 10.2923583984375, "step": null, "ts": 1712269658.589531}]}, "version": 3348, "at": 1712269658.589889}
{"obj": {"type": "LogFloats", "path": ["monitoring", "4d72a671", "cpu"], "values": [{"value": 17.5, "step": null, "ts": 1712269668.591419}]}, "version": 3349, "at": 1712269668.591624}
{"obj": {"type": "LogFloats", "path": ["monitoring", "4d72a671", "memory"], "values": [{"value": 10.075050354003906, "step": null, "ts": 1712269668.591419}]}, "version": 3350, "at": 1712269668.5918}
{"obj": {"type": "LogFloats", "path": ["monitoring", "4d72a671", "cpu"], "values": [{"value": 14.9, "step": null, "ts": 1712269678.5965881}]}, "version": 3351, "at": 1712269678.596788}
{"obj": {"type": "LogFloats", "path": ["monitoring", "4d72a671", "memory"], "values": [{"value": 9.989524841308594, "step": null, "ts": 1712269678.5965881}]}, "version": 3352, "at": 1712269678.596969}
{"obj": {"type": "LogFloats", "path": ["monitoring", "4d72a671", "cpu"], "values": [{"value": 17.6, "step": null, "ts": 1712269688.600877}]}, "version": 3353, "at": 1712269688.6010811}
{"obj": {"type": "LogFloats", "path": ["monitoring", "4d72a671", "memory"], "values": [{"value": 10.249763488769531, "step": null, "ts": 1712269688.600877}]}, "version": 3354, "at": 1712269688.6012568}
{"obj": {"type": "LogFloats", "path": ["monitoring", "4d72a671", "cpu"], "values": [{"value": 14.8, "step": null, "ts": 1712269698.6052349}]}, "version": 3355, "at": 1712269698.605479}
{"obj": {"type": "LogFloats", "path": ["monitoring", "4d72a671", "memory"], "values": [{"value": 9.917469024658203, "step": null, "ts": 1712269698.6052349}]}, "version": 3356, "at": 1712269698.605667}
{"obj": {"type": "LogFloats", "path": ["monitoring", "4d72a671", "cpu"], "values": [{"value": 15.4, "step": null, "ts": 1712269708.609217}]}, "version": 3357, "at": 1712269708.609501}
{"obj": {"type": "LogFloats", "path": ["monitoring", "4d72a671", "memory"], "values": [{"value": 9.835647583007812, "step": null, "ts": 1712269708.609217}]}, "version": 3358, "at": 1712269708.6096928}
{"obj": {"type": "LogFloats", "path": ["monitoring", "4d72a671", "cpu"], "values": [{"value": 18.8, "step": null, "ts": 1712269718.613217}]}, "version": 3359, "at": 1712269718.613492}
{"obj": {"type": "LogFloats", "path": ["monitoring", "4d72a671", "memory"], "values": [{"value": 9.894111633300781, "step": null, "ts": 1712269718.613217}]}, "version": 3360, "at": 1712269718.6137831}
{"obj": {"type": "LogFloats", "path": ["monitoring", "4d72a671", "cpu"], "values": [{"value": 22.3, "step": null, "ts": 1712269728.618237}]}, "version": 3361, "at": 1712269728.6186109}
{"obj": {"type": "LogFloats", "path": ["monitoring", "4d72a671", "memory"], "values": [{"value": 9.955215454101562, "step": null, "ts": 1712269728.618237}]}, "version": 3362, "at": 1712269728.6188102}
{"obj": {"type": "LogFloats", "path": ["monitoring", "4d72a671", "cpu"], "values": [{"value": 25.8, "step": null, "ts": 1712269738.619272}]}, "version": 3363, "at": 1712269738.619515}
{"obj": {"type": "LogFloats", "path": ["monitoring", "4d72a671", "memory"], "values": [{"value": 10.226451873779297, "step": null, "ts": 1712269738.619272}]}, "version": 3364, "at": 1712269738.6197}
{"obj": {"type": "LogFloats", "path": ["monitoring", "4d72a671", "cpu"], "values": [{"value": 24.6, "step": null, "ts": 1712269748.623117}]}, "version": 3365, "at": 1712269748.623332}
{"obj": {"type": "LogFloats", "path": ["monitoring", "4d72a671", "memory"], "values": [{"value": 10.368610382080078, "step": null, "ts": 1712269748.623117}]}, "version": 3366, "at": 1712269748.623521}
{"obj": {"type": "LogFloats", "path": ["monitoring", "4d72a671", "cpu"], "values": [{"value": 17.3, "step": null, "ts": 1712269758.628273}]}, "version": 3367, "at": 1712269758.6284852}
{"obj": {"type": "LogFloats", "path": ["monitoring", "4d72a671", "memory"], "values": [{"value": 10.043609619140625, "step": null, "ts": 1712269758.628273}]}, "version": 3368, "at": 1712269758.6286778}
{"obj": {"type": "LogFloats", "path": ["monitoring", "4d72a671", "cpu"], "values": [{"value": 15.3, "step": null, "ts": 1712269768.6330712}]}, "version": 3369, "at": 1712269768.6333172}
{"obj": {"type": "LogFloats", "path": ["monitoring", "4d72a671", "memory"], "values": [{"value": 9.954891204833984, "step": null, "ts": 1712269768.6330712}]}, "version": 3370, "at": 1712269768.6335151}
{"obj": {"type": "LogFloats", "path": ["monitoring", "4d72a671", "cpu"], "values": [{"value": 16.4, "step": null, "ts": 1712269778.636103}]}, "version": 3371, "at": 1712269778.6363142}
{"obj": {"type": "LogFloats", "path": ["monitoring", "4d72a671", "memory"], "values": [{"value": 9.936592102050781, "step": null, "ts": 1712269778.636103}]}, "version": 3372, "at": 1712269778.636502}
{"obj": {"type": "LogFloats", "path": ["monitoring", "4d72a671", "cpu"], "values": [{"value": 15.8, "step": null, "ts": 1712269788.641032}]}, "version": 3373, "at": 1712269788.641272}
{"obj": {"type": "LogFloats", "path": ["monitoring", "4d72a671", "memory"], "values": [{"value": 9.94045639038086, "step": null, "ts": 1712269788.641032}]}, "version": 3374, "at": 1712269788.641481}
{"obj": {"type": "LogFloats", "path": ["monitoring", "4d72a671", "cpu"], "values": [{"value": 18.6, "step": null, "ts": 1712269798.644211}]}, "version": 3375, "at": 1712269798.644427}
{"obj": {"type": "LogFloats", "path": ["monitoring", "4d72a671", "memory"], "values": [{"value": 10.02395248413086, "step": null, "ts": 1712269798.644211}]}, "version": 3376, "at": 1712269798.644618}
{"obj": {"type": "LogFloats", "path": ["monitoring", "4d72a671", "cpu"], "values": [{"value": 22.2, "step": null, "ts": 1712269808.647747}]}, "version": 3377, "at": 1712269808.6479821}
{"obj": {"type": "LogFloats", "path": ["monitoring", "4d72a671", "memory"], "values": [{"value": 10.036540985107422, "step": null, "ts": 1712269808.647747}]}, "version": 3378, "at": 1712269808.648191}
{"obj": {"type": "LogFloats", "path": ["monitoring", "4d72a671", "cpu"], "values": [{"value": 22.9, "step": null, "ts": 1712269818.651138}]}, "version": 3379, "at": 1712269818.651351}
{"obj": {"type": "LogFloats", "path": ["monitoring", "4d72a671", "memory"], "values": [{"value": 10.078922271728516, "step": null, "ts": 1712269818.651138}]}, "version": 3380, "at": 1712269818.651524}
{"obj": {"type": "LogFloats", "path": ["monitoring", "4d72a671", "cpu"], "values": [{"value": 20.7, "step": null, "ts": 1712269828.655485}]}, "version": 3381, "at": 1712269828.655694}
{"obj": {"type": "LogFloats", "path": ["monitoring", "4d72a671", "memory"], "values": [{"value": 10.048545837402344, "step": null, "ts": 1712269828.655485}]}, "version": 3382, "at": 1712269828.655892}
{"obj": {"type": "LogFloats", "path": ["monitoring", "4d72a671", "cpu"], "values": [{"value": 20.2, "step": null, "ts": 1712269838.6597528}]}, "version": 3383, "at": 1712269838.660031}
{"obj": {"type": "LogFloats", "path": ["monitoring", "4d72a671", "memory"], "values": [{"value": 10.009929656982422, "step": null, "ts": 1712269838.6597528}]}, "version": 3384, "at": 1712269838.6602309}
{"obj": {"type": "LogFloats", "path": ["monitoring", "4d72a671", "cpu"], "values": [{"value": 21.3, "step": null, "ts": 1712269848.661577}]}, "version": 3385, "at": 1712269848.661792}
{"obj": {"type": "LogFloats", "path": ["monitoring", "4d72a671", "memory"], "values": [{"value": 10.055530548095703, "step": null, "ts": 1712269848.661577}]}, "version": 3386, "at": 1712269848.661988}
{"obj": {"type": "LogFloats", "path": ["monitoring", "4d72a671", "cpu"], "values": [{"value": 18.8, "step": null, "ts": 1712269858.666446}]}, "version": 3387, "at": 1712269858.666689}
{"obj": {"type": "LogFloats", "path": ["monitoring", "4d72a671", "memory"], "values": [{"value": 10.126644134521484, "step": null, "ts": 1712269858.666446}]}, "version": 3388, "at": 1712269858.666954}
{"obj": {"type": "LogFloats", "path": ["monitoring", "4d72a671", "cpu"], "values": [{"value": 19.4, "step": null, "ts": 1712269868.669526}]}, "version": 3389, "at": 1712269868.669792}
{"obj": {"type": "LogFloats", "path": ["monitoring", "4d72a671", "memory"], "values": [{"value": 10.061111450195312, "step": null, "ts": 1712269868.669526}]}, "version": 3390, "at": 1712269868.670033}
{"obj": {"type": "LogFloats", "path": ["monitoring", "4d72a671", "cpu"], "values": [{"value": 29.1, "step": null, "ts": 1712269878.6742332}]}, "version": 3391, "at": 1712269878.674421}
{"obj": {"type": "LogFloats", "path": ["monitoring", "4d72a671", "memory"], "values": [{"value": 10.35073471069336, "step": null, "ts": 1712269878.6742332}]}, "version": 3392, "at": 1712269878.674769}
{"obj": {"type": "LogFloats", "path": ["monitoring", "4d72a671", "cpu"], "values": [{"value": 24.5, "step": null, "ts": 1712269888.6798341}]}, "version": 3393, "at": 1712269888.680167}
{"obj": {"type": "LogFloats", "path": ["monitoring", "4d72a671", "memory"], "values": [{"value": 10.525810241699219, "step": null, "ts": 1712269888.6798341}]}, "version": 3394, "at": 1712269888.6804411}
{"obj": {"type": "LogFloats", "path": ["monitoring", "4d72a671", "cpu"], "values": [{"value": 17.1, "step": null, "ts": 1712269898.683029}]}, "version": 3395, "at": 1712269898.683268}
{"obj": {"type": "LogFloats", "path": ["monitoring", "4d72a671", "memory"], "values": [{"value": 10.26043701171875, "step": null, "ts": 1712269898.683029}]}, "version": 3396, "at": 1712269898.68346}
{"obj": {"type": "LogFloats", "path": ["monitoring", "4d72a671", "cpu"], "values": [{"value": 18.7, "step": null, "ts": 1712269908.685725}]}, "version": 3397, "at": 1712269908.685968}
{"obj": {"type": "LogFloats", "path": ["monitoring", "4d72a671", "memory"], "values": [{"value": 10.262256622314453, "step": null, "ts": 1712269908.685725}]}, "version": 3398, "at": 1712269908.686156}
{"obj": {"type": "LogFloats", "path": ["monitoring", "4d72a671", "cpu"], "values": [{"value": 14.9, "step": null, "ts": 1712269918.686326}]}, "version": 3399, "at": 1712269918.686555}
{"obj": {"type": "LogFloats", "path": ["monitoring", "4d72a671", "memory"], "values": [{"value": 10.22393798828125, "step": null, "ts": 1712269918.686326}]}, "version": 3400, "at": 1712269918.686749}
{"obj": {"type": "LogFloats", "path": ["monitoring", "4d72a671", "cpu"], "values": [{"value": 20.3, "step": null, "ts": 1712269928.688871}]}, "version": 3401, "at": 1712269928.689107}
{"obj": {"type": "LogFloats", "path": ["monitoring", "4d72a671", "memory"], "values": [{"value": 10.311229705810547, "step": null, "ts": 1712269928.688871}]}, "version": 3402, "at": 1712269928.689301}
{"obj": {"type": "LogFloats", "path": ["monitoring", "4d72a671", "cpu"], "values": [{"value": 18.7, "step": null, "ts": 1712269938.6935968}]}, "version": 3403, "at": 1712269938.693939}
{"obj": {"type": "LogFloats", "path": ["monitoring", "4d72a671", "memory"], "values": [{"value": 10.32357406616211, "step": null, "ts": 1712269938.6935968}]}, "version": 3404, "at": 1712269938.694338}
{"obj": {"type": "LogFloats", "path": ["monitoring", "4d72a671", "cpu"], "values": [{"value": 24.1, "step": null, "ts": 1712269948.698528}]}, "version": 3405, "at": 1712269948.698775}
{"obj": {"type": "LogFloats", "path": ["monitoring", "4d72a671", "memory"], "values": [{"value": 10.506542205810547, "step": null, "ts": 1712269948.698528}]}, "version": 3406, "at": 1712269948.699031}
{"obj": {"type": "LogFloats", "path": ["monitoring", "4d72a671", "cpu"], "values": [{"value": 56.6, "step": null, "ts": 1712269958.700054}]}, "version": 3407, "at": 1712269958.7003882}
{"obj": {"type": "LogFloats", "path": ["monitoring", "4d72a671", "memory"], "values": [{"value": 10.55682373046875, "step": null, "ts": 1712269958.700054}]}, "version": 3408, "at": 1712269958.700759}
{"obj": {"type": "LogFloats", "path": ["monitoring", "4d72a671", "cpu"], "values": [{"value": 55.3, "step": null, "ts": 1712269968.706062}]}, "version": 3409, "at": 1712269968.706421}
{"obj": {"type": "LogFloats", "path": ["monitoring", "4d72a671", "memory"], "values": [{"value": 10.166343688964844, "step": null, "ts": 1712269968.706062}]}, "version": 3410, "at": 1712269968.70662}
{"obj": {"type": "LogFloats", "path": ["monitoring", "4d72a671", "cpu"], "values": [{"value": 22.0, "step": null, "ts": 1712269978.710485}]}, "version": 3411, "at": 1712269978.7106829}
{"obj": {"type": "LogFloats", "path": ["monitoring", "4d72a671", "memory"], "values": [{"value": 10.11288833618164, "step": null, "ts": 1712269978.710485}]}, "version": 3412, "at": 1712269978.7108622}
{"obj": {"type": "LogFloats", "path": ["monitoring", "4d72a671", "cpu"], "values": [{"value": 23.5, "step": null, "ts": 1712269988.714336}]}, "version": 3413, "at": 1712269988.714724}
{"obj": {"type": "LogFloats", "path": ["monitoring", "4d72a671", "memory"], "values": [{"value": 10.10342788696289, "step": null, "ts": 1712269988.714336}]}, "version": 3414, "at": 1712269988.715038}
{"obj": {"type": "LogFloats", "path": ["monitoring", "4d72a671", "cpu"], "values": [{"value": 17.9, "step": null, "ts": 1712269998.716257}]}, "version": 3415, "at": 1712269998.716444}
{"obj": {"type": "LogFloats", "path": ["monitoring", "4d72a671", "memory"], "values": [{"value": 10.021625518798828, "step": null, "ts": 1712269998.716257}]}, "version": 3416, "at": 1712269998.7166138}
{"obj": {"type": "LogFloats", "path": ["monitoring", "4d72a671", "cpu"], "values": [{"value": 19.6, "step": null, "ts": 1712270008.721662}]}, "version": 3417, "at": 1712270008.7218611}
{"obj": {"type": "LogFloats", "path": ["monitoring", "4d72a671", "memory"], "values": [{"value": 10.110969543457031, "step": null, "ts": 1712270008.721662}]}, "version": 3418, "at": 1712270008.722035}
{"obj": {"type": "LogFloats", "path": ["monitoring", "4d72a671", "cpu"], "values": [{"value": 28.6, "step": null, "ts": 1712270018.7252312}]}, "version": 3419, "at": 1712270018.725478}
{"obj": {"type": "LogFloats", "path": ["monitoring", "4d72a671", "memory"], "values": [{"value": 10.17376708984375, "step": null, "ts": 1712270018.7252312}]}, "version": 3420, "at": 1712270018.725674}
{"obj": {"type": "LogFloats", "path": ["monitoring", "4d72a671", "cpu"], "values": [{"value": 20.5, "step": null, "ts": 1712270028.728181}]}, "version": 3421, "at": 1712270028.7285209}
{"obj": {"type": "LogFloats", "path": ["monitoring", "4d72a671", "memory"], "values": [{"value": 10.144458770751953, "step": null, "ts": 1712270028.728181}]}, "version": 3422, "at": 1712270028.728944}
{"obj": {"type": "LogFloats", "path": ["monitoring", "4d72a671", "cpu"], "values": [{"value": 28.3, "step": null, "ts": 1712270038.729256}]}, "version": 3423, "at": 1712270038.729609}
{"obj": {"type": "LogFloats", "path": ["monitoring", "4d72a671", "memory"], "values": [{"value": 10.38812255859375, "step": null, "ts": 1712270038.729256}]}, "version": 3424, "at": 1712270038.73007}
{"obj": {"type": "LogFloats", "path": ["monitoring", "4d72a671", "cpu"], "values": [{"value": 27.8, "step": null, "ts": 1712270048.7343612}]}, "version": 3425, "at": 1712270048.7346702}
{"obj": {"type": "LogFloats", "path": ["monitoring", "4d72a671", "memory"], "values": [{"value": 10.350055694580078, "step": null, "ts": 1712270048.7343612}]}, "version": 3426, "at": 1712270048.735002}
{"obj": {"type": "LogFloats", "path": ["monitoring", "4d72a671", "cpu"], "values": [{"value": 23.8, "step": null, "ts": 1712270058.736714}]}, "version": 3427, "at": 1712270058.736923}
{"obj": {"type": "LogFloats", "path": ["monitoring", "4d72a671", "memory"], "values": [{"value": 10.175529479980469, "step": null, "ts": 1712270058.736714}]}, "version": 3428, "at": 1712270058.737111}
{"obj": {"type": "LogFloats", "path": ["monitoring", "4d72a671", "cpu"], "values": [{"value": 19.8, "step": null, "ts": 1712270068.737552}]}, "version": 3429, "at": 1712270068.737803}
{"obj": {"type": "LogFloats", "path": ["monitoring", "4d72a671", "memory"], "values": [{"value": 10.121036529541016, "step": null, "ts": 1712270068.737552}]}, "version": 3430, "at": 1712270068.738088}
{"obj": {"type": "LogFloats", "path": ["monitoring", "4d72a671", "cpu"], "values": [{"value": 19.8, "step": null, "ts": 1712270078.743263}]}, "version": 3431, "at": 1712270078.743478}
{"obj": {"type": "LogFloats", "path": ["monitoring", "4d72a671", "memory"], "values": [{"value": 10.102668762207031, "step": null, "ts": 1712270078.743263}]}, "version": 3432, "at": 1712270078.743664}
{"obj": {"type": "LogFloats", "path": ["monitoring", "4d72a671", "cpu"], "values": [{"value": 21.1, "step": null, "ts": 1712270088.748618}]}, "version": 3433, "at": 1712270088.748807}
{"obj": {"type": "LogFloats", "path": ["monitoring", "4d72a671", "memory"], "values": [{"value": 10.13669204711914, "step": null, "ts": 1712270088.748618}]}, "version": 3434, "at": 1712270088.748974}
{"obj": {"type": "LogFloats", "path": ["monitoring", "4d72a671", "cpu"], "values": [{"value": 22.6, "step": null, "ts": 1712270098.752616}]}, "version": 3435, "at": 1712270098.75288}
{"obj": {"type": "LogFloats", "path": ["monitoring", "4d72a671", "memory"], "values": [{"value": 10.144554138183594, "step": null, "ts": 1712270098.752616}]}, "version": 3436, "at": 1712270098.75323}
{"obj": {"type": "LogFloats", "path": ["monitoring", "4d72a671", "cpu"], "values": [{"value": 19.5, "step": null, "ts": 1712270108.756114}]}, "version": 3437, "at": 1712270108.756361}
{"obj": {"type": "LogFloats", "path": ["monitoring", "4d72a671", "memory"], "values": [{"value": 10.1083984375, "step": null, "ts": 1712270108.756114}]}, "version": 3438, "at": 1712270108.756593}
{"obj": {"type": "LogFloats", "path": ["monitoring", "4d72a671", "cpu"], "values": [{"value": 20.4, "step": null, "ts": 1712270118.7578082}]}, "version": 3439, "at": 1712270118.758026}
{"obj": {"type": "LogFloats", "path": ["monitoring", "4d72a671", "memory"], "values": [{"value": 9.99582290649414, "step": null, "ts": 1712270118.7578082}]}, "version": 3440, "at": 1712270118.758226}
{"obj": {"type": "LogFloats", "path": ["monitoring", "4d72a671", "cpu"], "values": [{"value": 24.9, "step": null, "ts": 1712270128.759418}]}, "version": 3441, "at": 1712270128.7596521}
{"obj": {"type": "LogFloats", "path": ["monitoring", "4d72a671", "memory"], "values": [{"value": 10.150382995605469, "step": null, "ts": 1712270128.759418}]}, "version": 3442, "at": 1712270128.760021}
{"obj": {"type": "LogFloats", "path": ["monitoring", "4d72a671", "cpu"], "values": [{"value": 26.5, "step": null, "ts": 1712270138.7651}]}, "version": 3443, "at": 1712270138.7653189}
{"obj": {"type": "LogFloats", "path": ["monitoring", "4d72a671", "memory"], "values": [{"value": 10.174297332763672, "step": null, "ts": 1712270138.7651}]}, "version": 3444, "at": 1712270138.765604}
{"obj": {"type": "LogFloats", "path": ["monitoring", "4d72a671", "cpu"], "values": [{"value": 27.3, "step": null, "ts": 1712270148.769226}]}, "version": 3445, "at": 1712270148.76945}
{"obj": {"type": "LogFloats", "path": ["monitoring", "4d72a671", "memory"], "values": [{"value": 10.270557403564453, "step": null, "ts": 1712270148.769226}]}, "version": 3446, "at": 1712270148.769683}
{"obj": {"type": "LogFloats", "path": ["monitoring", "4d72a671", "cpu"], "values": [{"value": 22.6, "step": null, "ts": 1712270158.7749171}]}, "version": 3447, "at": 1712270158.775132}
{"obj": {"type": "LogFloats", "path": ["monitoring", "4d72a671", "memory"], "values": [{"value": 10.191383361816406, "step": null, "ts": 1712270158.7749171}]}, "version": 3448, "at": 1712270158.7753222}
{"obj": {"type": "LogFloats", "path": ["monitoring", "4d72a671", "cpu"], "values": [{"value": 22.5, "step": null, "ts": 1712270168.7755048}]}, "version": 3449, "at": 1712270168.775697}
{"obj": {"type": "LogFloats", "path": ["monitoring", "4d72a671", "memory"], "values": [{"value": 10.183547973632812, "step": null, "ts": 1712270168.7755048}]}, "version": 3450, "at": 1712270168.7758772}
{"obj": {"type": "LogFloats", "path": ["monitoring", "4d72a671", "cpu"], "values": [{"value": 24.1, "step": null, "ts": 1712270178.778241}]}, "version": 3451, "at": 1712270178.778442}
{"obj": {"type": "LogFloats", "path": ["monitoring", "4d72a671", "memory"], "values": [{"value": 10.196311950683594, "step": null, "ts": 1712270178.778241}]}, "version": 3452, "at": 1712270178.778618}
{"obj": {"type": "LogFloats", "path": ["monitoring", "4d72a671", "cpu"], "values": [{"value": 19.4, "step": null, "ts": 1712270188.780362}]}, "version": 3453, "at": 1712270188.7805572}
{"obj": {"type": "LogFloats", "path": ["monitoring", "4d72a671", "memory"], "values": [{"value": 10.12874984741211, "step": null, "ts": 1712270188.780362}]}, "version": 3454, "at": 1712270188.780736}
{"obj": {"type": "LogFloats", "path": ["monitoring", "4d72a671", "cpu"], "values": [{"value": 21.6, "step": null, "ts": 1712270198.785296}]}, "version": 3455, "at": 1712270198.785491}
{"obj": {"type": "LogFloats", "path": ["monitoring", "4d72a671", "memory"], "values": [{"value": 10.16229248046875, "step": null, "ts": 1712270198.785296}]}, "version": 3456, "at": 1712270198.7857192}
{"obj": {"type": "LogFloats", "path": ["monitoring", "4d72a671", "cpu"], "values": [{"value": 21.1, "step": null, "ts": 1712270208.786247}]}, "version": 3457, "at": 1712270208.786471}
{"obj": {"type": "LogFloats", "path": ["monitoring", "4d72a671", "memory"], "values": [{"value": 10.123451232910156, "step": null, "ts": 1712270208.786247}]}, "version": 3458, "at": 1712270208.786744}
{"obj": {"type": "LogFloats", "path": ["monitoring", "4d72a671", "cpu"], "values": [{"value": 21.1, "step": null, "ts": 1712270218.78811}]}, "version": 3459, "at": 1712270218.788328}
{"obj": {"type": "LogFloats", "path": ["monitoring", "4d72a671", "memory"], "values": [{"value": 10.125389099121094, "step": null, "ts": 1712270218.78811}]}, "version": 3460, "at": 1712270218.78867}
{"obj": {"type": "LogFloats", "path": ["monitoring", "4d72a671", "cpu"], "values": [{"value": 22.4, "step": null, "ts": 1712270228.789116}]}, "version": 3461, "at": 1712270228.789417}
{"obj": {"type": "LogFloats", "path": ["monitoring", "4d72a671", "memory"], "values": [{"value": 10.135879516601562, "step": null, "ts": 1712270228.789116}]}, "version": 3462, "at": 1712270228.789655}
{"obj": {"type": "LogFloats", "path": ["monitoring", "4d72a671", "cpu"], "values": [{"value": 24.8, "step": null, "ts": 1712270238.792646}]}, "version": 3463, "at": 1712270238.792904}
{"obj": {"type": "LogFloats", "path": ["monitoring", "4d72a671", "memory"], "values": [{"value": 10.13363265991211, "step": null, "ts": 1712270238.792646}]}, "version": 3464, "at": 1712270238.7933052}
{"obj": {"type": "LogFloats", "path": ["monitoring", "4d72a671", "cpu"], "values": [{"value": 25.4, "step": null, "ts": 1712270248.797774}]}, "version": 3465, "at": 1712270248.797966}
{"obj": {"type": "LogFloats", "path": ["monitoring", "4d72a671", "memory"], "values": [{"value": 10.262943267822266, "step": null, "ts": 1712270248.797774}]}, "version": 3466, "at": 1712270248.7981598}
{"obj": {"type": "LogFloats", "path": ["monitoring", "4d72a671", "cpu"], "values": [{"value": 25.8, "step": null, "ts": 1712270258.80016}]}, "version": 3467, "at": 1712270258.8004742}
{"obj": {"type": "LogFloats", "path": ["monitoring", "4d72a671", "memory"], "values": [{"value": 10.241531372070312, "step": null, "ts": 1712270258.80016}]}, "version": 3468, "at": 1712270258.800717}
{"obj": {"type": "LogFloats", "path": ["monitoring", "4d72a671", "cpu"], "values": [{"value": 24.0, "step": null, "ts": 1712270268.80103}]}, "version": 3469, "at": 1712270268.801237}
{"obj": {"type": "LogFloats", "path": ["monitoring", "4d72a671", "memory"], "values": [{"value": 10.168907165527344, "step": null, "ts": 1712270268.80103}]}, "version": 3470, "at": 1712270268.801409}
{"obj": {"type": "LogFloats", "path": ["monitoring", "4d72a671", "cpu"], "values": [{"value": 26.8, "step": null, "ts": 1712270278.805654}]}, "version": 3471, "at": 1712270278.8058481}
{"obj": {"type": "LogFloats", "path": ["monitoring", "4d72a671", "memory"], "values": [{"value": 10.204959869384766, "step": null, "ts": 1712270278.805654}]}, "version": 3472, "at": 1712270278.806019}
{"obj": {"type": "LogFloats", "path": ["monitoring", "4d72a671", "cpu"], "values": [{"value": 38.7, "step": null, "ts": 1712270288.810969}]}, "version": 3473, "at": 1712270288.8113081}
{"obj": {"type": "LogFloats", "path": ["monitoring", "4d72a671", "memory"], "values": [{"value": 10.401008605957031, "step": null, "ts": 1712270288.810969}]}, "version": 3474, "at": 1712270288.811551}
{"obj": {"type": "LogFloats", "path": ["monitoring", "4d72a671", "cpu"], "values": [{"value": 20.5, "step": null, "ts": 1712270298.8160121}]}, "version": 3475, "at": 1712270298.816256}
{"obj": {"type": "LogFloats", "path": ["monitoring", "4d72a671", "memory"], "values": [{"value": 10.15716552734375, "step": null, "ts": 1712270298.8160121}]}, "version": 3476, "at": 1712270298.816447}
{"obj": {"type": "LogFloats", "path": ["monitoring", "4d72a671", "cpu"], "values": [{"value": 25.6, "step": null, "ts": 1712270308.81657}]}, "version": 3477, "at": 1712270308.816809}
{"obj": {"type": "LogFloats", "path": ["monitoring", "4d72a671", "memory"], "values": [{"value": 10.014717102050781, "step": null, "ts": 1712270308.81657}]}, "version": 3478, "at": 1712270308.816998}
{"obj": {"type": "LogFloats", "path": ["monitoring", "4d72a671", "cpu"], "values": [{"value": 30.5, "step": null, "ts": 1712270318.8203468}]}, "version": 3479, "at": 1712270318.820618}
{"obj": {"type": "LogFloats", "path": ["monitoring", "4d72a671", "memory"], "values": [{"value": 9.983222961425781, "step": null, "ts": 1712270318.8203468}]}, "version": 3480, "at": 1712270318.8210618}
{"obj": {"type": "LogFloats", "path": ["monitoring", "4d72a671", "cpu"], "values": [{"value": 31.9, "step": null, "ts": 1712270328.824237}]}, "version": 3481, "at": 1712270328.8244789}
{"obj": {"type": "LogFloats", "path": ["monitoring", "4d72a671", "memory"], "values": [{"value": 10.128768920898438, "step": null, "ts": 1712270328.824237}]}, "version": 3482, "at": 1712270328.824655}
{"obj": {"type": "LogFloats", "path": ["monitoring", "4d72a671", "cpu"], "values": [{"value": 21.5, "step": null, "ts": 1712270338.8297548}]}, "version": 3483, "at": 1712270338.829973}
{"obj": {"type": "LogFloats", "path": ["monitoring", "4d72a671", "memory"], "values": [{"value": 10.101547241210938, "step": null, "ts": 1712270338.8297548}]}, "version": 3484, "at": 1712270338.83016}
{"obj": {"type": "LogFloats", "path": ["monitoring", "4d72a671", "cpu"], "values": [{"value": 27.0, "step": null, "ts": 1712270348.8313851}]}, "version": 3485, "at": 1712270348.831638}
{"obj": {"type": "LogFloats", "path": ["monitoring", "4d72a671", "memory"], "values": [{"value": 10.196975708007812, "step": null, "ts": 1712270348.8313851}]}, "version": 3486, "at": 1712270348.831821}
{"obj": {"type": "LogFloats", "path": ["monitoring", "4d72a671", "cpu"], "values": [{"value": 24.2, "step": null, "ts": 1712270358.836949}]}, "version": 3487, "at": 1712270358.837163}
{"obj": {"type": "LogFloats", "path": ["monitoring", "4d72a671", "memory"], "values": [{"value": 10.17154312133789, "step": null, "ts": 1712270358.836949}]}, "version": 3488, "at": 1712270358.837337}
{"obj": {"type": "LogFloats", "path": ["monitoring", "4d72a671", "cpu"], "values": [{"value": 20.5, "step": null, "ts": 1712270368.841457}]}, "version": 3489, "at": 1712270368.84166}
{"obj": {"type": "LogFloats", "path": ["monitoring", "4d72a671", "memory"], "values": [{"value": 10.158409118652344, "step": null, "ts": 1712270368.841457}]}, "version": 3490, "at": 1712270368.841841}
{"obj": {"type": "LogFloats", "path": ["monitoring", "4d72a671", "cpu"], "values": [{"value": 25.5, "step": null, "ts": 1712270378.846783}]}, "version": 3491, "at": 1712270378.8470569}
{"obj": {"type": "LogFloats", "path": ["monitoring", "4d72a671", "memory"], "values": [{"value": 10.29617691040039, "step": null, "ts": 1712270378.846783}]}, "version": 3492, "at": 1712270378.8473349}
{"obj": {"type": "LogFloats", "path": ["monitoring", "4d72a671", "cpu"], "values": [{"value": 25.7, "step": null, "ts": 1712270388.8524249}]}, "version": 3493, "at": 1712270388.8527339}
{"obj": {"type": "LogFloats", "path": ["monitoring", "4d72a671", "memory"], "values": [{"value": 10.305816650390625, "step": null, "ts": 1712270388.8524249}]}, "version": 3494, "at": 1712270388.853037}
{"obj": {"type": "LogFloats", "path": ["monitoring", "4d72a671", "cpu"], "values": [{"value": 18.9, "step": null, "ts": 1712270398.85815}]}, "version": 3495, "at": 1712270398.858368}
{"obj": {"type": "LogFloats", "path": ["monitoring", "4d72a671", "memory"], "values": [{"value": 10.160503387451172, "step": null, "ts": 1712270398.85815}]}, "version": 3496, "at": 1712270398.8585632}
{"obj": {"type": "LogFloats", "path": ["monitoring", "4d72a671", "cpu"], "values": [{"value": 20.5, "step": null, "ts": 1712270408.863116}]}, "version": 3497, "at": 1712270408.863355}
{"obj": {"type": "LogFloats", "path": ["monitoring", "4d72a671", "memory"], "values": [{"value": 10.068157196044922, "step": null, "ts": 1712270408.863116}]}, "version": 3498, "at": 1712270408.863541}
{"obj": {"type": "LogFloats", "path": ["monitoring", "4d72a671", "cpu"], "values": [{"value": 20.5, "step": null, "ts": 1712270418.865263}]}, "version": 3499, "at": 1712270418.865477}
{"obj": {"type": "LogFloats", "path": ["monitoring", "4d72a671", "memory"], "values": [{"value": 10.066360473632812, "step": null, "ts": 1712270418.865263}]}, "version": 3500, "at": 1712270418.865647}
{"obj": {"type": "LogFloats", "path": ["monitoring", "4d72a671", "cpu"], "values": [{"value": 27.5, "step": null, "ts": 1712270428.866294}]}, "version": 3501, "at": 1712270428.866515}
{"obj": {"type": "LogFloats", "path": ["monitoring", "4d72a671", "memory"], "values": [{"value": 10.175888061523438, "step": null, "ts": 1712270428.866294}]}, "version": 3502, "at": 1712270428.866689}
{"obj": {"type": "LogFloats", "path": ["monitoring", "4d72a671", "cpu"], "values": [{"value": 22.3, "step": null, "ts": 1712270438.8717551}]}, "version": 3503, "at": 1712270438.871951}
{"obj": {"type": "LogFloats", "path": ["monitoring", "4d72a671", "memory"], "values": [{"value": 10.148082733154297, "step": null, "ts": 1712270438.8717551}]}, "version": 3504, "at": 1712270438.872231}
{"obj": {"type": "LogFloats", "path": ["monitoring", "4d72a671", "cpu"], "values": [{"value": 21.9, "step": null, "ts": 1712270448.874766}]}, "version": 3505, "at": 1712270448.8751402}
{"obj": {"type": "LogFloats", "path": ["monitoring", "4d72a671", "memory"], "values": [{"value": 10.204353332519531, "step": null, "ts": 1712270448.874766}]}, "version": 3506, "at": 1712270448.875464}
{"obj": {"type": "LogFloats", "path": ["monitoring", "4d72a671", "cpu"], "values": [{"value": 23.1, "step": null, "ts": 1712270458.8793721}]}, "version": 3507, "at": 1712270458.879669}
{"obj": {"type": "LogFloats", "path": ["monitoring", "4d72a671", "memory"], "values": [{"value": 10.244194030761719, "step": null, "ts": 1712270458.8793721}]}, "version": 3508, "at": 1712270458.879881}
{"obj": {"type": "LogFloats", "path": ["monitoring", "4d72a671", "cpu"], "values": [{"value": 24.1, "step": null, "ts": 1712270468.884983}]}, "version": 3509, "at": 1712270468.885227}
{"obj": {"type": "LogFloats", "path": ["monitoring", "4d72a671", "memory"], "values": [{"value": 10.184524536132812, "step": null, "ts": 1712270468.884983}]}, "version": 3510, "at": 1712270468.88543}
{"obj": {"type": "LogFloats", "path": ["monitoring", "4d72a671", "cpu"], "values": [{"value": 21.1, "step": null, "ts": 1712270478.88978}]}, "version": 3511, "at": 1712270478.889996}
{"obj": {"type": "LogFloats", "path": ["monitoring", "4d72a671", "memory"], "values": [{"value": 9.99826431274414, "step": null, "ts": 1712270478.88978}]}, "version": 3512, "at": 1712270478.8902102}
{"obj": {"type": "LogFloats", "path": ["monitoring", "4d72a671", "cpu"], "values": [{"value": 25.1, "step": null, "ts": 1712270488.891714}]}, "version": 3513, "at": 1712270488.891957}
{"obj": {"type": "LogFloats", "path": ["monitoring", "4d72a671", "memory"], "values": [{"value": 10.006332397460938, "step": null, "ts": 1712270488.891714}]}, "version": 3514, "at": 1712270488.892236}
{"obj": {"type": "LogFloats", "path": ["monitoring", "4d72a671", "cpu"], "values": [{"value": 27.9, "step": null, "ts": 1712270498.895881}]}, "version": 3515, "at": 1712270498.896061}
{"obj": {"type": "LogFloats", "path": ["monitoring", "4d72a671", "memory"], "values": [{"value": 10.112869262695312, "step": null, "ts": 1712270498.895881}]}, "version": 3516, "at": 1712270498.896234}
{"obj": {"type": "LogFloats", "path": ["monitoring", "4d72a671", "cpu"], "values": [{"value": 21.9, "step": null, "ts": 1712270508.8972092}]}, "version": 3517, "at": 1712270508.897516}
{"obj": {"type": "LogFloats", "path": ["monitoring", "4d72a671", "memory"], "values": [{"value": 10.094741821289062, "step": null, "ts": 1712270508.8972092}]}, "version": 3518, "at": 1712270508.897704}
{"obj": {"type": "LogFloats", "path": ["monitoring", "4d72a671", "cpu"], "values": [{"value": 24.7, "step": null, "ts": 1712270518.89857}]}, "version": 3519, "at": 1712270518.898785}
{"obj": {"type": "LogFloats", "path": ["monitoring", "4d72a671", "memory"], "values": [{"value": 10.335441589355469, "step": null, "ts": 1712270518.89857}]}, "version": 3520, "at": 1712270518.898975}
{"obj": {"type": "LogFloats", "path": ["monitoring", "4d72a671", "cpu"], "values": [{"value": 25.3, "step": null, "ts": 1712270528.904062}]}, "version": 3521, "at": 1712270528.9043}
{"obj": {"type": "LogFloats", "path": ["monitoring", "4d72a671", "memory"], "values": [{"value": 10.299869537353516, "step": null, "ts": 1712270528.904062}]}, "version": 3522, "at": 1712270528.904491}
{"obj": {"type": "LogFloats", "path": ["monitoring", "4d72a671", "cpu"], "values": [{"value": 23.7, "step": null, "ts": 1712270538.906316}]}, "version": 3523, "at": 1712270538.906529}
{"obj": {"type": "LogFloats", "path": ["monitoring", "4d72a671", "memory"], "values": [{"value": 10.282241821289062, "step": null, "ts": 1712270538.906316}]}, "version": 3524, "at": 1712270538.906722}
{"obj": {"type": "LogFloats", "path": ["monitoring", "4d72a671", "cpu"], "values": [{"value": 22.3, "step": null, "ts": 1712270548.9091141}]}, "version": 3525, "at": 1712270548.909375}
{"obj": {"type": "LogFloats", "path": ["monitoring", "4d72a671", "memory"], "values": [{"value": 10.19272232055664, "step": null, "ts": 1712270548.9091141}]}, "version": 3526, "at": 1712270548.909782}
{"obj": {"type": "LogFloats", "path": ["monitoring", "4d72a671", "cpu"], "values": [{"value": 22.8, "step": null, "ts": 1712270558.911943}]}, "version": 3527, "at": 1712270558.912213}
{"obj": {"type": "LogFloats", "path": ["monitoring", "4d72a671", "memory"], "values": [{"value": 10.199573516845703, "step": null, "ts": 1712270558.911943}]}, "version": 3528, "at": 1712270558.9124181}
{"obj": {"type": "LogFloats", "path": ["monitoring", "4d72a671", "cpu"], "values": [{"value": 23.3, "step": null, "ts": 1712270568.91314}]}, "version": 3529, "at": 1712270568.9133282}
{"obj": {"type": "LogFloats", "path": ["monitoring", "4d72a671", "memory"], "values": [{"value": 10.274681091308594, "step": null, "ts": 1712270568.91314}]}, "version": 3530, "at": 1712270568.913504}
{"obj": {"type": "LogFloats", "path": ["monitoring", "4d72a671", "cpu"], "values": [{"value": 21.1, "step": null, "ts": 1712270578.914169}]}, "version": 3531, "at": 1712270578.914384}
{"obj": {"type": "LogFloats", "path": ["monitoring", "4d72a671", "memory"], "values": [{"value": 10.20733642578125, "step": null, "ts": 1712270578.914169}]}, "version": 3532, "at": 1712270578.9148118}
{"obj": {"type": "LogFloats", "path": ["monitoring", "4d72a671", "cpu"], "values": [{"value": 21.1, "step": null, "ts": 1712270588.9152472}]}, "version": 3533, "at": 1712270588.91551}
{"obj": {"type": "LogFloats", "path": ["monitoring", "4d72a671", "memory"], "values": [{"value": 10.167922973632812, "step": null, "ts": 1712270588.9152472}]}, "version": 3534, "at": 1712270588.915854}
{"obj": {"type": "LogFloats", "path": ["monitoring", "4d72a671", "cpu"], "values": [{"value": 23.9, "step": null, "ts": 1712270598.920819}]}, "version": 3535, "at": 1712270598.921033}
{"obj": {"type": "LogFloats", "path": ["monitoring", "4d72a671", "memory"], "values": [{"value": 10.260337829589844, "step": null, "ts": 1712270598.920819}]}, "version": 3536, "at": 1712270598.921205}
{"obj": {"type": "LogFloats", "path": ["monitoring", "4d72a671", "cpu"], "values": [{"value": 25.2, "step": null, "ts": 1712270608.923122}]}, "version": 3537, "at": 1712270608.923315}
{"obj": {"type": "LogFloats", "path": ["monitoring", "4d72a671", "memory"], "values": [{"value": 10.40926742553711, "step": null, "ts": 1712270608.923122}]}, "version": 3538, "at": 1712270608.923497}
{"obj": {"type": "LogFloats", "path": ["monitoring", "4d72a671", "cpu"], "values": [{"value": 24.6, "step": null, "ts": 1712270618.923795}]}, "version": 3539, "at": 1712270618.924054}
{"obj": {"type": "LogFloats", "path": ["monitoring", "4d72a671", "memory"], "values": [{"value": 10.171035766601562, "step": null, "ts": 1712270618.923795}]}, "version": 3540, "at": 1712270618.924255}
{"obj": {"type": "LogFloats", "path": ["monitoring", "4d72a671", "cpu"], "values": [{"value": 25.2, "step": null, "ts": 1712270628.926059}]}, "version": 3541, "at": 1712270628.9262981}
{"obj": {"type": "LogFloats", "path": ["monitoring", "4d72a671", "memory"], "values": [{"value": 10.370502471923828, "step": null, "ts": 1712270628.926059}]}, "version": 3542, "at": 1712270628.926522}
{"obj": {"type": "LogFloats", "path": ["monitoring", "4d72a671", "cpu"], "values": [{"value": 23.5, "step": null, "ts": 1712270638.9303648}]}, "version": 3543, "at": 1712270638.9306612}
{"obj": {"type": "LogFloats", "path": ["monitoring", "4d72a671", "memory"], "values": [{"value": 10.384689331054688, "step": null, "ts": 1712270638.9303648}]}, "version": 3544, "at": 1712270638.9311}
{"obj": {"type": "LogFloats", "path": ["monitoring", "4d72a671", "cpu"], "values": [{"value": 23.3, "step": null, "ts": 1712270648.9327412}]}, "version": 3545, "at": 1712270648.933089}
{"obj": {"type": "LogFloats", "path": ["monitoring", "4d72a671", "memory"], "values": [{"value": 10.207321166992188, "step": null, "ts": 1712270648.9327412}]}, "version": 3546, "at": 1712270648.933493}
{"obj": {"type": "LogFloats", "path": ["monitoring", "4d72a671", "cpu"], "values": [{"value": 23.2, "step": null, "ts": 1712270658.933784}]}, "version": 3547, "at": 1712270658.9339929}
{"obj": {"type": "LogFloats", "path": ["monitoring", "4d72a671", "memory"], "values": [{"value": 10.22903823852539, "step": null, "ts": 1712270658.933784}]}, "version": 3548, "at": 1712270658.934179}
{"obj": {"type": "LogFloats", "path": ["monitoring", "4d72a671", "cpu"], "values": [{"value": 22.7, "step": null, "ts": 1712270668.934438}]}, "version": 3549, "at": 1712270668.934697}
{"obj": {"type": "LogFloats", "path": ["monitoring", "4d72a671", "memory"], "values": [{"value": 10.061710357666016, "step": null, "ts": 1712270668.934438}]}, "version": 3550, "at": 1712270668.9349911}
{"obj": {"type": "LogFloats", "path": ["monitoring", "4d72a671", "cpu"], "values": [{"value": 25.9, "step": null, "ts": 1712270678.9372642}]}, "version": 3551, "at": 1712270678.937589}
{"obj": {"type": "LogFloats", "path": ["monitoring", "4d72a671", "memory"], "values": [{"value": 10.217632293701172, "step": null, "ts": 1712270678.9372642}]}, "version": 3552, "at": 1712270678.937758}
{"obj": {"type": "LogFloats", "path": ["monitoring", "4d72a671", "cpu"], "values": [{"value": 22.3, "step": null, "ts": 1712270688.940796}]}, "version": 3553, "at": 1712270688.9410079}
{"obj": {"type": "LogFloats", "path": ["monitoring", "4d72a671", "memory"], "values": [{"value": 10.183284759521484, "step": null, "ts": 1712270688.940796}]}, "version": 3554, "at": 1712270688.94118}
{"obj": {"type": "LogFloats", "path": ["monitoring", "4d72a671", "cpu"], "values": [{"value": 24.8, "step": null, "ts": 1712270698.944334}]}, "version": 3555, "at": 1712270698.944587}
{"obj": {"type": "LogFloats", "path": ["monitoring", "4d72a671", "memory"], "values": [{"value": 10.06954574584961, "step": null, "ts": 1712270698.944334}]}, "version": 3556, "at": 1712270698.944767}
{"obj": {"type": "LogFloats", "path": ["monitoring", "4d72a671", "cpu"], "values": [{"value": 25.2, "step": null, "ts": 1712270708.9463308}]}, "version": 3557, "at": 1712270708.946539}
{"obj": {"type": "LogFloats", "path": ["monitoring", "4d72a671", "memory"], "values": [{"value": 10.107349395751953, "step": null, "ts": 1712270708.9463308}]}, "version": 3558, "at": 1712270708.9467368}
